schreibung;lemma;tokens;entscheidung;begruendung;quellen
geczeldis;lemma_2361;115;ANLEGEN;[klar] Entschieden an den Belegen: Lemma lemma_2361 gezelt (NOM) passt in 'mitte | noch allem gleichnusse des [geczeldis] , | als ich dir czeige • Und allerl' (WZB_79va_16_1) und in '| vor vnserm herren zu der tur des [geczeldis] des geczeuknus vnd teilten die erde' (WZB_234rb_11_0). Nächste vorhandene Variante desselben Lemmas: 'gezeldes' (Unterschied c/-, i/e).;WZB-Belege (insgesamt 115): WZB_79va_16_1, WZB_81rb_7_3, WZB_81rb_20_2 | authority-files/variants.xml und lexicon.xml (Stand des Laufs)
dorumbe;lemma_30703;99;ANLEGEN;[klar] Entschieden an den Belegen: Lemma lemma_30703 darumbe (ADV) passt in 't aller cristenheit . • Got gebe in [dorumbe] czu lone • Des edeln himelriches cr' (WZB_2rb_23_2) und in 'was ich dir sulle tvn . • Nu legten [dorumbe] ir czirheit | von in von DUS dem pe' (WZB_90ra_34_0). Nächste vorhandene Variante desselben Lemmas: 'drumbe' (Unterschied o/-).;WZB-Belege (insgesamt 99): WZB_2rb_23_2, WZB_3va_23_2, WZB_3vb_13_2 | authority-files/variants.xml und lexicon.xml (Stand des Laufs)
geperte;lemma_1964;98;ANLEGEN;[klar] Entschieden an den Belegen: Lemma lemma_1964 gebern (NOM,VRB) passt in 'n noch seines svnes namen . Dornach [geperte] vnd geperte • vnd geperte • Und gep' (WZB_6ra_10_1) und in 'hter , die im geporn was in . | die [geperte] irem manne die svne vnd vnd , ir sw' (WZB_163ra_17_5). Nächste vorhandene Variante desselben Lemmas: 'gepert' (Unterschied e/-).;WZB-Belege (insgesamt 98): WZB_6ra_10_1, WZB_6ra_11_0, WZB_6ra_12_0 | authority-files/variants.xml und lexicon.xml (Stand des Laufs)
wustenunge;lemma_59071;92;ANLEGEN;[klar] Entschieden an den Belegen: Lemma lemma_59071 wüestenunge (NOM) passt in 'iunger schutcze • vnd wonte in der [wustenunge] . • vnd sein muter name im ein hous' (WZB_18vb_23_4) und in 'den , | vnd gewonet habt ir in der [wustenunge] lange czeit . Und ein gefuret hab i' (WZB_238vb_9_2). Nächste vorhandene Variante desselben Lemmas: 'wustenuenge' (Unterschied -/e).;WZB-Belege (insgesamt 92): WZB_18vb_23_4, WZB_36vb_21_4, WZB_38ra_14_7 | authority-files/variants.xml und lexicon.xml (Stand des Laufs)
besiczunge;lemma_44139;78;ANLEGEN;[klar] Entschieden an den Belegen: Lemma lemma_44139 besitzunge (NOM) passt in 'alle die erden • czu - einer ewigen [besiczunge] , vnd ich werde ir got . • Und aber' (WZB_14va_26_2) und in 'rt iunger lemmer , • Und was in der [besiczunge] der kinder . Und , der svn , starp' (WZB_239vb_18_1). Nächste vorhandene Variante desselben Lemmas: 'besitczunge' (Unterschied -/t).;WZB-Belege (insgesamt 78): WZB_14va_26_2, WZB_20rb_15_5, WZB_20va_19_2 | authority-files/variants.xml und lexicon.xml (Stand des Laufs)
scot;lemma_78668;69;ANLEGEN;[klar] Entschieden an den Belegen: Lemma lemma_78668 scot (NOM) passt in 'e ist vir hundert silbereiner schot [scot] wert . • Das ist das lon czwischen' (WZB_20va_3_2) und in 'gar einen guten | vnd czweihundert [scot] silbers vnd einen guldeinen mantil' (WZB_220va_17_3). Nächste vorhandene Variante desselben Lemmas: 'woltes' (Unterschied -/wolte, cot/-).;WZB-Belege (insgesamt 69): WZB_20va_3_2, WZB_21va_8_3, WZB_21va_10_1 | authority-files/variants.xml und lexicon.xml (Stand des Laufs)
housvrowen;lemma_2938;68;ANLEGEN;[klar] Entschieden an den Belegen: Lemma lemma_2938 hûsvrouwe (NOM) passt in 'fen sie in hant vnd die hant seiner [housvrowen] vnd seiner czweier e e e w pzde • t' (WZB_16vb_22_0) und in 'er gab im , sein tochter , zu einer [housvrowen] . • Die , | do sie czogen mit ein' (WZB_230ra_10_5). Nächste vorhandene Variante desselben Lemmas: 'husvrowen' (Unterschied o/-).;WZB-Belege (insgesamt 68): WZB_16vb_22_0, WZB_18ra_30_1, WZB_21ra_32_6 | authority-files/variants.xml und lexicon.xml (Stand des Laufs)
geczeuknusse;lemma_2367;56;ANLEGEN;[klar] Entschieden an den Belegen: Lemma lemma_2367 geziuge (NOM) passt in 'e vnsers herren . | in die lege das [geczeuknusse] , das ich dir gebe . • Von danne wi' (WZB_80ra_7_6) und in 'ht , diser stein wirt euch zu einem [geczeuknusse] , das ir gehort habet die wort vnse' (WZB_239va_27_5). Nächste vorhandene Variante desselben Lemmas: 'geczeugen' (Unterschied k/ge, usse/-).;WZB-Belege (insgesamt 56): WZB_80ra_7_6, WZB_82ra_6_1, WZB_82vb_31_2 | authority-files/variants.xml und lexicon.xml (Stand des Laufs)
geczelde;lemma_2361;50;ANLEGEN;[klar] Entschieden an den Belegen: Lemma lemma_2361 gezelt (NOM) passt in 'ln ouf gericht werden hinden an dem [geczelde] vnd werden zu samen gefugt von hind' (WZB_81va_12_3) und in 's , der do gestiftet ist vor seinem [geczelde] . • Do das erhorte , der priester ,' (WZB_237va_5_3). Nächste vorhandene Variante desselben Lemmas: 'gezelde' (Unterschied c/-).;WZB-Belege (insgesamt 50): WZB_81va_12_3, WZB_82vb_28_3, WZB_87vb_10_3 | authority-files/variants.xml und lexicon.xml (Stand des Laufs)
czigen;lemma_26851;49;ANLEGEN;[klar] Entschieden an den Belegen: Lemma lemma_26851 zige (ADJ,NOM) passt in 'rei ierige ku | vnd ein drei ierige [czigen] • ł vnd einen wider , der dreier ia' (WZB_13va_24_6) und in 'sullen sie des essen als der wilden [czigen] vnd des hirsen . • Das alleine salt' (WZB_192vb_21_3). Nächste vorhandene Variante desselben Lemmas: 'zigen' (Unterschied c/-).;WZB-Belege (insgesamt 49): WZB_13va_24_6, WZB_29vb_8_3, WZB_29vb_12_15 | authority-files/variants.xml und lexicon.xml (Stand des Laufs)
ousseczikeit;lemma_36171;46;ANLEGEN;[klar] Entschieden an den Belegen: Lemma lemma_36171 ûzsetzicheit (NOM) passt in 'leuchtendes , das ist der slac der [ousseczikeit] . Den fure man zu , dem priester ,' (WZB_110va_24_5) und in 'ch , das du icht vallest in den der [ousseczikeit] , svnder tu alles , | das dich lere' (WZB_201ra_12_4). Nächste vorhandene Variante desselben Lemmas: 'ausseczigkeit' (Unterschied o/a, -/g).;WZB-Belege (insgesamt 46): WZB_110va_24_5, WZB_110va_28_4, WZB_110va_31_3 | authority-files/variants.xml und lexicon.xml (Stand des Laufs)
toho;lemma_78628;45;PRUEFSEITE;Die Tokens sind tschechische Randglossen ('toho', 'pzde', 'zde', 'ʒbohem' in Wiederholungsketten am Rand). Das Lemma cs trägt als Variante bisher nur 'uri'. Mein Vorschlag: nicht anlegen, weil die Form keine Schreibvariante eines Wortes cs ist.;WZB-Belege (insgesamt 45): WZB_4rb_23_1, WZB_5rb_21_0, WZB_5rb_21_2 | authority-files/variants.xml und lexicon.xml (Stand des Laufs)
tir;lemma_6080;45;ANLEGEN;"[klar] Entschieden an den Belegen: Lemma lemma_6080 tier (NOM) passt in 'it in in die ł arche , sie vnd alle [tir] noch irem geslechte • Und alles vic' (WZB_8ra_9_5) und in 'helicheit opfer vnd fridsame opfer [tir] dor ouf legten , • Der herre suche' (WZB_237ra_28_2). Nächste vorhandene Variante desselben Lemmas: 'tiêr' (Unterschied -/ê). Die normalisierte Form löst heute auf lemma_1242 dû (ART,POS,PRO) auf (16 Belege im Korpus); beide bleiben Kandidaten, die Reihenfolge regelt Vorschrift B aus #378.";WZB-Belege (insgesamt 45): WZB_8ra_9_5, WZB_8rb_2_8, WZB_8rb_3_4 | authority-files/variants.xml und lexicon.xml (Stand des Laufs)
opfertir;lemma_6080;41;ANLEGEN;[klar] Kompositum 'opfertir' (Opfertier) in allen 41 Belegen ('opfert ous euch ein opfertir vnserm herren von dem vihe'). Im Bestand gibt es kein Lemma opfertier (Suche: keine Treffer), das Grundwort tier ist dasselbe Wort derselben Wortart. Zuordnung des Kompositums an das Grundwort, wie bei czigenpock und boc.;WZB-Belege (insgesamt 41): WZB_88vb_14_2, WZB_99ra_8_0, WZB_99ra_11_0 | authority-files/variants.xml und lexicon.xml (Stand des Laufs)
menedis;lemma_3909;40;ANLEGEN;[klar] Entschieden an den Belegen: Lemma lemma_3909 mâne (NOM) passt in 'mened an dem sibenczenden tage des [menedis] zu brochen wurden alle brvnne der g' (WZB_7vb_32_2) und in 'stern an dem vierczehenden tage des [menedis] zu abende ouf den veldungen | vnd a' (WZB_218ra_12_1). Nächste vorhandene Variante desselben Lemmas: 'mânes' (Unterschied e/â, di/-).;WZB-Belege (insgesamt 40): WZB_7vb_32_2, WZB_8rb_33_2, WZB_8va_3_2 | authority-files/variants.xml und lexicon.xml (Stand des Laufs)
semil;lemma_5393;39;ANLEGEN;[klar] Entschieden an den Belegen: Lemma lemma_5393 semele (NOM) passt in 'me corianders vnd sein smak was sam [semil] mit honige . • Nu sprach dorvmme :' (WZB_71rb_13_5) und in 'irczehen mit iren opfer speisen , | [semil] mit ŏl besprenget , dreiczehenden' (WZB_165vb_12_2). Nächste vorhandene Variante desselben Lemmas: 'semel' (Unterschied i/e).;WZB-Belege (insgesamt 39): WZB_71rb_13_5, WZB_86rb_11_2, WZB_99vb_37_5 | authority-files/variants.xml und lexicon.xml (Stand des Laufs)
mageschaft;lemma_22720;38;ANLEGEN;[klar] Entschieden an den Belegen: Lemma lemma_22720 mâcschaft (NOM) passt in 'aus von deinem lande vnd von deiner [mageschaft] vnd von dem house deines vaters . •' (WZB_11rb_16_4) und in 'IOSUE der svne durch ir gesinde vnd [mageschaft] czwelf stete . • Und also aller ste' (WZB_236ra_3_1). Nächste vorhandene Variante desselben Lemmas: 'magschaft' (Unterschied e/-).;WZB-Belege (insgesamt 38): WZB_11rb_16_4, WZB_53va_20_1, WZB_119vb_26_2 | authority-files/variants.xml und lexicon.xml (Stand des Laufs)
housvrowe;lemma_2938;38;ANLEGEN;[klar] Entschieden an den Belegen: Lemma lemma_2938 hûsvrouwe (NOM) passt in 'do er aus czoch von , Und nam sein [housvrowe] vnd , seines bruders svn , vnd alle' (WZB_11rb_31_3) und in 'gegen dem andern zu vechten vnd die [housvrowe] des andern wil iren man erledigen v' (WZB_202ra_19_1). Nächste vorhandene Variante desselben Lemmas: 'husvrowe' (Unterschied o/-).;WZB-Belege (insgesamt 38): WZB_11rb_31_3, WZB_18ra_25_4, WZB_18rb_15_3 | authority-files/variants.xml und lexicon.xml (Stand des Laufs)
alters;lemma_156;38;ANLEGEN;"[klar] Entschieden an den Belegen: Lemma lemma_156 altar (NOM) passt in 'czelt czwisschen vnd an di stat des [alters] , den er hete vormals gemacht , vnd' (WZB_12ra_24_1) und in 'in dem dienste alles volkis vnd des [alters] vnsers herren , | holcz zu howen vn' (WZB_223va_29_0). Nächste vorhandene Variante desselben Lemmas: 'alter' (Unterschied s/-). Die normalisierte Form löst heute auf lemma_155 alt (ADJ,GRA,NOM) auf (103 Belege im Korpus); beide bleiben Kandidaten, die Reihenfolge regelt Vorschrift B aus #378.";WZB-Belege (insgesamt 38): WZB_12ra_24_1, WZB_82ra_34_3, WZB_82rb_10_0 | authority-files/variants.xml und lexicon.xml (Stand des Laufs)
geheissen;lemma_18885;36;ANLEGEN;"[klar] Entschieden an den Belegen: Lemma lemma_18885 heiʒen (VRB) passt in 'sch vz meinem vleische . • Die wirt [geheissen] ein mennynne , • wenne sie ist aus' (WZB_4rb_6_6) und in 'uame zu den wonern , die do vor was [geheissen] | IOSUE , das ist stat der buchstab' (WZB_229vb_31_4). Nächste vorhandene Variante desselben Lemmas: 'heizen' (Unterschied ge/-, ss/z). Die normalisierte Form löst heute auf lemma_2026 geheizzen (NOM,VRB) auf (50 Belege im Korpus); beide bleiben Kandidaten, die Reihenfolge regelt Vorschrift B aus #378.";WZB-Belege (insgesamt 36): WZB_4rb_6_6, WZB_10va_36_1, WZB_14va_9_2 | authority-files/variants.xml und lexicon.xml (Stand des Laufs)
ouff;lemma_6330;35;ANLEGEN;[klar] Entschieden an den Belegen: Lemma lemma_6330 ûf (ADV,PRP) passt in '• sich , ist vor dir , | hebe sie [ouff] vnd czeuch , | vnd sei ein housvrow' (WZB_22va_17_7) und in 'f zu vnd kvmet zu , ouf steigende | [ouff] gegen vnd geet vm IOSUE . • Und von' (WZB_229rb_34_4). Nächste vorhandene Variante desselben Lemmas: 'uff' (Unterschied o/-).;WZB-Belege (insgesamt 35): WZB_22va_17_7, WZB_39rb_33_5, WZB_48va_24_4 | authority-files/variants.xml und lexicon.xml (Stand des Laufs)
guldeine;lemma_2567;35;ANLEGEN;[klar] Entschieden an den Belegen: Lemma lemma_2567 guldîn (ADJ,NOM) passt in 'rren • vnd nam silbereine vas • vnd [guldeine] vnd gewant vnd gab das zu gabe vnd' (WZB_22va_25_1) und in 'd das silber vnd den mantil vnd das [guldeine] mantil gespan vnd sein svne vnd sei' (WZB_220vb_3_5). Nächste vorhandene Variante desselben Lemmas: 'guldeiner' (Unterschied -/r).;WZB-Belege (insgesamt 35): WZB_22va_25_1, WZB_56rb_16_4, WZB_64ra_27_2 | authority-files/variants.xml und lexicon.xml (Stand des Laufs)
czihet;lemma_7861;35;ANLEGEN;[klar] Entschieden an den Belegen: Lemma lemma_7861 ziehen (NOM,VRB) passt in 'rt • Und sprach zu den knechten : • [Czihet] vor mir vnd sei • y • ein vndersche' (WZB_32vb_13_2) und in 'SUE de ew̆er besiczunge vnrein , so [czihet] in die erde , in der das geczelt vn' (WZB_237ra_2_6). Nächste vorhandene Variante desselben Lemmas: 'zivhet' (Unterschied c/-, -/v).;WZB-Belege (insgesamt 35): WZB_32vb_13_2, WZB_43va_3_2, WZB_43vb_29_1 | authority-files/variants.xml und lexicon.xml (Stand des Laufs)
gepite;lemma_1971;35;ANLEGEN;[klar] Entschieden an den Belegen: Lemma lemma_1971 gebieten (NOM,VRB) passt in 'wir geratvragen , w was vnser herre [gepite] von euch . • Und vnser herr redte z' (WZB_141va_9_3) und in 'wek vnd vornymest in . • Sich , ich [gepite] dir ! • Sterke dich vnd bis creftig' (WZB_214rb_23_1). Nächste vorhandene Variante desselben Lemmas: 'gepitet' (Unterschied -/t).;WZB-Belege (insgesamt 35): WZB_141va_9_3, WZB_157va_34_5, WZB_158rb_22_0 | authority-files/variants.xml und lexicon.xml (Stand des Laufs)
ŏl;lemma_4455;34;ANLEGEN;"[klar] Entschieden an den Belegen: Lemma lemma_4455 öl (NOM) passt in 'opferte dor ouf opfer spise vnd gos [ŏl] dor ouf • vnd nante der stat namen' (WZB_35vb_4_2) und in 'mmen cloubt getreide | vnd wein vnd [ŏl] vnd hew von den NOMIUS eckern , zu' (WZB_188ra_36_2). Nächste vorhandene Variante desselben Lemmas: 'öl' (Unterschied ŏ/ö). Die normalisierte Form löst heute schon auf dieses Lemma auf; der Typ hält die Schreibung fest.";WZB-Belege (insgesamt 34): WZB_35vb_4_2, WZB_82vb_25_4, WZB_82vb_26_0 | authority-files/variants.xml und lexicon.xml (Stand des Laufs)
housvrow;lemma_2938;32;ANLEGEN;[klar] Entschieden an den Belegen: Lemma lemma_2938 hûsvrouwe (NOM) passt in 'sprachen czu ym : • Ste ouf , dein [housvrow] vnd deine czwu tŏchter , die du ha' (WZB_16vb_16_4) und in 'her nicht nemen wil seines bruders [housvrow] , die im von rechte gepuret , • gee' (WZB_201vb_29_2). Nächste vorhandene Variante desselben Lemmas: 'husvrowe' (Unterschied o/-, -/e).;WZB-Belege (insgesamt 32): WZB_16vb_16_4, WZB_17rb_5_2, WZB_18rb_4_3 | authority-files/variants.xml und lexicon.xml (Stand des Laufs)
geczeuknusses;lemma_2367;32;ANLEGEN;[klar] Entschieden an den Belegen: Lemma lemma_2367 geziuge (NOM) passt in 'e do werden sein ouf der archen des [geczeuknusses] alles , das ich gepiten werde durch' (WZB_80ra_13_0) und in 'vnd vnd stvnden in dem geczelde des [geczeuknusses] . • Und vnser herre erscheine al do' (WZB_209va_25_1). Nächste vorhandene Variante desselben Lemmas: 'gezeuges' (Unterschied c/-, knuss/g).;WZB-Belege (insgesamt 32): WZB_80ra_13_0, WZB_82vb_28_5, WZB_85ra_19_5 | authority-files/variants.xml und lexicon.xml (Stand des Laufs)
gemeiligt;lemma_18886;31;PRUEFSEITE;[KI-Vorschlag: ANDERE_ZUORDNUNG:lemma_15846] [klar] Alle 31 Belege meinen 'verunreinigt, befleckt' und nicht 'geweiht': 'der wirt gemeiligt bis zu abende' nach Berührung von Toten (WZB_109va_19_1), 'hast gemeiligt sein bette' (WZB_51va_20_1), 'das vnser hende nicht werden gemeiligt' (WZB_38rb_15_0). lemma_18886 heiligen sagt das Gegenteil. lemma_15846 meilen führt gemeiligt schon (13 Formen, darunter gemeiligt und gemailigt). Eine Änderung von @lemmaRef wendet dieser Lauf nicht an, die Entscheidung liegt bei der Prüfseite.;WZB-Belege (insgesamt 31): WZB_38rb_15_0, WZB_51va_20_1, WZB_75rb_10_2 | Lexer Bd. 1, Sp. 2077, meiligen swv. (beflecken, beschmutzen) und meilen swv. (dasselbe): https://woerterbuchnetz.de/?sigle=Lexer&lemid=M00970 und https://woerterbuchnetz.de/?sigle=Lexer&lemid=M00971 | authority-files/variants.xml und lexicon.xml (Stand des Laufs)
ycliche;lemma_3006;31;ANLEGEN;[klar] Entschieden an den Belegen: Lemma lemma_3006 iegelich (ADJ) passt in 'ich man von seinem frvnde | vnd ein [ycliche] vrow̆e von irr nachgebenrinne silbe' (WZB_64ra_25_3) und in 'rm herren got . • Und lies das volk [ycliche] in ire besiczvnge . • Und dornach s' (WZB_239va_34_2). Nächste vorhandene Variante desselben Lemmas: 'yecliche' (Unterschied -/e).;WZB-Belege (insgesamt 31): WZB_64ra_25_3, WZB_70vb_8_4, WZB_81rb_22_0 | authority-files/variants.xml und lexicon.xml (Stand des Laufs)
pergis;lemma_521;31;ANLEGEN;[klar] Entschieden an den Belegen: Lemma lemma_521 berc (NOM) passt in 'Und ich wil steen in der spicze des [pergis] | vnd halden die rute gotis in mein' (WZB_71vb_19_1) und in 'perge von dem nordnischen teile des [pergis] . • Und diente vnserm herren alle d' (WZB_239vb_7_0). Nächste vorhandene Variante desselben Lemmas: 'pergs' (Unterschied i/-).;WZB-Belege (insgesamt 31): WZB_71vb_19_1, WZB_74ra_17_0, WZB_74ra_35_4 | authority-files/variants.xml und lexicon.xml (Stand des Laufs)
tŏchter;lemma_6135;30;ANLEGEN;"[klar] Entschieden an den Belegen: Lemma lemma_6135 tohter (NOM) passt in 'dreissick iare vnd geperte svne vnd [tŏchter] . Und gemacht wurden alle tage acht' (WZB_6va_22_5) und in 'die erde vnd vber den . • Wenne die [tŏchter] besasen erbe in der mitte irr svne' (WZB_231va_5_5). Nächste vorhandene Variante desselben Lemmas: 'töchter' (Unterschied ŏ/ö). Die normalisierte Form löst heute schon auf dieses Lemma auf; der Typ hält die Schreibung fest.";WZB-Belege (insgesamt 30): WZB_6va_22_5, WZB_10vb_16_2, WZB_11ra_4_5 | authority-files/variants.xml und lexicon.xml (Stand des Laufs)
vortilgen;lemma_6992;30;ANLEGEN;[klar] Entschieden an den Belegen: Lemma lemma_6992 vertilgen (VRB) passt in 'g in leide des herczens . • Ich wil [vortilgen] , sprach er , den menschen , den ic' (WZB_7ra_32_7) und in '• Aber , den woner , mochten nicht [vortilgen] die kinder zu vncz bis in den gegen' (WZB_230vb_7_6). Nächste vorhandene Variante desselben Lemmas: 'vertilgen' (Unterschied o/e).;WZB-Belege (insgesamt 30): WZB_7ra_32_7, WZB_7vb_7_2, WZB_9va_8_1 | authority-files/variants.xml und lexicon.xml (Stand des Laufs)
veisticheit;lemma_36292;30;ANLEGEN;[klar] Entschieden an den Belegen: Lemma lemma_36292 veiztecheit (NOM) passt in 'n dem taw̆ des himels | vnd von der [veisticheit] der erden | die do genug getreides' (WZB_26rb_3_6) und in 'dem alter vm vnd vmme . • Aber die [veisticheit] des ochsens vnd den czagil des wide' (WZB_107va_24_0). Nächste vorhandene Variante desselben Lemmas: 'feistikeit' (Unterschied v/f, ch/k).;WZB-Belege (insgesamt 30): WZB_26rb_3_6, WZB_26va_25_7, WZB_77vb_34_5 | authority-files/variants.xml und lexicon.xml (Stand des Laufs)
heiligtumes;lemma_2710;30;ANLEGEN;[klar] Entschieden an den Belegen: Lemma lemma_2710 heilectuom (NOM) passt in 'nf hundert scot | noch der wage des [heiligtumes] • Und ŏl von ŏlpoumen | ein mase' (WZB_87rb_19_6) und in 'aller gestalt noch dem gewichte des [heiligtumes] sechczehen tousent | vnd siben hund' (WZB_169ra_12_4). Nächste vorhandene Variante desselben Lemmas: 'heiligtuome' (Unterschied -/o, s/-).;WZB-Belege (insgesamt 30): WZB_87rb_19_6, WZB_96va_8_5, WZB_96va_15_0 | authority-files/variants.xml und lexicon.xml (Stand des Laufs)
dorvmbe;lemma_30703;29;ANLEGEN;[klar] Entschieden an den Belegen: Lemma lemma_30703 darumbe (ADV) passt in ': • An mich mugt ir nicht getvn ! • [Dorvmbe] rufe ich herre czu dir • Und bite d' (WZB_1ra_17_6) und in '. • Nu tat vnser herre das wort , | [dorvmbe] des andern tages | alle tyr der stu' (WZB_61vb_7_7). Nächste vorhandene Variante desselben Lemmas: 'drvmbe' (Unterschied o/-).;WZB-Belege (insgesamt 29): WZB_1ra_17_6, WZB_1va_20_5, WZB_4va_18_7 | authority-files/variants.xml und lexicon.xml (Stand des Laufs)
thoho;lemma_78628;29;PRUEFSEITE;Tschechische Randglosse (Wiederholungskette 'thoho pzde thoho').;WZB-Belege (insgesamt 29): WZB_56va_1_0, WZB_56va_1_4, WZB_57rb_38_4 | authority-files/variants.xml und lexicon.xml (Stand des Laufs)
weirouch;lemma_7528;28;ANLEGEN;[klar] Entschieden an den Belegen: Lemma lemma_7528 wîhrouch (NOM) passt in 'das dorvmme ist • Und opfer das zu [weirouch] ouf den alter . • Das vleisch vorwa' (WZB_85rb_11_0) und in ', • Legen werden sie thimiamischen [weirouch] vnd ganczenczuntis opfer ouf deinen' (WZB_212va_14_2). Nächste vorhandene Variante desselben Lemmas: 'wirouch' (Unterschied e/-).;WZB-Belege (insgesamt 28): WZB_85rb_11_0, WZB_85rb_27_4, WZB_98ra_10_0 | authority-files/variants.xml und lexicon.xml (Stand des Laufs)
silbereine;lemma_75669;26;PRUEFSEITE;[KI-Vorschlag: ANDERE_ZUORDNUNG:lemma_5476] [wahrscheinlich] 'silbereine vas', 'silbereine pfenninge': Adjektiv 'silbern'. lemma_75669 silbern ist als VRB geführt und trägt nur die Form gesilbert, lemma_5476 silber (ADJ,NOM) ist das tragfähigere Lemma. Parallel dazu steht guldeine bei guldîn. Eine Änderung von @lemmaRef wendet dieser Lauf nicht an, die Entscheidung liegt bei der Prüfseite.;WZB-Belege (insgesamt 26): WZB_18rb_8_0, WZB_22va_24_1, WZB_38rb_21_1 | authority-files/variants.xml und lexicon.xml (Stand des Laufs)
hŏe;lemma_2881;26;ANLEGEN;[klar] Entschieden an den Belegen: Lemma lemma_2881 hœhe (NOM) passt in 'in leiter sten ouf der erden vnd ir [hŏe] rurte an den himel | vnd die engel' (WZB_27rb_9_0) und in 'st gegen gegen westen ouf der IOSUE [hŏe] des talis gegen nŏrden . • Und dur' (WZB_229vb_2_0). Nächste vorhandene Variante desselben Lemmas: 'hoe' (Unterschied ŏ/o).;WZB-Belege (insgesamt 26): WZB_27rb_9_0, WZB_31vb_17_3, WZB_54va_2_3 | authority-files/variants.xml und lexicon.xml (Stand des Laufs)
hochczeit;lemma_2875;26;ANLEGEN;[klar] Entschieden an den Belegen: Lemma lemma_2875 hôchzît (NOM) passt in 'e czu der wirtschaft vnd machte ein [hochczeit] . • Und des abendes sein tochter fu' (WZB_28rb_31_0) und in ', des iares der vorgebbunge in der [hochczeit] der geczelt , so zu houfe komen all' (WZB_209rb_13_2). Nächste vorhandene Variante desselben Lemmas: 'hohczeit' (Unterschied c/-).;WZB-Belege (insgesamt 26): WZB_28rb_31_0, WZB_28va_21_0, WZB_63rb_17_7 | authority-files/variants.xml und lexicon.xml (Stand des Laufs)
manden;lemma_3909;26;ANLEGEN;"[klar] Entschieden an den Belegen: Lemma lemma_3909 mâne (NOM) passt in 'brot . • Heut czihet ir ous in dem [manden] newes getreides . • Und wenne dich' (WZB_66va_24_4) und in 'deinem herren gote . • wenne in dem [manden] hat dich ous gefurt dein herre got' (WZB_192vb_31_2). Nächste vorhandene Variante desselben Lemmas: 'manen' (Unterschied d/-). Die normalisierte Form löst heute schon auf dieses Lemma auf; der Typ hält die Schreibung fest.";WZB-Belege (insgesamt 26): WZB_66va_24_4, WZB_66va_35_2, WZB_73rb_18_3 | authority-files/variants.xml und lexicon.xml (Stand des Laufs)
few̆er;lemma_7108;25;ANLEGEN;"[klar] Entschieden an den Belegen: Lemma lemma_7108 viur (INJ,NOM) passt in 'che wir czigel vnd bruen sie in dem [few̆er] . • Und sie hatten die czigel fur s' (WZB_10va_10_4) und in 'vnd alles , das sein was , wart myt [few̆er] vorczert . • Und ouf yn sammenten s' (WZB_220vb_15_0). Nächste vorhandene Variante desselben Lemmas: 'fewer' (Unterschied ̆/-). Die normalisierte Form löst heute schon auf dieses Lemma auf; der Typ hält die Schreibung fest.";WZB-Belege (insgesamt 25): WZB_10va_10_4, WZB_17ra_36_1, WZB_64vb_16_4 | authority-files/variants.xml und lexicon.xml (Stand des Laufs)
enczunten;lemma_1511;25;ANLEGEN;[klar] Entschieden an den Belegen: Lemma lemma_1511 enzünden (VRB) passt in '. • wo ist das lebendige des gancze [enczunten] opfers ? • Do sprach : • Got wirt i' (WZB_19va_7_0) und in 'ir | mit den busovnen vber di gancz [enczunten] opfer | vnd vber die friedsamen opf' (WZB_142va_19_0). Nächste vorhandene Variante desselben Lemmas: 'enzunten' (Unterschied c/-).;WZB-Belege (insgesamt 25): WZB_19va_7_0, WZB_19va_10_1, WZB_85va_35_2 | authority-files/variants.xml und lexicon.xml (Stand des Laufs)
heiligtum;lemma_2710;25;ANLEGEN;[klar] Entschieden an den Belegen: Lemma lemma_2710 heilectuom (NOM) passt in 's du hast geworcht , herre , • Dein [heiligtum] herre , das do gevestent hat dein h' (WZB_69rb_27_0) und in 'vnder die eiche , die do was in dem [heiligtum] vnsers herren . • Und sprache zu al' (WZB_239va_24_5). Nächste vorhandene Variante desselben Lemmas: 'heiligtuom' (Unterschied -/o).;WZB-Belege (insgesamt 25): WZB_69rb_27_0, WZB_79va_13_4, WZB_82ra_2_2 | authority-files/variants.xml und lexicon.xml (Stand des Laufs)
ierige;lemma_27278;24;ANLEGEN;[klar] Entschieden an den Belegen: Lemma lemma_27278 jæric (ADJ) passt in ': • Nim dir , sprach er , ein drei [ierige] ku | vnd ein drei ierige czigen • ł' (WZB_13va_23_8) und in 'n rindern vnd einen wider vnd siben [ierige] vngemeiligte lemmer Und zu irr heil' (WZB_165va_17_4). Nächste vorhandene Variante desselben Lemmas: 'ierig' (Unterschied e/-).;WZB-Belege (insgesamt 24): WZB_13va_23_8, WZB_13va_24_5, WZB_123rb_35_1 | authority-files/variants.xml und lexicon.xml (Stand des Laufs)
ŏle;lemma_4455;24;ANLEGEN;"[klar] Entschieden an den Belegen: Lemma lemma_4455 öl (NOM) passt in 'te den vf in ein czeichen • vnd gos [ŏle] dorouf vnd nante der stat namen , |' (WZB_27va_21_6) und in 'brudern , | seinen fuz tvnke her in [ŏle] . • Eisen vnd ere sein geschuhe . a' (WZB_213ra_26_4). Nächste vorhandene Variante desselben Lemmas: 'öle' (Unterschied ŏ/ö). Die normalisierte Form löst heute schon auf dieses Lemma auf; der Typ hält die Schreibung fest.";WZB-Belege (insgesamt 24): WZB_27va_21_6, WZB_79va_7_3, WZB_84vb_6_2 | authority-files/variants.xml und lexicon.xml (Stand des Laufs)
dreissik;lemma_1222;24;ANLEGEN;[klar] Entschieden an den Belegen: Lemma lemma_1222 drîʒec (NUM) passt in 'ens • ł waren hundert vnd siben vnd [dreissik] . • Die kinder : vnd durch ir gesle' (WZB_58vb_31_0) und in 'vnd ire dorfer . • Mit ein ander ir [dreissik] vnd hundert . • Aber , den woner ,' (WZB_230vb_6_1). Nächste vorhandene Variante desselben Lemmas: 'dreissigk' (Unterschied -/g).;WZB-Belege (insgesamt 24): WZB_58vb_31_0, WZB_59ra_11_0, WZB_129ra_9_6 | authority-files/variants.xml und lexicon.xml (Stand des Laufs)
gŏten;lemma_2465;24;ANLEGEN;"[klar] Entschieden an den Belegen: Lemma lemma_2465 got (NOM) passt in 'ich • Und in al EXO len egiptischen [gŏten] wil ich ł machen gerichte , ich , h' (WZB_65ra_2_2) und in 'veter gedienet haben zu , oder den [gŏten] der , in der erden ir wonet . • Abe' (WZB_239ra_23_6). Nächste vorhandene Variante desselben Lemmas: 'göten' (Unterschied ŏ/ö). Die normalisierte Form löst heute schon auf dieses Lemma auf; der Typ hält die Schreibung fest.";WZB-Belege (insgesamt 24): WZB_65ra_2_2, WZB_75rb_35_0, WZB_77ra_12_1 | authority-files/variants.xml und lexicon.xml (Stand des Laufs)
geperunge;lemma_44214;23;ANLEGEN;[klar] Entschieden an den Belegen: Lemma lemma_44214 geberunge (NOM) passt in 'vor vnserm herren . • Dicz sint die [geperunge] . • was ein g gerechter vnd ein vol' (WZB_7rb_5_0) und in 'vressen wirt es die erde mit seiner [geperunge] | vnd die gruntvesten der perge wir' (WZB_211ra_33_0). Nächste vorhandene Variante desselben Lemmas: 'geberunge' (Unterschied p/b).;WZB-Belege (insgesamt 23): WZB_7rb_5_0, WZB_7va_32_2, WZB_8ra_11_1 | authority-files/variants.xml und lexicon.xml (Stand des Laufs)
gŏte;lemma_2465;23;ANLEGEN;"[klar] Entschieden an den Belegen: Lemma lemma_2465 got (NOM) passt in ', | worumbe hastu mir gestoln meine [gŏte] ̃ ? Und antworte : • Das ich vnwiss' (WZB_31ra_30_4) und in 'tig sint , | sweret in dem namen ir [gŏte] vnd dienet in vnd petet sie , svnde' (WZB_238ra_17_4). Nächste vorhandene Variante desselben Lemmas: 'göte' (Unterschied ŏ/ö). Die normalisierte Form löst heute schon auf dieses Lemma auf; der Typ hält die Schreibung fest.";WZB-Belege (insgesamt 23): WZB_31ra_30_4, WZB_31rb_2_0, WZB_31rb_7_0 | authority-files/variants.xml und lexicon.xml (Stand des Laufs)
vorhank;lemma_30875;23;ANLEGEN;[klar] Entschieden an den Belegen: Lemma lemma_30875 vürhanc (NOM) passt in 'des grosen geczeldis sol werden ein [vorhank] von czweinczig DUS doum elen • Uon' (WZB_82va_37_1) und in 'vnd die vmhenge des grosen vnd den [vorhank] in dem eingange , | der do ist vor' (WZB_134rb_17_2). Nächste vorhandene Variante desselben Lemmas: 'furhankch' (Unterschied vo/fu, -/ch).;WZB-Belege (insgesamt 23): WZB_82va_37_1, WZB_92rb_7_2, WZB_92vb_5_0 | authority-files/variants.xml und lexicon.xml (Stand des Laufs)
reinigunge;lemma_28890;23;ANLEGEN;[klar] Entschieden an den Belegen: Lemma lemma_28890 reinegunge (NOM) passt in 'altu reinigen , | so du slehest der [reinigunge] opfer , tu vnd salbe den zu einer h' (WZB_86ra_20_1) und in 'getragen mag , | mit dem wasser der [reinigunge] sol das gereinigt werden . • Und su' (WZB_168ra_35_1). Nächste vorhandene Variante desselben Lemmas: 'reinigung' (Unterschied e/-).;WZB-Belege (insgesamt 23): WZB_86ra_20_1, WZB_99ra_20_4, WZB_110rb_1_5 | authority-files/variants.xml und lexicon.xml (Stand des Laufs)
ganczenczuntem;lemma_1511;23;ANLEGEN;[klar] Entschieden an den Belegen: Lemma lemma_1511 enzünden (VRB) passt in 'he eines vor die svnde das ander zu [ganczenczuntem] opfer • Und der bitet vor sie vor v' (WZB_115rb_15_3) und in 'en dem herren vmme die svnde ERI zu [ganczenczuntem] opfer mit seiner opfer speise . • A' (WZB_164vb_2_1). Nächste vorhandene Variante desselben Lemmas: 'enczunte' (Unterschied gancz/-, m/-).;WZB-Belege (insgesamt 23): WZB_115rb_15_3, WZB_115va_15_1, WZB_123rb_1_3 | authority-files/variants.xml und lexicon.xml (Stand des Laufs)
pzde;lemma_78628;22;PRUEFSEITE;Tschechische Randglosse (Wiederholungskette 'toho pzde toho').;WZB-Belege (insgesamt 22): WZB_5rb_21_1, WZB_5rb_22_1, WZB_5rb_23_1 | authority-files/variants.xml und lexicon.xml (Stand des Laufs)
vortilget;lemma_6992;22;ANLEGEN;[klar] Entschieden an den Belegen: Lemma lemma_6992 vertilgen (VRB) passt in 'perge , die es hett bedackt . • Und [vortilget] wart ł alles vleisch , das sich rur' (WZB_8ra_36_4) und in 'sse yczunt , das ewer herre got sie [vortilget] vor ewer IOSUE angesicht , • svnder' (WZB_238ra_37_3). Nächste vorhandene Variante desselben Lemmas: 'vertilget' (Unterschied o/e).;WZB-Belege (insgesamt 22): WZB_8ra_36_4, WZB_8rb_11_3, WZB_14vb_14_6 | authority-files/variants.xml und lexicon.xml (Stand des Laufs)
steigen;lemma_5763;22;ANLEGEN;"[klar] Entschieden an den Belegen: Lemma lemma_5763 stîgen (NOM,VRB) passt in 'n himel | vnd die engel gotis an ir [steigen] ouf vnd abe . • Und sach vnsern her' (WZB_27rb_10_5) und in 'den rouch der stat bis an den himel [steigen] | vnd mochten ł nicht furbas hin vn' (WZB_221vb_4_1). Nächste vorhandene Variante desselben Lemmas: 'steigent' (Unterschied -/t). Die normalisierte Form löst heute auf lemma_5742 steigen (VRB) auf (2 Belege im Korpus); beide bleiben Kandidaten, die Reihenfolge regelt Vorschrift B aus #378.";WZB-Belege (insgesamt 22): WZB_27rb_10_5, WZB_30va_19_0, WZB_30va_27_0 | authority-files/variants.xml und lexicon.xml (Stand des Laufs)
busovnen;lemma_961;22;ANLEGEN;[klar] Entschieden an den Belegen: Lemma lemma_961 busîne (NOM,VRB) passt in 'dacte den perck | vnd der schal der [busovnen] sterclichen erschalte . • Nu vorcht' (WZB_74ra_10_1) und in 'in seine horde . • Dorvmme do die ł [busovnen] wurden erclenget Und do das erschel' (WZB_219ra_21_0). Nächste vorhandene Variante desselben Lemmas: 'busuonen' (Unterschied -/u, v/-).;WZB-Belege (insgesamt 22): WZB_74ra_10_1, WZB_74ra_23_4, WZB_74vb_14_1 | authority-files/variants.xml und lexicon.xml (Stand des Laufs)
hŏre;lemma_2885;20;ANLEGEN;"[klar] Entschieden an den Belegen: Lemma lemma_2885 hœren (INJ,NOM,VRB) passt in 'ie mait . • Alles , das dir saget , [hŏre] ir stimme , • wenne in wirt dir ger' (WZB_18va_19_3) und in 'Ŏret , • ir himel , was ich rede , [hŏre] die erde die wort meines mvndes ! •' (WZB_210va_8_0). Nächste vorhandene Variante desselben Lemmas: 'höre' (Unterschied ŏ/ö). Die normalisierte Form löst heute schon auf dieses Lemma auf; der Typ hält die Schreibung fest.";WZB-Belege (insgesamt 20): WZB_18va_19_3, WZB_20ra_30_0, WZB_20rb_37_3 | authority-files/variants.xml und lexicon.xml (Stand des Laufs)
ieriges;lemma_27278;20;ANLEGEN;[klar] Entschieden an den Belegen: Lemma lemma_27278 jæric (ADJ) passt in 'DUS lamp sol sein an alles meil ein [ieriges] knechtil . | noch dem selbben siten' (WZB_64vb_3_0) und in 'den rindern vnd einen wider vnd ein [ieriges] lamp zu ganczenczuntem opfer , eine' (WZB_139vb_22_5). Nächste vorhandene Variante desselben Lemmas: 'ierig' (Unterschied es/-).;WZB-Belege (insgesamt 20): WZB_64vb_3_0, WZB_99va_4_5, WZB_107ra_10_5 | authority-files/variants.xml und lexicon.xml (Stand des Laufs)
doum;lemma_1243;20;ANLEGEN;[klar] Entschieden an den Belegen: Lemma lemma_1243 dûme (NOM) passt in 'eet , sullen sein vmbhenge funfczig [doum] elen lanck v vnd czehen seulen mit' (WZB_82va_21_1) und in 'in die breite , noch der mas einer [doum] elen menlicher hant . • Und die erd' (WZB_178va_18_3). Nächste vorhandene Variante desselben Lemmas: 'dume' (Unterschied o/-, -/e).;WZB-Belege (insgesamt 20): WZB_82va_21_1, WZB_82va_26_2, WZB_82va_28_0 | authority-files/variants.xml und lexicon.xml (Stand des Laufs)
friedsamen;lemma_15793;20;ANLEGEN;[klar] Entschieden an den Belegen: Lemma lemma_15793 vridesam (ADJ,ADV) passt in 'her den ochsen vnd den wider , die [friedsamen] opfertir des volkes , vnd im opfert' (WZB_107va_19_5) und in 'zu ganczenczuntem opfer oder zu der [friedsamen] opfertir zu yclichn lemmern . • Und' (WZB_148rb_29_4). Nächste vorhandene Variante desselben Lemmas: 'fridsamen' (Unterschied e/-).;WZB-Belege (insgesamt 20): WZB_107va_19_5, WZB_107vb_2_3, WZB_136vb_21_1 | authority-files/variants.xml und lexicon.xml (Stand des Laufs)
czihende;lemma_7861;19;ANLEGEN;[klar] Entschieden an den Belegen: Lemma lemma_7861 ziehen (NOM,VRB) passt in 'amen . Und … fur geende vnd fur bas [czihende] gegen mittemtage . Es wart aber ein' (WZB_11va_20_1) und in 'lter des lasters vnd der svnden vnd [czihende] von seynem dienste ? • Oder dunket' (WZB_236vb_9_1). Nächste vorhandene Variante desselben Lemmas: 'ziehende' (Unterschied c/-, -/e).;WZB-Belege (insgesamt 19): WZB_11va_20_1, WZB_48va_18_4, WZB_53rb_7_1 | authority-files/variants.xml und lexicon.xml (Stand des Laufs)
enczuntes;lemma_1511;19;ANLEGEN;[klar] Entschieden an den Belegen: Lemma lemma_1511 enzünden (VRB) passt in 'der sprach : • Opfer tyr vnd gancz [enczuntes] opfer wirstu vns geben , | die wir' (WZB_63vb_29_2) und in 'n berurt , vnd opferte dorouf gancz [enczuntes] opfer vnserm herren vnd todte frids' (WZB_222rb_12_0). Nächste vorhandene Variante desselben Lemmas: 'enczunte' (Unterschied s/-).;WZB-Belege (insgesamt 19): WZB_63vb_29_2, WZB_72vb_15_3, WZB_75ra_19_1 | authority-files/variants.xml und lexicon.xml (Stand des Laufs)
bzde;lemma_78628;19;PRUEFSEITE;Tschechische Randglosse ('thoho bzde thoho').;WZB-Belege (insgesamt 19): WZB_71vb_22_2, WZB_74vb_25_0, WZB_81vb_24_4 | authority-files/variants.xml und lexicon.xml (Stand des Laufs)
hout;lemma_2939;19;ANLEGEN;[klar] Entschieden an den Belegen: Lemma lemma_2939 hût (NOM) passt in 'lter . • Das vleisch vorwar vnd die [hout] vnd den mist vorbru ousserhalb den' (WZB_85rb_12_4) und in 'ouge , | czan v vmme czan , hout vm [hout] , fuz vmme fuz soltu nemen . st , •' (WZB_196va_6_5). Nächste vorhandene Variante desselben Lemmas: 'hut' (Unterschied o/-).;WZB-Belege (insgesamt 19): WZB_85rb_12_4, WZB_99rb_7_6, WZB_101rb_16_4 | authority-files/variants.xml und lexicon.xml (Stand des Laufs)
erstlinge;lemma_2;19;NICHT_ANLEGEN;lemma_2 abc: eigenes Thema (KZW, #228, 11.09.), in diesem Lauf nicht bearbeitet. Beleg: 'm rechten • von , wenne es sint die [erstlinge] vnd die anevenge | von den geduldig' (WZB_85vb_16_4). Befund und Zielvorschlag: abc-befunde.csv.;WZB-Belege (insgesamt 19): WZB_85vb_16_4, WZB_92va_16_6, WZB_100ra_26_1 | authority-files/variants.xml und lexicon.xml (Stand des Laufs)
geperungen;lemma_44214;18;ANLEGEN;[klar] Entschieden an den Belegen: Lemma lemma_44214 geberunge (NOM) passt in 'ter vnd ein volkvmner man in seinen [geperungen] . • Mit gote wanderte er vnd gepert' (WZB_7rb_7_2) und in 'Die vnd die ouch noch der czehenden [geperungen] sullen nicht ein geen in die kirche' (WZB_199vb_33_1). Nächste vorhandene Variante desselben Lemmas: 'geberunge' (Unterschied p/b, n/-).;WZB-Belege (insgesamt 18): WZB_7rb_7_2, WZB_10rb_5_5, WZB_14va_31_4 | authority-files/variants.xml und lexicon.xml (Stand des Laufs)
camelen;lemma_13480;18;ANLEGEN;[klar] Entschieden an den Belegen: Lemma lemma_13480 kembel (NOM) passt in 'knechte vnd gesinde vnd eslinne vnd [camelen] . • Aber vnser herre slug mit groze' (WZB_11vb_15_5) und in 'sie weguertige komen von | vnd ire [camelen] trugen wurcze | vnd harcz vnd mýrre' (WZB_38rb_6_5). Nächste vorhandene Variante desselben Lemmas: 'cameln' (Unterschied e/-).;WZB-Belege (insgesamt 18): WZB_11vb_15_5, WZB_21rb_21_3, WZB_21va_6_1 | authority-files/variants.xml und lexicon.xml (Stand des Laufs)
barmherczicheit;lemma_36009;18;ANLEGEN;[klar] Entschieden an den Belegen: Lemma lemma_36009 barmherzecheit (NOM) passt in 't vor dir • vnd hast gegrŏzet dein [barmherczicheit] , | die du hast getan mit mir , so' (WZB_17ra_14_0) und in 'et dein herre got den fride vnd die [barmherczicheit] , die her hat gesworn deinen vetern' (WZB_183vb_32_1). Nächste vorhandene Variante desselben Lemmas: 'barmherzicheit' (Unterschied c/-).;WZB-Belege (insgesamt 18): WZB_17ra_14_0, WZB_18ra_33_1, WZB_18vb_34_3 | authority-files/variants.xml und lexicon.xml (Stand des Laufs)
veiern;lemma_7058;18;ANLEGEN;[klar] Entschieden an den Belegen: Lemma lemma_7058 vîren (VRB) passt in 'zu einem gedechtnusse | vnd sult in [veiern] herlichn in ew̆ern geslechten ewige' (WZB_65ra_13_1) und in 'e wirstu deinem herre got hochczeit [veiern] an der stat , die vnser herre got e' (WZB_193va_12_1). Nächste vorhandene Variante desselben Lemmas: 'vigern' (Unterschied e/-, -/g).;WZB-Belege (insgesamt 18): WZB_65ra_13_1, WZB_65ra_24_3, WZB_66va_34_0 | authority-files/variants.xml und lexicon.xml (Stand des Laufs)
ichtesicht;lemma_3022;18;ANLEGEN;[klar] Entschieden an den Belegen: Lemma lemma_3022 iht (ADJ,NOM) passt in 'r gelten . • Wer von seinem nehsten [ichtesicht] der leie entlehent vnd wirt das sic' (WZB_76vb_25_0) und in 'r von den , die euch sint gepoten , [ichtesicht] an ruret | vnd seit der vberkerunge' (WZB_219ra_12_0). Nächste vorhandene Variante desselben Lemmas: 'ihtesiht' (Unterschied c/-, c/-).;WZB-Belege (insgesamt 18): WZB_76vb_25_0, WZB_102rb_9_2, WZB_104va_21_0 | authority-files/variants.xml und lexicon.xml (Stand des Laufs)
iacincten;lemma_3088;18;ANLEGEN;[klar] Entschieden an den Belegen: Lemma lemma_3088 jâchant (NOM) passt in 'veiol var seidein , das do heissen [iacincten] vnd purpur var vnd EXO rot var czwi' (WZB_79rb_34_6) und in 'cken sullen mit einem vberhange von [iacincten] geverbten heute , vnd stosen dor ei' (WZB_133sva_18_2). Nächste vorhandene Variante desselben Lemmas: 'jacincten' (Unterschied i/j).;WZB-Belege (insgesamt 18): WZB_79rb_34_6, WZB_80vb_3_0, WZB_81vb_6_2 | authority-files/variants.xml und lexicon.xml (Stand des Laufs)
leuchter;lemma_27678;18;ANLEGEN;"[klar] Entschieden an den Belegen: Lemma lemma_27678 liuhtære (NOM) passt in 'eit . • Mache ouch eynen gehemerten [leuchter] | von reinem golde : | seinen | sch' (WZB_80rb_27_1) und in 'e czeigte do ; also worchte her den [leuchter] . • Und vnser herre | redte zu spre' (WZB_140va_6_0). Nächste vorhandene Variante desselben Lemmas: 'luchter' (Unterschied e/-).";WZB-Belege (insgesamt 18): WZB_80rb_27_1, WZB_80va_9_2, WZB_80va_21_1 | authority-files/variants.xml und lexicon.xml (Stand des Laufs)
eingange;lemma_3034;18;ANLEGEN;[klar] Entschieden an den Belegen: Lemma lemma_3034 înganc (NOM) passt in 'ulen vnd also vil grunde . • In dem [eingange] vorwar | des grosen geczeldis sol w' (WZB_82va_35_1) und in 'geistes bliben ist in vns czu ewerm [eingange] . • Wenne der herre , ewer got , is' (WZB_215rb_4_1). Nächste vorhandene Variante desselben Lemmas: 'einganges' (Unterschied -/s).;WZB-Belege (insgesamt 18): WZB_82va_35_1, WZB_94va_22_2, WZB_97vb_10_3 | authority-files/variants.xml und lexicon.xml (Stand des Laufs)
czorne;lemma_7897;17;ANLEGEN;[klar] Entschieden an den Belegen: Lemma lemma_7897 zorn (NOM) passt in 'ENE Und wart vnmutig vnd sprach mit [czorne] : • Ŭmb was schult | oder vmb welc' (WZB_31va_3_2) und in 'n menschen | Und muge enpflihen dem [czorne] des nehsten , der do recher ist des' (WZB_234va_5_3). Nächste vorhandene Variante desselben Lemmas: 'czornes' (Unterschied -/s).;WZB-Belege (insgesamt 17): WZB_31va_3_2, WZB_69ra_17_4, WZB_77ra_22_3 | authority-files/variants.xml und lexicon.xml (Stand des Laufs)
vmringe;lemma_6433;17;ANLEGEN;[klar] Entschieden an den Belegen: Lemma lemma_6433 umberinc (NOM) passt in 'nd des morgens lag der taw | in dem [vmringe] irr purge | vnd do her bedakt hette' (WZB_70va_12_1) und in 'nd ir dorfer . • Alle dorfer in dem [vmringe] der stete vncz bis zu balatberramet' (WZB_233ra_21_7). Nächste vorhandene Variante desselben Lemmas: 'ummerinc' (Unterschied v/u, -/me, ge/c).;WZB-Belege (insgesamt 17): WZB_70va_12_1, WZB_94vb_7_2, WZB_98vb_7_2 | authority-files/variants.xml und lexicon.xml (Stand des Laufs)
silberein;lemma_75669;17;PRUEFSEITE;[KI-Vorschlag: ANDERE_ZUORDNUNG:lemma_5476] [wahrscheinlich] 'ir houbt silberein durch graben': Adjektiv 'silbern'. Gleiche Begründung wie bei silbereine. Eine Änderung von @lemmaRef wendet dieser Lauf nicht an, die Entscheidung liegt bei der Prüfseite.;WZB-Belege (insgesamt 17): WZB_82va_16_3, WZB_95vb_30_2, WZB_96ra_4_5 | authority-files/variants.xml und lexicon.xml (Stand des Laufs)
vnreinikeit;lemma_36137;17;ANLEGEN;[klar] Entschieden an den Belegen: Lemma lemma_36137 unreinecheit (NEG,NOM) passt in 'nt , der do ouf hebt di posheit vnd [vnreinikeit] vnd svnde • Und nymant ist bei dir' (WZB_91rb_9_1) und in '| noch hab das gesvndert in keiner [vnreinikeit] , | noch hab do von nichtesnicht ge' (WZB_203ra_24_0). Nächste vorhandene Variante desselben Lemmas: 'vnreinigkeit' (Unterschied -/g).;WZB-Belege (insgesamt 17): WZB_91rb_9_1, WZB_102rb_7_0, WZB_102rb_10_2 | authority-files/variants.xml und lexicon.xml (Stand des Laufs)
vorlasenheit;lemma_45677;17;ANLEGEN;[klar] Entschieden an den Belegen: Lemma lemma_45677 verlâzenheit (NOM) passt in 'set des | vnd dornach vornymet sein [vorlasenheit] , | der leiste buse vber sein svnde' (WZB_102va_4_1) und in 'ie man pfliget zu opfern , vmme die [vorlasenheit] in ein reinigunge • Und das ewige g' (WZB_165va_30_1). Nächste vorhandene Variante desselben Lemmas: 'verlassenheit' (Unterschied o/e, -/s).;WZB-Belege (insgesamt 17): WZB_102va_4_1, WZB_103va_34_1, WZB_104rb_15_3 | authority-files/variants.xml und lexicon.xml (Stand des Laufs)
et;lemma_78608;16;ANLEGEN;[klar] 15 der 17 Belege sind die Formel 'et cetera', 2 stehen in lateinischem Satzzusammenhang (WZB_2rb_32_2, WZB_2rb_32_4, 'inanis et vacua'). lemma_78608 et (ADV) hat keine Variante, das Paar ist eine Identität. Schaden entsteht nicht: Die Auflösung folgt weiter der Häufigkeit unter lemma_1732 et (1230 Belege).;WZB-Belege (insgesamt 17): WZB_2rb_32_2, WZB_2rb_32_4, WZB_55rb_23_10 | authority-files/variants.xml und lexicon.xml (Stand des Laufs)
ew̆er;lemma_56117;16;ANLEGEN;"[klar] Entschieden an den Belegen: Lemma lemma_56117 ir (POS,PRO) passt in 'euch • vnd erfullet die erde . Und [ew̆er] vorchte vnd ew̆er erschrecken sei v' (WZB_9ra_25_1) und in 'stricke vnd zu einer vorsernusse zu [ew̆er] seiten vnd pflokke in ewern ougen ,' (WZB_238rb_5_1). Nächste vorhandene Variante desselben Lemmas: 'ewer' (Unterschied ̆/-). Die normalisierte Form löst heute schon auf dieses Lemma auf; der Typ hält die Schreibung fest.";WZB-Belege (insgesamt 16): WZB_9ra_25_1, WZB_9ra_25_4, WZB_15rb_23_5 | authority-files/variants.xml und lexicon.xml (Stand des Laufs)
wenn̆;lemma_7385;16;ANLEGEN;"[klar] Entschieden an den Belegen: Lemma lemma_7385 wan (ADV,CNJ) passt in 'n in di lenge vnd in die breite , • [wenn̆] dir wil ich sie geben . • Dorūmbe' (WZB_12va_12_6) und in 'afen • vnd gib das , dem priester , [wenn̆] es sint die erstlinge vnsers herren' (WZB_168va_4_4). Nächste vorhandene Variante desselben Lemmas: 'wenn' (Unterschied ̆/-). Die normalisierte Form löst heute schon auf dieses Lemma auf; der Typ hält die Schreibung fest.";WZB-Belege (insgesamt 16): WZB_12va_12_6, WZB_14vb_15_5, WZB_17va_17_6 | authority-files/variants.xml und lexicon.xml (Stand des Laufs)
heissen;lemma_18885;16;ANLEGEN;"[klar] Entschieden an den Belegen: Lemma lemma_18885 heiʒen (VRB) passt in 'geperen einen svn , des namen saltu [heissen] • do von , das vnser herre gehort h' (WZB_14rb_9_3) und in 'czeuht es durch die wasser , die do [heissen] . • Und sein ous geen wirt werden z' (WZB_229va_24_5). Nächste vorhandene Variante desselben Lemmas: 'heizen' (Unterschied ss/z). Die normalisierte Form löst heute auf lemma_2731 heiʒʒen (VRB) auf (62 Belege im Korpus); beide bleiben Kandidaten, die Reihenfolge regelt Vorschrift B aus #378.";WZB-Belege (insgesamt 16): WZB_14rb_9_3, WZB_14vb_19_0, WZB_15ra_13_1 | authority-files/variants.xml und lexicon.xml (Stand des Laufs)
vmhenge;lemma_9487;16;ANLEGEN;[klar] Entschieden an den Belegen: Lemma lemma_9487 gehenge (NOM) passt in '. • In einer mase sullen alle dise [vmhenge] werden . • funf vmhenge sullen glei' (WZB_80vb_12_3) und in 'es geczeldis des gelubdes , vnd die [vmhenge] des grosen vnd den vorhank in dem e' (WZB_134rb_16_2). Nächste vorhandene Variante desselben Lemmas: 'gehenge' (Unterschied vm/ge).;WZB-Belege (insgesamt 16): WZB_80vb_12_3, WZB_80vb_13_4, WZB_81ra_11_1 | authority-files/variants.xml und lexicon.xml (Stand des Laufs)
behutest;lemma_467;16;ANLEGEN;[klar] Entschieden an den Belegen: Lemma lemma_467 behüeten (VRB) passt in 'u vorchtest deinen herren got • vnd [behutest] alle seine geheisse | vnd sein gepo' (WZB_182va_19_3) und in 'u dorinne tag vnd nacht , so das du [behutest] vnd tust alles , das geschriben ist' (WZB_214rb_19_5). Nächste vorhandene Variante desselben Lemmas: 'behuetest' (Unterschied -/e).;WZB-Belege (insgesamt 16): WZB_182va_19_3, WZB_183vb_29_8, WZB_187rb_4_4 | authority-files/variants.xml und lexicon.xml (Stand des Laufs)
is;lemma_1764;15;ANLEGEN;"[klar] Entschieden an den Belegen: Lemma lemma_1764 ëʒʒen (NOM,VRB) passt in 'im vnd sprach : • Von allem holcze [is] . • Aber von dem holcze der kvnst g' (WZB_4ra_14_1) und in 'den weingarten deines nehsten , so [is] weintrouben , wie vil dir behaget .' (WZB_200va_18_2). Nächste vorhandene Variante desselben Lemmas: 'iss' (Unterschied -/s). Die normalisierte Form löst heute auf lemma_1762 ez (POS,PRO) auf (467 Belege im Korpus); beide bleiben Kandidaten, die Reihenfolge regelt Vorschrift B aus #378.";WZB-Belege (insgesamt 15): WZB_4ra_14_1, WZB_25vb_22_5, WZB_26rb_17_1 | authority-files/variants.xml und lexicon.xml (Stand des Laufs)
czihe;lemma_7861;15;ANLEGEN;[klar] Entschieden an den Belegen: Lemma lemma_7861 ziehen (NOM,VRB) passt in 'du die rechten ł hant erwelest , so [czihe] ich zu der lincken . • Und also hub' (WZB_12rb_13_4) und in 'abgot gemachet habe , so das es ein [czihe] • Und hub ouf eyn geslechte von den' (WZB_180va_22_1). Nächste vorhandene Variante desselben Lemmas: 'czihen' (Unterschied -/n).;WZB-Belege (insgesamt 15): WZB_12rb_13_4, WZB_22va_33_4, WZB_22vb_2_5 | authority-files/variants.xml und lexicon.xml (Stand des Laufs)
groses;lemma_2534;15;ANLEGEN;[klar] Entschieden an den Belegen: Lemma lemma_2534 grôz (ADJ,ADV,GRA,NOM) passt in 'e , • wenne er zukunftig ist in ein [groses] vnd in ein starckes geslechte vnd d' (WZB_15vb_11_0) und in 'gar kleiner czale vnd wuchs in ein [groses] geslechte | vnd in ein starckes | v' (WZB_202va_31_4). Nächste vorhandene Variante desselben Lemmas: 'groszes' (Unterschied -/z).;WZB-Belege (insgesamt 15): WZB_15vb_11_0, WZB_18vb_14_8, WZB_42ra_36_0 | authority-files/variants.xml und lexicon.xml (Stand des Laufs)
dorouf;lemma_1089;15;ANLEGEN;[klar] Entschieden an den Belegen: Lemma lemma_1089 darûf (ADV,PRP) passt in 't stifte er einen alter • vnd legte [dorouf] zu sammen das holcz . • Und do er g' (WZB_19va_15_1) und in 'enczuntem opfer noch zu opfertiren [dorouf] zu opfern , svnder czu einem geczeu' (WZB_237rb_14_4). Nächste vorhandene Variante desselben Lemmas: 'drouf' (Unterschied o/-).;WZB-Belege (insgesamt 15): WZB_19va_15_1, WZB_27va_21_7, WZB_31rb_14_5 | authority-files/variants.xml und lexicon.xml (Stand des Laufs)
racional;lemma_45292;15;ANLEGEN;[klar] Entschieden an den Belegen: Lemma lemma_45292 raciônâl (NOM) passt in 'e , zu cziren das humeral | vnd das [racional] vnd machen mir ein heiligtum . • Un' (WZB_79va_12_4) und in 'em gurtil , | vnd fugte das czu dem [racional] , in dem was die lere vnd die warhe' (WZB_105va_22_0). Nächste vorhandene Variante desselben Lemmas: 'rationall' (Unterschied c/t, -/l).;WZB-Belege (insgesamt 15): WZB_79va_12_4, WZB_83va_12_6, WZB_83vb_8_3 | authority-files/variants.xml und lexicon.xml (Stand des Laufs)
veldungen;lemma_6797;15;ANLEGEN;[klar] Entschieden an den Belegen: Lemma lemma_6797 velt (ADJ,ADV,NOM) passt in 'bs ein crone mit geteilten slechten [veldungen] durch graben vir vinger hoch . • Un' (WZB_80rb_5_0) und in 't ous der nordnischen seiten zu den [veldungen] • Und steiget ab in die ebenunge vn' (WZB_232vb_21_3). Nächste vorhandene Variante desselben Lemmas: 'velden' (Unterschied ung/-).;WZB-Belege (insgesamt 15): WZB_80rb_5_0, WZB_163ra_36_2, WZB_167vb_4_2 | authority-files/variants.xml und lexicon.xml (Stand des Laufs)
ganczenczunten;lemma_1511;15;ANLEGEN;[klar] Entschieden an den Belegen: Lemma lemma_1511 enzünden (VRB) passt in 'e des geczeldis • Vnd den alter des [ganczenczunten] opfers in der vorlouben des geczeuk' (WZB_98va_25_3) und in 'gelubde vnd ewer willigen opfer in [ganczenczunten] - opfern in der heilikeit opfer in' (WZB_166va_27_2). Nächste vorhandene Variante desselben Lemmas: 'enzunten' (Unterschied gancz/-, c/-).;WZB-Belege (insgesamt 15): WZB_98va_25_3, WZB_99va_22_2, WZB_101rb_2_1 | authority-files/variants.xml und lexicon.xml (Stand des Laufs)
ganczenczunte;lemma_1511;15;ANLEGEN;[klar] Entschieden an den Belegen: Lemma lemma_1511 enzünden (VRB) passt in 'e opfer tir vor die svnde | vnd das [ganczenczunte] opfer , | das ist an der heiligen s' (WZB_112vb_19_0) und in 'h vnd ewerm geslechte sei zu opfern [ganczenczunte] opfer vnd opfer vnd friedsame opfer' (WZB_237rb_18_3). Nächste vorhandene Variante desselben Lemmas: 'enczunte' (Unterschied gancz/-).;WZB-Belege (insgesamt 15): WZB_112vb_19_0, WZB_164rb_5_3, WZB_164va_32_0 | authority-files/variants.xml und lexicon.xml (Stand des Laufs)
creissen;lemma_3453;15;ANLEGEN;[klar] Entschieden an den Belegen: Lemma lemma_3453 kreiʒ (NOM) passt in 'd fried wil ich euch geben in ewern [creissen] Und werdet slafen vnd keiner ist ,' (WZB_127rb_12_5) und in '̆ten . • Dorvmme hab ich bracht von [creissen] • Und hab in gefurt in die erde . •' (WZB_238va_19_0). Nächste vorhandene Variante desselben Lemmas: 'creisse' (Unterschied n/-).;WZB-Belege (insgesamt 15): WZB_127rb_12_5, WZB_172rb_3_4, WZB_178va_34_1 | authority-files/variants.xml und lexicon.xml (Stand des Laufs)
streitenden;lemma_5818;15;ANLEGEN;[klar] Entschieden an den Belegen: Lemma lemma_5818 strîten (NOM,VRB) passt in 't sein der svn vnd alle iarczal der [streitenden] von seinem geslechte vier vnd siben' (WZB_131vb_26_1) und in '• vnd vmmeringet sie mit helfe der [streitenden] . • Und do sie quamen vnd ouf geczu' (WZB_221rb_24_2). Nächste vorhandene Variante desselben Lemmas: 'streytende' (Unterschied i/y, n/-).;WZB-Belege (insgesamt 15): WZB_131vb_26_1, WZB_131vb_33_0, WZB_132ra_5_1 | authority-files/variants.xml und lexicon.xml (Stand des Laufs)
gegenwortigen;lemma_36573;15;ANLEGEN;[klar] Entschieden an den Belegen: Lemma lemma_36573 gegenwertic (ADJ,ADV) passt in 'in erblich volk , als es ist in dem [gegenwortigen] tage . • Und czornig ist der herre' (WZB_180ra_3_7) und in '| vnd der svnden meil bis in disen [gegenwortigen] tag | Bleibt noch in vns vnd ous de' (WZB_236vb_13_3). Nächste vorhandene Variante desselben Lemmas: 'gegenwürtigen' (Unterschied o/ü).;WZB-Belege (insgesamt 15): WZB_180ra_3_7, WZB_180vb_17_2, WZB_187ra_15_3 | authority-files/variants.xml und lexicon.xml (Stand des Laufs)
vorslossen;lemma_6956;14;ANLEGEN;[klar] Entschieden an den Belegen: Lemma lemma_6956 versliezen (VRB) passt in 'Und geminnert wurden die wasser vnd [vorslossen] wurden die brvnne der abgrunde • Un' (WZB_8rb_22_2) und in 'sen meris ende gegen westen wirt es [vorslossen] . • Das sint die creisse in dem vmr' (WZB_229vb_19_4). Nächste vorhandene Variante desselben Lemmas: 'vorslissen' (Unterschied o/i).;WZB-Belege (insgesamt 14): WZB_8rb_22_2, WZB_18rb_17_5, WZB_28ra_8_1 | authority-files/variants.xml und lexicon.xml (Stand des Laufs)
ruch;lemma_31613;14;ANLEGEN;"[klar] Entschieden an den Belegen: Lemma lemma_31613 rouch (NOM) passt in 'alter . • Und vnser herre roch den [ruch] der susicheit | vnd sprach zu im :' (WZB_9ra_8_3) und in 'r ganczenczuntes opfer in gar suzen [ruch] : | ein kalp von den rindern vnd ei' (WZB_165va_15_3). Nächste vorhandene Variante desselben Lemmas: 'ruche' (Unterschied -/e). Die normalisierte Form löst heute auf lemma_4990 rûch (ADJ) auf (50 Belege im Korpus); beide bleiben Kandidaten, die Reihenfolge regelt Vorschrift B aus #378.";WZB-Belege (insgesamt 14): WZB_9ra_8_3, WZB_26ra_18_2, WZB_26ra_20_1 | authority-files/variants.xml und lexicon.xml (Stand des Laufs)
egiptischen;lemma_18910;14;ANLEGEN;[klar] Entschieden an den Belegen: Lemma lemma_18910 egyptisch (ADJ) passt in 'e wil ich geben dise erde | von dem [egiptischen] wasser vncz bis czu dem grozen wass' (WZB_13vb_26_8) und in 'des dienstes | vnd von der hant des [egiptischen] kvnigs . | vnd wissest , das dein h' (WZB_183vb_12_3). Nächste vorhandene Variante desselben Lemmas: 'egyptisce' (Unterschied i/y, h/-, n/-).;WZB-Belege (insgesamt 14): WZB_13vb_26_8, WZB_43rb_21_0, WZB_48ra_21_1 | authority-files/variants.xml und lexicon.xml (Stand des Laufs)
vorkouft;lemma_6879;14;ANLEGEN;[klar] Entschieden an den Belegen: Lemma lemma_6879 verkoufen (NOM,VRB) passt in 'gehabt als die fremden vnd hat vns [vorkouft] vnd hat gessen vnseren lon ? • Sund' (WZB_30vb_7_6) und in 'war dorvm̆me , wenne ir got hat sie [vorkouft] • vnd der herre hat sie vorslossen' (WZB_211rb_31_0). Nächste vorhandene Variante desselben Lemmas: 'vorkoufet' (Unterschied -/e).;WZB-Belege (insgesamt 14): WZB_30vb_7_6, WZB_47rb_22_5, WZB_47va_4_7 | authority-files/variants.xml und lexicon.xml (Stand des Laufs)
gebrouchen;lemma_1984;14;ANLEGEN;[klar] Entschieden an den Belegen: Lemma lemma_1984 gebrûchen (NOM,VRB) passt in 'd sie antworten : • Nu wie sold her [gebrouchen] also sam einer hurn vnser swester ?' (WZB_35rb_8_6) und in 'eigen , • W­ Wenne eisereiner wegen [gebrouchen] die , | die do wonen in der veldung' (WZB_231vb_28_3). Nächste vorhandene Variante desselben Lemmas: 'gebruchen' (Unterschied o/-).;WZB-Belege (insgesamt 14): WZB_35rb_8_6, WZB_83ra_6_0, WZB_83rb_5_0 | authority-files/variants.xml und lexicon.xml (Stand des Laufs)
tŏten;lemma_6133;14;ANLEGEN;"[klar] Entschieden an den Belegen: Lemma lemma_6133 tœten (NOM,VRB) passt in 'vns , | ist , das wir vnsern bruder [tŏten] vnd vorheln sein blut . • Es ist be' (WZB_38rb_11_1) und in 'a W e NUM gen sol den manslechtigen [tŏten] zu hant; so her in begreifet , sol' (WZB_173va_2_4). Nächste vorhandene Variante desselben Lemmas: 'töten' (Unterschied ŏ/ö). Die normalisierte Form löst heute schon auf dieses Lemma auf; der Typ hält die Schreibung fest.";WZB-Belege (insgesamt 15): WZB_38rb_11_1, WZB_54vb_13_3, WZB_57rb_23_1 | authority-files/variants.xml und lexicon.xml (Stand des Laufs)
czeuhest;lemma_7861;14;ANLEGEN;[klar] Entschieden an den Belegen: Lemma lemma_7861 ziehen (NOM,VRB) passt in 'die vnd die • e , • wenne du ein [czeuhest] . • Nicht wil ich sie ous werfen vo' (WZB_78rb_24_2) und in 'ist dein herre got , zu welchem du [czeuhest] ! • Und gepot den fursten des volke' (WZB_214rb_27_1). Nächste vorhandene Variante desselben Lemmas: 'czeuhet' (Unterschied s/-).;WZB-Belege (insgesamt 14): WZB_78rb_24_2, WZB_176ra_22_6, WZB_185rb_21_3 | authority-files/variants.xml und lexicon.xml (Stand des Laufs)
sethimischem;lemma_16163;14;ANLEGEN;[klar] Entschieden an den Belegen: Lemma lemma_16163 setim (NOM) passt in 'uch stende tafeln des geczeldis von [sethimischem] holcze , | der do ycliche czehen do' (WZB_81rb_21_0) und in 'gen . • Und die machte her ouch von [sethimischem] holcze vnd bedacte die mit ereinen' (WZB_95vb_12_2). Nächste vorhandene Variante desselben Lemmas: 'setin' (Unterschied h/-, mischem/n).;WZB-Belege (insgesamt 14): WZB_81rb_21_0, WZB_81va_25_1, WZB_82ra_22_3 | authority-files/variants.xml und lexicon.xml (Stand des Laufs)
nŏrden;lemma_4424;13;ANLEGEN;[klar] Entschieden an den Belegen: Lemma lemma_4424 nort (ADV,NOM,VRB) passt in 'on der stat , in der du nv bist gen [nŏrden] XIII cap̄ GENE vnd gen czuden , gen' (WZB_12rb_35_8) und in 'czeuhet bis zu vnd zu dem tal gegen [nŏrden] , zu vnd vnd czeuhet ous czu der li' (WZB_233va_20_3). Nächste vorhandene Variante desselben Lemmas: 'norden' (Unterschied ŏ/o).;WZB-Belege (insgesamt 13): WZB_12rb_35_8, WZB_27rb_21_5, WZB_221rb_36_5 | authority-files/variants.xml und lexicon.xml (Stand des Laufs)
samens;lemma_5039;13;ANLEGEN;[klar] Entschieden an den Belegen: Lemma lemma_5039 sâme (NOM) passt in 'lso das ich sei dein got vnd deines [samens] noch dir . • Und dir wil ich geben' (WZB_14va_22_0) und in 'vorgessenheit ous dem mvnde deines [samens] . • Wenne ich weis seine gedanken h' (WZB_210ra_7_0). Nächste vorhandene Variante desselben Lemmas: 'samen' (Unterschied s/-).;WZB-Belege (insgesamt 13): WZB_14va_22_0, WZB_114rb_10_1, WZB_114va_20_1 | authority-files/variants.xml und lexicon.xml (Stand des Laufs)
czweier;lemma_7929;13;ANLEGEN;[klar] Entschieden an den Belegen: Lemma lemma_7929 zwei (ADJ,NUM) passt in 'e hant seiner housvrowen vnd seiner [czweier] e e e w pzde • toho • pzde •' (WZB_16vb_22_3) und in 'ie missetat , | svnder in dem mvnde [czweier] oder dreier geczeugen wirt steen al' (WZB_196rb_18_0). Nächste vorhandene Variante desselben Lemmas: 'zweier' (Unterschied c/-).;WZB-Belege (insgesamt 13): WZB_16vb_22_3, WZB_33va_8_0, WZB_80ra_11_1 | authority-files/variants.xml und lexicon.xml (Stand des Laufs)
heutigen;lemma_54849;13;ANLEGEN;[klar] Entschieden an den Belegen: Lemma lemma_54849 hiutec (ADJ) passt in 'n . • Der ist vater der bis ouf den [heutigen] tag . • Und die mynnere tochter gep' (WZB_17vb_3_3) und in 'eine , der do bleibt bis ouff disen [heutigen] tak . • Do stifte einen alter vnser' (WZB_222rb_3_1). Nächste vorhandene Variante desselben Lemmas: 'hutigen' (Unterschied e/-).;WZB-Belege (insgesamt 13): WZB_17vb_3_3, WZB_25rb_20_0, WZB_35vb_24_10 | authority-files/variants.xml und lexicon.xml (Stand des Laufs)
achsil;lemma_92;13;ANLEGEN;[klar] Entschieden an den Belegen: Lemma lemma_92 ahsel (NOM) passt in 'wassers • vnd saczte ir das ouf die [achsil] vnd gab ir das kint vnd lies si gee' (WZB_18va_27_6) und in 'es mochten vinden : | Bein gespan , [achsil] gespan vnd vingerlein | vnd armgesp' (WZB_169ra_6_6). Nächste vorhandene Variante desselben Lemmas: 'achsel' (Unterschied i/e).;WZB-Belege (insgesamt 13): WZB_18va_27_6, WZB_21ra_35_2, WZB_21rb_12_0 | authority-files/variants.xml und lexicon.xml (Stand des Laufs)
getŏtet;lemma_6133;13;ANLEGEN;"[klar] Entschieden an den Belegen: Lemma lemma_6133 tœten (NOM,VRB) passt in 'eines bockes blute , den sie heten [getŏtet] , Und santen , | die in trugen zu d' (WZB_38rb_31_5) und in 'ie von der hant , | so das sie icht [getŏtet] wurden . • Und saczte an dem selben' (WZB_223va_25_3). Nächste vorhandene Variante desselben Lemmas: 'getötet' (Unterschied ŏ/ö). Die normalisierte Form löst heute schon auf dieses Lemma auf; der Typ hält die Schreibung fest.";WZB-Belege (insgesamt 14): WZB_38rb_31_5, WZB_54vb_14_2, WZB_100rb_24_6 | authority-files/variants.xml und lexicon.xml (Stand des Laufs)
erstgepornen;lemma_34610;13;ANLEGEN;[klar] Entschieden an den Belegen: Lemma lemma_34610 erstgeborn (ADJ) passt in 'ouf seinem stule | vncz bis an den [erstgepornen] der meide , | die do ist zu der mvl' (WZB_64rb_5_0) und in 'nne her ist der erstgeporne , , dem [erstgepornen] , dem vater , der do was ein streit' (WZB_231ra_24_0). Nächste vorhandene Variante desselben Lemmas: 'erstgeporen' (Unterschied n/-).;WZB-Belege (insgesamt 13): WZB_64rb_5_0, WZB_133sra_22_1, WZB_133srb_7_3 | authority-files/variants.xml und lexicon.xml (Stand des Laufs)
humeral;lemma_2;13;NICHT_ANLEGEN;lemma_2 abc: eigenes Thema (KZW, #228, 11.09.), in diesem Lauf nicht bearbeitet. Beleg: 'vnd oniknien steine , zu cziren das [humeral] | vnd das racional vnd machen mir e' (WZB_79va_12_0). Befund und Zielvorschlag: abc-befunde.csv.;WZB-Belege (insgesamt 13): WZB_79va_12_0, WZB_83ra_19_1, WZB_83rb_8_7 | authority-files/variants.xml und lexicon.xml (Stand des Laufs)
vassen;lemma_6774;13;ANLEGEN;"[klar] Entschieden an den Belegen: Lemma lemma_6774 vaʒ (NOM) passt in 'te des leuchters | mit allen seinen [vassen] | sol haben einen centner reines go' (WZB_80va_28_2) und in '• vnd also doch so , das sie zu den [vassen] des heiligtumes vnd zu dem alter ni' (WZB_151vb_30_8). Nächste vorhandene Variante desselben Lemmas: 'vasse' (Unterschied n/-). Die normalisierte Form löst heute auf lemma_15541 vassen (VRB) auf (7 Belege im Korpus); beide bleiben Kandidaten, die Reihenfolge regelt Vorschrift B aus #378.";WZB-Belege (insgesamt 13): WZB_80va_28_2, WZB_87rb_29_2, WZB_88ra_13_0 | authority-files/variants.xml und lexicon.xml (Stand des Laufs)
uorvluchet;lemma_7007;13;ANLEGEN;[klar] Entschieden an den Belegen: Lemma lemma_7007 vervluochen (VRB) passt in 'volk vnd sprechn : DEUTRO amen . • [Uorvluchet] sei , der do vber tregt die krechse' (WZB_204ra_2_3) und in 'ben czeiten wunschte sprechende : • [Uorvluchet] sey der man , | der erwecket | vnd' (WZB_219va_10_3). Nächste vorhandene Variante desselben Lemmas: 'vurvluchet' (Unterschied -/v, o/-).;WZB-Belege (insgesamt 13): WZB_204ra_2_3, WZB_204ra_5_5, WZB_204ra_8_7 | authority-files/variants.xml und lexicon.xml (Stand des Laufs)
vorterbte;lemma_6835;12;ANLEGEN;[klar] Entschieden an den Belegen: Lemma lemma_6835 verderben (NOM,VRB) passt in 'do entstunt gegen seinem bruder vnd [vorterbte] in . • Und vnser herre sprach zu :' (WZB_5va_23_1) und in '. • In den selben czeiten quame vnd [vorterbte] von den gepirgen vnd vnd | vnd von' (WZB_226va_24_2). Nächste vorhandene Variante desselben Lemmas: 'vorterbete' (Unterschied -/e).;WZB-Belege (insgesamt 12): WZB_5va_23_1, WZB_68va_21_2, WZB_88vb_32_6 | authority-files/variants.xml und lexicon.xml (Stand des Laufs)
vorgossen;lemma_6857;12;ANLEGEN;[klar] Entschieden an den Belegen: Lemma lemma_6857 vergiezen (VRB) passt in 'nschlich blut , des blut sol werden [vorgossen] , • wenne czu einem bilde gotes ist' (WZB_9rb_8_1) und in 'hant des nehsten , | begerende das [vorgossen] blut zu rechen vncz bis her gestund' (WZB_234vb_15_1). Nächste vorhandene Variante desselben Lemmas: 'vergussen' (Unterschied o/e, o/u).;WZB-Belege (insgesamt 12): WZB_9rb_8_1, WZB_113ra_8_0, WZB_113rb_17_2 | authority-files/variants.xml und lexicon.xml (Stand des Laufs)
guldeinen;lemma_68928;12;PRUEFSEITE;[KI-Vorschlag: ANDERE_ZUORDNUNG:lemma_2567] [klar] Alle 12 Belege sind Adjektive ('guldeinen ŏrringe', 'guldeinen blechen', 'guldeinen alter'), lemma_68928 gulden ist das Substantiv (Münze). Die Schwesterform guldeine steht in der WZB schon unter lemma_2567 guldîn. Eine Änderung von @lemmaRef wendet dieser Lauf nicht an, die Entscheidung liegt bei der Prüfseite.;WZB-Belege (insgesamt 12): WZB_21va_35_2, WZB_80rb_2_3, WZB_80rb_12_2 | authority-files/variants.xml und lexicon.xml (Stand des Laufs)
werkis;lemma_7487;12;ANLEGEN;[klar] Entschieden an den Belegen: Lemma lemma_7487 werc (NOM) passt in 'e ein gienk in das hous | vnd etwas [werkis] hette svnderliches | vnd heimliches' (WZB_40rb_7_6) und in 'ren gotes . • N NOMIUS Nichtesnicht [werkis] tu an im du vnd deine svne vnd dein' (WZB_181vb_2_1). Nächste vorhandene Variante desselben Lemmas: 'werks' (Unterschied i/-).;WZB-Belege (insgesamt 12): WZB_40rb_7_6, WZB_55vb_2_3, WZB_57vb_32_4 | authority-files/variants.xml und lexicon.xml (Stand des Laufs)
vorbrante;lemma_6824;12;ANLEGEN;[klar] Entschieden an den Belegen: Lemma lemma_6824 verbrennen (VRB) passt in 'ch , das der busch brante vnd nicht [vorbrante] . • Nu sprach dorvmbe Scribat Exodu' (WZB_55rb_35_0) und in 'entedir IOSUE te her vnd ire wegen [vorbrante] her . • Und karte wider czu hant vn' (WZB_226rb_2_5). Nächste vorhandene Variante desselben Lemmas: 'vorbrant' (Unterschied e/-).;WZB-Belege (insgesamt 12): WZB_55rb_35_0, WZB_89rb_18_2, WZB_106ra_9_0 | authority-files/variants.xml und lexicon.xml (Stand des Laufs)
entvn;lemma_8268;12;ANLEGEN;[klar] Entschieden an den Belegen: Lemma lemma_8268 entuon (NEG,VRB) passt in 'n gotis saltu keinerlei werke nicht [entvn] | vnd dein svn vnd dein tochter | v' (WZB_74va_22_1) und in ', | ob sie das wirt tvn oder nicht [entvn] . • Und ist , das der man das horen' (WZB_167ra_29_3). Nächste vorhandene Variante desselben Lemmas: 'entven' (Unterschied -/e).;WZB-Belege (insgesamt 12): WZB_74va_22_1, WZB_123vb_3_3, WZB_124ra_9_5 | authority-files/variants.xml und lexicon.xml (Stand des Laufs)
weihunge;lemma_44080;12;ANLEGEN;[klar] Entschieden an den Belegen: Lemma lemma_44080 wîhunge (NOM) passt in 'do von , | das es ist der wider der [weihunge] . | vnd einen kuchen brotis | vnd c' (WZB_85va_22_1) und in 'svnes . • Dise sint geopfert in der [weihunge] des alters • von den fursten in dem' (WZB_139vb_31_2). Nächste vorhandene Variante desselben Lemmas: 'weyhunge' (Unterschied i/y).;WZB-Belege (insgesamt 12): WZB_85va_22_1, WZB_85vb_29_6, WZB_105rb_23_2 | authority-files/variants.xml und lexicon.xml (Stand des Laufs)
veistikeit;lemma_36292;12;ANLEGEN;[klar] Entschieden an den Belegen: Lemma lemma_36292 veiztecheit (NOM) passt in 'u einem opfer vnserm herren : • Die [veistikeit] , die do bedecket das in gesneite |' (WZB_100rb_31_5) und in ', von der opfertiren sie assen die [veistikeit] vnd trvnken irn opfer wein ? • Ouf' (WZB_211va_25_0). Nächste vorhandene Variante desselben Lemmas: 'feistikeit' (Unterschied v/f).;WZB-Belege (insgesamt 12): WZB_100rb_31_5, WZB_102ra_22_5, WZB_105ra_31_6 | authority-files/variants.xml und lexicon.xml (Stand des Laufs)
morserl;lemma_26724;12;ANLEGEN;"[klar] Entschieden an den Belegen: Lemma lemma_26724 morsære (NOM,VRB) passt in 'der heilicheit opfer , ein guldein [morserl] wegende czehen scot voller weihrou' (WZB_138ra_36_1) und in 'es heiligtumes; • C Czwelf guldeine [morserl] vol weirouchs wegende yclicher czeh' (WZB_140ra_9_2). Nächste vorhandene Variante desselben Lemmas: 'morser' (Unterschied l/-).";WZB-Belege (insgesamt 12): WZB_138ra_36_1, WZB_138rb_21_0, WZB_138va_5_0 | authority-files/variants.xml und lexicon.xml (Stand des Laufs)
schŏne;lemma_5280;11;ANLEGEN;"[klar] Entschieden an den Belegen: Lemma lemma_5280 schœne (ADJ,ADV,GRA,NOM) passt in 'erden alles holcz , | das czu sehen [schŏne] was vnd zu essen suze . • Und das h' (WZB_3vb_23_2) und in '• Als eines erstgepornen ist seine [schŏne] . • Einhornes horner sint sein horn' (WZB_212vb_26_0). Nächste vorhandene Variante desselben Lemmas: 'scohne' (Unterschied -/o, ŏ/-). Die normalisierte Form löst heute schon auf dieses Lemma auf; der Typ hält die Schreibung fest.";WZB-Belege (insgesamt 11): WZB_3vb_23_2, WZB_4va_20_5, WZB_7ra_9_5 | authority-files/variants.xml und lexicon.xml (Stand des Laufs)
yeclicher;lemma_3006;11;ANLEGEN;[klar] Entschieden an den Belegen: Lemma lemma_3006 iegelich (ADJ) passt in 'nd vorfluchtig vf der erden . • Ein [yeclicher] dorumbe , der mich vindet , der erm' (WZB_5vb_13_5) und in ', sol wasschen sein gewant . • Ein [yeclicher] , der do an ruret die wasser der re' (WZB_154ra_10_5). Nächste vorhandene Variante desselben Lemmas: 'yecleicher' (Unterschied -/e).;WZB-Belege (insgesamt 11): WZB_5vb_13_5, WZB_5vb_17_5, WZB_14vb_9_2 | authority-files/variants.xml und lexicon.xml (Stand des Laufs)
ereine;lemma_1285;11;ANLEGEN;[klar] Entschieden an den Belegen: Lemma lemma_1285 êrîn (ADJ) passt in 'as ein hemerer vnd ein smid in alle [ereine] vnd eisereine werck . • Aber die sw' (WZB_6ra_25_3) und in 'en sie , | an silber vnd ł golt vnd [ereine] vas vnd eisereine , | das sie in di' (WZB_219rb_16_2). Nächste vorhandene Variante desselben Lemmas: 'erine' (Unterschied e/-).;WZB-Belege (insgesamt 11): WZB_6ra_25_3, WZB_81ra_34_2, WZB_82rb_2_0 | authority-files/variants.xml und lexicon.xml (Stand des Laufs)
dreissick;lemma_1222;11;ANLEGEN;[klar] Entschieden an den Belegen: Lemma lemma_1222 drîʒec (NUM) passt in 'm vnd er geperte , acht hundert vnd [dreissick] iare vnd geperte svne vnd tŏchter' (WZB_6va_21_15) und in 'n irr svne vnd irr tochter drei vnd [dreissick] . • Die svne : vnd vnd vnd , |' (WZB_48vb_15_2). Nächste vorhandene Variante desselben Lemmas: 'dreissigk' (Unterschied c/g).;WZB-Belege (insgesamt 11): WZB_6va_21_15, WZB_7rb_28_4, WZB_11ra_5_2 | authority-files/variants.xml und lexicon.xml (Stand des Laufs)
czweihundert;lemma_7931;11;ANLEGEN;[klar] Entschieden an den Belegen: Lemma lemma_7931 zweihundert (NUM) passt in 'h dem vnd er geperte , nevn iar vnd [czweihundert] iare vnd geperte svne vnd tochter .' (WZB_11ra_8_3) und in 'roten mantil gar einen guten | vnd [czweihundert] scot silbers vnd einen guldeinen ma' (WZB_220va_17_2). Nächste vorhandene Variante desselben Lemmas: 'zweihundert' (Unterschied c/-).;WZB-Belege (insgesamt 11): WZB_11ra_8_3, WZB_11ra_12_7, WZB_11rb_12_6 | authority-files/variants.xml und lexicon.xml (Stand des Laufs)
eslinne;lemma_27421;11;ANLEGEN;[klar] Entschieden an den Belegen: Lemma lemma_27421 eselin (NOM) passt in 'nd esil vnd knechte vnd gesinde vnd [eslinne] vnd camelen . • Aber vnser herre sl' (WZB_11vb_15_3) und in 't mir wider . • Und hette nicht die [eslinne] geneiget von dem wege gebende die s' (WZB_158rb_9_2). Nächste vorhandene Variante desselben Lemmas: 'eselinne' (Unterschied -/e).;WZB-Belege (insgesamt 11): WZB_11vb_15_3, WZB_48ra_35_0, WZB_51vb_14_7 | authority-files/variants.xml und lexicon.xml (Stand des Laufs)
ŏsten;lemma_4449;11;ANLEGEN;[klar] Entschieden an den Belegen: Lemma lemma_4449 ôsten (ADV,NOM) passt in 'XIII cap̄ GENE vnd gen czuden , gen [ŏsten] vnd gegen westen . • Alle die lant' (WZB_12va_2_5) und in 'on nŏrden vnd in dem geslechte von [ŏsten] . Und es was das erbe in vnd in :' (WZB_231va_29_2). Nächste vorhandene Variante desselben Lemmas: 'ôsten' (Unterschied ŏ/ô).;WZB-Belege (insgesamt 11): WZB_12va_2_5, WZB_27rb_21_1, WZB_27vb_3_4 | authority-files/variants.xml und lexicon.xml (Stand des Laufs)
knechtils;lemma_3377;11;ANLEGEN;[klar] Entschieden an den Belegen: Lemma lemma_3377 kneht (NOM) passt in 'vnd vnder euch besniten werden alle [knechtils] geslechte . • Denne gebe wir euch v' (WZB_34va_33_1) und in ', so slach alles , das dorinne ist [knechtils] geslechte , in dem mvnde des swerti' (WZB_197ra_34_3). Nächste vorhandene Variante desselben Lemmas: 'knechtil' (Unterschied s/-).;WZB-Belege (insgesamt 11): WZB_34va_33_1, WZB_54ra_21_0, WZB_91vb_10_1 | authority-files/variants.xml und lexicon.xml (Stand des Laufs)
hŏren;lemma_2885;11;ANLEGEN;"[klar] Entschieden an den Belegen: Lemma lemma_2885 hœren (INJ,NOM,VRB) passt in 'sie entsliesse . • Die hab ich dich [hŏren] gar weislichen ouslegen . antworte' (WZB_42ra_27_0) und in 'nde den veinden die rucke keren ? | [Hŏren] werden das die vnd alle woner der e' (WZB_220ra_18_0). Nächste vorhandene Variante desselben Lemmas: 'hören' (Unterschied ŏ/ö). Die normalisierte Form löst heute schon auf dieses Lemma auf; der Typ hält die Schreibung fest.";WZB-Belege (insgesamt 12): WZB_42ra_27_0, WZB_56ra_27_1, WZB_56rb_25_0 | authority-files/variants.xml und lexicon.xml (Stand des Laufs)
besiczest;lemma_582;11;ANLEGEN;[klar] Entschieden an den Belegen: Lemma lemma_582 besitzen (NOM,VRB) passt in 'deine rinder | vnd alles , | das du [besiczest] . • Und aldo wil ich dich neren , •' (WZB_47va_31_4) und in 'n , die her dir wil geben vnd du si [besiczest] vnd wirst wonen in iren steten vnd' (WZB_195va_29_0). Nächste vorhandene Variante desselben Lemmas: 'besiczet' (Unterschied s/-).;WZB-Belege (insgesamt 11): WZB_47va_31_4, WZB_47vb_3_2, WZB_78rb_33_0 | authority-files/variants.xml und lexicon.xml (Stand des Laufs)
czouberer;lemma_7903;11;ANLEGEN;[klar] Entschieden an den Belegen: Lemma lemma_7903 zouberære (NOM) passt in 'chin . Aber die rute , die vras der [czouberer] ruten . • Und hercze wart gehertet' (WZB_59vb_6_1) und in 'der erden . Und , den svn , • den [czouberer] , den slugen in dem swerte , mit de' (WZB_228rb_19_1). Nächste vorhandene Variante desselben Lemmas: 'zouberer' (Unterschied c/-).;WZB-Belege (insgesamt 11): WZB_59vb_6_1, WZB_60ra_21_2, WZB_60vb_26_4 | authority-files/variants.xml und lexicon.xml (Stand des Laufs)
wonungen;lemma_7697;11;ANLEGEN;[klar] Entschieden an den Belegen: Lemma lemma_7697 wonunge (NOM) passt in 't ir nicht essen . • In allen ewern [wonungen] sult ir essen oster speise . • aber' (WZB_65rb_12_1) und in 'ige vnd eliche recht in allen ewern [wonungen] . • Der manslechtige vnder geczeuge' (WZB_173vb_7_5). Nächste vorhandene Variante desselben Lemmas: 'wonuongen' (Unterschied -/o).;WZB-Belege (insgesamt 11): WZB_65rb_12_1, WZB_71va_9_1, WZB_92va_11_3 | authority-files/variants.xml und lexicon.xml (Stand des Laufs)
vbirdecke;lemma_46787;11;ANLEGEN;[klar] Entschieden an den Belegen: Lemma lemma_46787 überdecke (NOM,PRP) passt in 'h des geczeldes . • Die lenge einer [vbirdecke] schol haben dreissig dovm elen • vn' (WZB_81ra_16_2) und in 'ecken wurde . • Ouch machte her ein [vbirdecke] des geczeldis | von rotgeverbten wi' (WZB_94ra_19_3). Nächste vorhandene Variante desselben Lemmas: 'überdecke' (Unterschied v/ü, i/e).;WZB-Belege (insgesamt 11): WZB_81ra_16_2, WZB_81ra_24_0, WZB_81ra_27_2 | authority-files/variants.xml und lexicon.xml (Stand des Laufs)
ereinen;lemma_1285;11;ANLEGEN;[klar] Entschieden an den Belegen: Lemma lemma_1285 êrîn (ADJ) passt in 'hem holcze czwene , die bedecke mit [ereinen] blechen | vnd stos die durch die ri' (WZB_82rb_14_4) und in 'dem eingange des geczeldis , • Den [ereinen] alter , | ł rost rigel vnd alle sei' (WZB_97vb_11_4). Nächste vorhandene Variante desselben Lemmas: 'erinen' (Unterschied e/-).;WZB-Belege (insgesamt 11): WZB_82rb_14_4, WZB_82va_8_3, WZB_82va_15_3 | authority-files/variants.xml und lexicon.xml (Stand des Laufs)
opfertires;lemma_6080;11;ANLEGEN;[klar] Genitiv des Kompositums opfertir ('die hende ouf des opfertires houbet'): gleiche Begründung wie bei opfertir, Grundwort lemma_6080 tier.;WZB-Belege (insgesamt 11): WZB_85rb_29_5, WZB_99ra_18_3, WZB_101rb_13_1 | authority-files/variants.xml und lexicon.xml (Stand des Laufs)
meiligt;lemma_18886;11;PRUEFSEITE;[KI-Vorschlag: ANDERE_ZUORDNUNG:lemma_15846] [klar] 'Nicht meiligt ewer selen in allem krichenden' (WZB_110ra_12_5) und 'meiligt den namen ires vaters' (WZB_121ra_16_1) verlangen 'beflecken' (Verbot der Verunreinigung), nicht 'heiligen'. Lexer: meiligen swv. 'beflecken, beschmutzen'. Eine Änderung von @lemmaRef wendet dieser Lauf nicht an, die Entscheidung liegt bei der Prüfseite.;WZB-Belege (insgesamt 11): WZB_88rb_3_0, WZB_104vb_16_1, WZB_110ra_12_5 | Lexer Bd. 1, Sp. 2077, meiligen swv. (beflecken, beschmutzen) und meilen swv. (dasselbe): https://woerterbuchnetz.de/?sigle=Lexer&lemid=M00970 und https://woerterbuchnetz.de/?sigle=Lexer&lemid=M00971 | authority-files/variants.xml und lexicon.xml (Stand des Laufs)
ganczenczuntes;lemma_1511;11;ANLEGEN;[klar] Entschieden an den Belegen: Lemma lemma_1511 enzünden (VRB) passt in 'lt ir opfern opfertir , • Ist , das [ganczenczuntes] opfer sein opfer ist | vnd von rind' (WZB_99ra_11_6) und in 'epolirten vnd NOMIUS opfer | dorouf [ganczenczuntes] opfer . • Und toten wirftu vridsame' (WZB_203vb_2_3). Nächste vorhandene Variante desselben Lemmas: 'enczunte' (Unterschied gancz/-, s/-).;WZB-Belege (insgesamt 11): WZB_99ra_11_6, WZB_103va_7_2, WZB_123vb_13_1 | authority-files/variants.xml und lexicon.xml (Stand des Laufs)
svndet;lemma_5867;11;ANLEGEN;[klar] Entschieden an den Belegen: Lemma lemma_5867 sünde (NOM,VRB) passt in 'Rede zu : • D Die sele , die do [svndet] vnwissende | vnd von allen den gepo' (WZB_100vb_30_5) und in 'ber habn geworcht iren gŏten | vnd [svndet] in ewern herren got . • Wenne du be' (WZB_197va_5_1). Nächste vorhandene Variante desselben Lemmas: 'svnde' (Unterschied t/-).;WZB-Belege (insgesamt 11): WZB_100vb_30_5, WZB_100vb_36_0, WZB_101va_34_4 | authority-files/variants.xml und lexicon.xml (Stand des Laufs)
opfernde;lemma_4489;11;ANLEGEN;[klar] Entschieden an den Belegen: Lemma lemma_4489 opfern (VRB) passt in 'm priester . • Der sol biten vor yn [opfernde] den wider vnd wirt im vorgeben . •' (WZB_102vb_27_0) und in 'e , haben sie getan iren gŏten , | [opfernde] ire svne vnd ire tŏchter vnd vorpr' (WZB_190ra_25_6). Nächste vorhandene Variante desselben Lemmas: 'opfern' (Unterschied de/-).;WZB-Belege (insgesamt 11): WZB_102vb_27_0, WZB_105ra_28_5, WZB_107ra_18_4 | authority-files/variants.xml und lexicon.xml (Stand des Laufs)
numeri;lemma_2;11;NICHT_ANLEGEN;lemma_2 abc: eigenes Thema (KZW, #228, 11.09.), in diesem Lauf nicht bearbeitet. Beleg: 'rde buch der bucher , das gnant ist [Numeri] vnd ist also vil gesprochen zu deut' (WZB_130ra_32_1). Befund und Zielvorschlag: abc-befunde.csv.;WZB-Belege (insgesamt 11): WZB_130ra_32_1, WZB_135ra_2_0, WZB_136ra_2_0 | authority-files/variants.xml und lexicon.xml (Stand des Laufs)
flute;lemma_7152;10;ANLEGEN;[klar] Entschieden an den Belegen: Lemma lemma_7152 vluot (NOM,VRB) passt in 'Secht ich wil zufuren di wasser der [flute] auf die erde . • Und GENESIS wil vo' (WZB_7rb_37_1) und in ', do er geperte czwei iar noch der [flute] . • Und lebte , dornach vnd er gepe' (WZB_10vb_8_3). Nächste vorhandene Variante desselben Lemmas: 'fluote' (Unterschied -/o).;WZB-Belege (insgesamt 10): WZB_7rb_37_1, WZB_7vb_13_1, WZB_7vb_18_3 | authority-files/variants.xml und lexicon.xml (Stand des Laufs)
vortilgte;lemma_6992;10;ANLEGEN;[klar] Entschieden an den Belegen: Lemma lemma_6992 vertilgen (VRB) passt in 'der erden , die sturben . • Und er [vortilgte] alle habe , die do was auf der erde' (WZB_8rb_7_5) und in ': , des vaters , sie ist . • Und [vortilgte] ous ir drei svne : • vnd vnd von de' (WZB_229vb_26_5). Nächste vorhandene Variante desselben Lemmas: 'vertilgte' (Unterschied o/e).;WZB-Belege (insgesamt 10): WZB_8rb_7_5, WZB_88vb_33_6, WZB_161ra_9_0 | authority-files/variants.xml und lexicon.xml (Stand des Laufs)
czeucht;lemma_7861;10;ANLEGEN;[klar] Entschieden an den Belegen: Lemma lemma_7861 ziehen (NOM,VRB) passt in 'Und es wart ir wonunge von als man [czeucht] zu dem perge in . • Dicz sint die k' (WZB_10rb_28_0) und in 'nd ein teil des pergis , der do ouf [czeucht] gegen vncz bis zu durch ebenunge de' (WZB_226va_7_1). Nächste vorhandene Variante desselben Lemmas: 'zeucht' (Unterschied c/-).;WZB-Belege (insgesamt 10): WZB_10rb_28_0, WZB_12rb_21_0, WZB_23va_18_0 | authority-files/variants.xml und lexicon.xml (Stand des Laufs)
wustnunge;lemma_59071;10;ANLEGEN;[klar] Entschieden an den Belegen: Lemma lemma_59071 wüestenunge (NOM) passt in 'not , der do ist an dem wege in der [wustnunge] , der sprache czu ir : • , du mait' (WZB_14ra_31_1) und in 'nidristen waren , | in das mer der [wustnunge] vlussen sie , | das nv heisset das' (WZB_216va_6_6). Nächste vorhandene Variante desselben Lemmas: 'wustunge' (Unterschied n/-).;WZB-Belege (insgesamt 10): WZB_14ra_31_1, WZB_115vb_25_5, WZB_147vb_13_5 | authority-files/variants.xml und lexicon.xml (Stand des Laufs)
uorwar;lemma_8989;10;ANLEGEN;[klar] Entschieden an den Belegen: Lemma lemma_8989 vürwâr (ADV) passt in 'h gesehen hat . • Und er sprach : • [Uorwar] alhie hab ich gesehen des hindertei' (WZB_14rb_20_3) und in 'm halben geslechte czehen stete . • [Uorwar] den kindern gienk ous das los , so' (WZB_235ra_24_2). Nächste vorhandene Variante desselben Lemmas: 'fuorwar' (Unterschied -/f).;WZB-Belege (insgesamt 10): WZB_14rb_20_3, WZB_30va_9_0, WZB_56vb_21_3 | authority-files/variants.xml und lexicon.xml (Stand des Laufs)
wŏlle;lemma_7473;10;ANLEGEN;"[klar] Entschieden an den Belegen: Lemma lemma_7473 wellen (VEM,VRB) passt in '• Mit nichte , svnder in der gassen [wŏlle] wir bleiben . • Und er bate sie gar' (WZB_16rb_27_2) und in '. • Und wo du vns hin sendest , do [wŏlle] wir hin czihen . • als wir - IOSUE' (WZB_214va_33_6). Nächste vorhandene Variante desselben Lemmas: 'wülle' (Unterschied ŏ/ü). Die normalisierte Form löst heute schon auf dieses Lemma auf; der Typ hält die Schreibung fest.";WZB-Belege (insgesamt 10): WZB_16rb_27_2, WZB_16va_22_0, WZB_25va_32_10 | authority-files/variants.xml und lexicon.xml (Stand des Laufs)
vŏrchte;lemma_7298;10;ANLEGEN;"[klar] Entschieden an den Belegen: Lemma lemma_7298 vürhten (NOM,VRB) passt in 'vnd sprach : • Was tuestu ? • nicht [vŏrchte] dich , • wenne got hat erhort die s' (WZB_18vb_10_10) und in 'ht peinige in mit gewalt , • Svnder [vŏrchte] deinen got . • Knechte vnd meide su' (WZB_126vb_9_0). Nächste vorhandene Variante desselben Lemmas: 'vürchte' (Unterschied ŏ/ü). Die normalisierte Form löst heute schon auf dieses Lemma auf; der Typ hält die Schreibung fest.";WZB-Belege (insgesamt 11): WZB_18vb_10_10, WZB_24vb_31_1, WZB_25va_31_6 | authority-files/variants.xml und lexicon.xml (Stand des Laufs)
hŏret;lemma_2885;10;ANLEGEN;"[klar] Entschieden an den Belegen: Lemma lemma_2885 hœren (INJ,NOM,VRB) passt in 'das ich begrabe meinen toten , | so [hŏret] mich vnd bitet vor mich gegen , dem' (WZB_20rb_8_5) und in 'mit dem eide , an welchem tage das [hŏret] der man | vnd das nicht wider redet' (WZB_166vb_33_3). Nächste vorhandene Variante desselben Lemmas: 'höret' (Unterschied ŏ/ö). Die normalisierte Form löst heute schon auf dieses Lemma auf; der Typ hält die Schreibung fest.";WZB-Belege (insgesamt 12): WZB_20rb_8_5, WZB_37rb_34_0, WZB_51va_11_0 | authority-files/variants.xml und lexicon.xml (Stand des Laufs)
eldisten;lemma_155;10;ANLEGEN;[klar] Entschieden an den Belegen: Lemma lemma_155 alt (ADJ,GRA,NOM) passt in 'das er hette . • Der sprach zu dem [eldisten] knechte seines houseˢ , SIS der do' (WZB_20va_35_0) und in 'n der stat | vnd wirt reden czu den [eldisten] der stat , die | die yn beweren vns' (WZB_234va_11_0). Nächste vorhandene Variante desselben Lemmas: 'eldiste' (Unterschied n/-).;WZB-Belege (insgesamt 10): WZB_20va_35_0, WZB_127va_13_0, WZB_197vb_2_6 | authority-files/variants.xml und lexicon.xml (Stand des Laufs)
besasen;lemma_582;10;ANLEGEN;[klar] Entschieden an den Belegen: Lemma lemma_582 besitzen (NOM,VRB) passt in 'as nichtesnicht tot | von den , das [besasen] . • Besweret wart das hercze | vnd' (WZB_61vb_13_6) und in 'gesworn hette zu geben . • Und sie [besasen] sie vnd wonten in ir . • Und gegebe' (WZB_236ra_11_5). Nächste vorhandene Variante desselben Lemmas: 'besaszen' (Unterschied -/z).;WZB-Belege (insgesamt 10): WZB_61vb_13_6, WZB_156va_7_5, WZB_156vb_9_3 | authority-files/variants.xml und lexicon.xml (Stand des Laufs)
czehende;lemma_7780;10;ANLEGEN;[klar] Entschieden an den Belegen: Lemma lemma_7780 zehende (ADJ,NOM,NUM) passt in 'EXO ende der erden . • Aber ist das [czehende] teil der mas , die do ist genant ep' (WZB_71va_3_2) und in 'che vnsers herren • vncz bis in das [czehende] geslechte . • Die vnd die ouch noch' (WZB_199vb_30_4). Nächste vorhandene Variante desselben Lemmas: 'czehenden' (Unterschied -/n).;WZB-Belege (insgesamt 10): WZB_71va_3_2, WZB_102vb_1_1, WZB_103vb_10_3 | authority-files/variants.xml und lexicon.xml (Stand des Laufs)
ochsens;lemma_4480;10;ANLEGEN;[klar] Entschieden an den Belegen: Lemma lemma_4480 ohse (NOM) passt in '• Nicht seiner meide , nicht seines [ochsens] , | Nicht seines esils | noch alles' (WZB_74vb_9_4) und in 'Nicht soltu vorpinden den mvnt des [ochsens] , der do ouf dem tenne zu trettet d' (WZB_201vb_15_1). Nächste vorhandene Variante desselben Lemmas: 'ochsen' (Unterschied s/-).;WZB-Belege (insgesamt 10): WZB_74vb_9_4, WZB_76ra_17_1, WZB_76rb_15_1 | authority-files/variants.xml und lexicon.xml (Stand des Laufs)
stengil;lemma_15183;10;ANLEGEN;[klar] Entschieden an den Belegen: Lemma lemma_15183 stengel (NOM) passt in 'lilgen von im ous geende . • Sechs [stengil] sullen von im ous geen von den seit' (WZB_80rb_31_6) und in 'as , | das NUM zu beiden seiten der [stengil] ouswachsende ist • Noch dem pilder' (WZB_140va_2_4). Nächste vorhandene Variante desselben Lemmas: 'stengel' (Unterschied i/e).;WZB-Belege (insgesamt 10): WZB_80rb_31_6, WZB_80rb_33_5, WZB_80rb_37_1 | authority-files/variants.xml und lexicon.xml (Stand des Laufs)
vngemeiligte;lemma_18886;10;PRUEFSEITE;[KI-Vorschlag: ANDERE_ZUORDNUNG:lemma_15846] [klar] 'vngemeiligte lemmer' und 'vngemeiligte czige' sind makellose Opfertiere: Negation un- zu gemeilet 'befleckt'. Unter heiligen ('ungeheiligt') ergäbe der Opferbefund keinen Sinn. Eine Änderung von @lemmaRef wendet dieser Lauf nicht an, die Entscheidung liegt bei der Prüfseite.;WZB-Belege (insgesamt 10): WZB_84vb_3_0, WZB_101vb_27_3, WZB_112vb_3_0 | Lexer Bd. 1, Sp. 2077, meiligen swv. (beflecken, beschmutzen) und meilen swv. (dasselbe): https://woerterbuchnetz.de/?sigle=Lexer&lemid=M00970 und https://woerterbuchnetz.de/?sigle=Lexer&lemid=M00971 | authority-files/variants.xml und lexicon.xml (Stand des Laufs)
nirlein;lemma_26768;10;ANLEGEN;[klar] Entschieden an den Belegen: Lemma lemma_26768 niere (NOM) passt in 'nd das necze der leber vnd di czwei [nirlein] vnd das veiste , das dorvmme ist •' (WZB_85rb_9_0) und in 'ens vnd den czagil des widers , die [nirlein] mit irem veisten | vnd das neczil d' (WZB_107va_25_6). Nächste vorhandene Variante desselben Lemmas: 'nyren' (Unterschied i/y, l/-, i/-).;WZB-Belege (insgesamt 10): WZB_85rb_9_0, WZB_100va_32_5, WZB_100vb_14_1 | authority-files/variants.xml und lexicon.xml (Stand des Laufs)
opfertiren;lemma_6080;10;ANLEGEN;[klar] Dativ Plural des Kompositums opfertir ('von den geduldigen opfertiren'): gleiche Begründung wie bei opfertir, Grundwort lemma_6080 tier.;WZB-Belege (insgesamt 10): WZB_85vb_18_0, WZB_101vb_18_2, WZB_102ra_5_3 | authority-files/variants.xml und lexicon.xml (Stand des Laufs)
gerete;lemma_2149;10;ANLEGEN;"[klar] Entschieden an den Belegen: Lemma lemma_2149 geræte (NOM) passt in 'inen vassen , den leuchter vnd sein [gerete] | vnd den alter des thimiamischen p' (WZB_87rb_30_2) und in 'ei gewant oder vas | v vnd etwas in [gerete] | bereit von czigen palgen vnd von' (WZB_168ra_19_3). Nächste vorhandene Variante desselben Lemmas: 'gerethe' (Unterschied -/h). Die normalisierte Form löst heute schon auf dieses Lemma auf; der Typ hält die Schreibung fest.";WZB-Belege (insgesamt 10): WZB_87rb_30_2, WZB_87rb_34_2, WZB_95va_37_3 | authority-files/variants.xml und lexicon.xml (Stand des Laufs)
gesvndet;lemma_5867;10;ANLEGEN;[klar] Entschieden an den Belegen: Lemma lemma_5867 sünde (NOM,VRB) passt in 'erre ich bite dich , | das volk hat [gesvndet] | grose svnde | vnd sie haben in ge' (WZB_89vb_4_6) und in 'r dunket euch das cleine , | das ir [gesvndet] habt in | vnd der svnden meil bis i' (WZB_236vb_11_5). Nächste vorhandene Variante desselben Lemmas: 'svnde' (Unterschied ge/-, t/-).;WZB-Belege (insgesamt 10): WZB_89vb_4_6, WZB_89vb_11_5, WZB_102rb_8_2 | authority-files/variants.xml und lexicon.xml (Stand des Laufs)
bedakte;lemma_433;10;ANLEGEN;[klar] Entschieden an den Belegen: Lemma lemma_433 bedecken (VRB) passt in '| so er her ous gienk . • Aber her [bedakte] wider sein antlicze , ob her etwenn' (WZB_92rb_15_8) und in 'e vber sie die wasser des meres vnd [bedakte] sie . Gesehen haben ewer ougen alle' (WZB_238vb_5_3). Nächste vorhandene Variante desselben Lemmas: 'bedackte' (Unterschied -/c).;WZB-Belege (insgesamt 10): WZB_92rb_15_8, WZB_94va_9_3, WZB_94va_28_3 | authority-files/variants.xml und lexicon.xml (Stand des Laufs)
vngemeiligtes;lemma_18886;10;PRUEFSEITE;[KI-Vorschlag: ANDERE_ZUORDNUNG:lemma_15846] [klar] 'ein vngemeiligtes knechtil opfer', 'vngemeiligtes kalp': makelloses Opfertier, Negation zu gemeilet 'befleckt'. Eine Änderung von @lemmaRef wendet dieser Lauf nicht an, die Entscheidung liegt bei der Prüfseite.;WZB-Belege (insgesamt 10): WZB_99ra_13_4, WZB_100rb_20_6, WZB_101ra_2_1 | Lexer Bd. 1, Sp. 2077, meiligen swv. (beflecken, beschmutzen) und meilen swv. (dasselbe): https://woerterbuchnetz.de/?sigle=Lexer&lemid=M00970 und https://woerterbuchnetz.de/?sigle=Lexer&lemid=M00971 | authority-files/variants.xml und lexicon.xml (Stand des Laufs)
geczelden;lemma_2361;10;ANLEGEN;[klar] Entschieden an den Belegen: Lemma lemma_2361 gezelt (NOM) passt in 'dem geslechte ist , bleibet in den [geczelden] , so das ewer nochkvmlinge sprechen' (WZB_124rb_19_2) und in 'czoch dorvmme das volke von seinen [geczelden] , so das sie czugen vber den . • Un' (WZB_216rb_21_2). Nächste vorhandene Variante desselben Lemmas: 'gezelden' (Unterschied c/-).;WZB-Belege (insgesamt 10): WZB_124rb_19_2, WZB_124rb_21_4, WZB_150rb_9_2 | authority-files/variants.xml und lexicon.xml (Stand des Laufs)
hebreer;lemma_2;9;NICHT_ANLEGEN;lemma_2 abc: eigenes Thema (KZW, #228, 11.09.), in diesem Lauf nicht bearbeitet. Beleg: 'der entran vnd kundigte ł das , dem [hebreer] , der do wonte in dem tal des amorr' (WZB_13ra_7_3). Befund und Zielvorschlag: abc-befunde.csv.;WZB-Belege (insgesamt 9): WZB_13ra_7_3, WZB_53vb_27_1, WZB_54vb_6_6 | authority-files/variants.xml und lexicon.xml (Stand des Laufs)
geczeugnusse;lemma_2367;9;ANLEGEN;[klar] Entschieden an den Belegen: Lemma lemma_2367 geziuge (NOM) passt in 'r hant , | also das sie sein in ein [geczeugnusse] mir , • wenne ich hab gegraben dise' (WZB_19ra_22_1) und in 'eczogen . Und lege in die arche das [geczeugnusse] , das ich dir gebe . • Mache ouch e' (WZB_79vb_23_6). Nächste vorhandene Variante desselben Lemmas: 'geczeugen' (Unterschied -/e, usse/-).;WZB-Belege (insgesamt 9): WZB_19ra_22_1, WZB_31vb_10_4, WZB_31vb_13_6 | authority-files/variants.xml und lexicon.xml (Stand des Laufs)
pilgereimen;lemma_706;9;PRUEFSEITE;Der Typ ist für die Substantivbelege richtig. Die 4 Verbbelege hätten kein Lemma im Bestand (bilgerîmen fehlt), sie müssten auf Tokenebene ausgenommen werden.;WZB-Belege (insgesamt 9): WZB_49va_22_0, WZB_117rb_8_2, WZB_117rb_8_6 | authority-files/variants.xml und lexicon.xml (Stand des Laufs)
keuchel;lemma_2;9;NICHT_ANLEGEN;lemma_2 abc: eigenes Thema (KZW, #228, 11.09.), in diesem Lauf nicht bearbeitet. Beleg: '• Bindende an den wein garten sein [keuchel] | vnd an den weinstok , o mein svn' (WZB_51vb_13_2). Befund und Zielvorschlag: abc-befunde.csv.;WZB-Belege (insgesamt 9): WZB_51vb_13_2, WZB_102va_12_3, WZB_102va_36_2 | authority-files/variants.xml und lexicon.xml (Stand des Laufs)
vorgiengen;lemma_6851;9;ANLEGEN;[klar] Entschieden an den Belegen: Lemma lemma_6851 vergân (VRB) passt in 'erfulten sein geheisse . • Dornach [vorgiengen] vierczig tage , | wenne diser site' (WZB_52va_14_0) und in 'd vordienten k kein genedicheit vnd [vorgiengen] , als gepoten hette vnser herre . •' (WZB_226va_21_3). Nächste vorhandene Variante desselben Lemmas: 'vergiengen' (Unterschied o/e).;WZB-Belege (insgesamt 9): WZB_52va_14_0, WZB_150va_18_1, WZB_151rb_5_9 | authority-files/variants.xml und lexicon.xml (Stand des Laufs)
lose;lemma_3818;9;PRUEFSEITE;lemma_3818 lôs (frei) passt zu keiner der beiden Gruppen. Vorschlag: die 6 Verbbelege nach lemma_3837 lœsen, die 3 Belege 'Los' brauchen ein Lemma lôz (nicht geprüft).;WZB-Belege (insgesamt 9): WZB_66vb_36_4, WZB_67ra_15_0, WZB_91vb_15_2 | authority-files/variants.xml und lexicon.xml (Stand des Laufs)
vorporgen;lemma_6814;9;ANLEGEN;[klar] Entschieden an den Belegen: Lemma lemma_6814 verbergen (ADV,VRB) passt in 'czwiualdig . • Bleibt aber der diep [vorporgen] , | so sol man den herren des house' (WZB_76va_27_0) und in 'die gruft , | in der sie sich heten [vorporgen] , • Und legten ouf den mvnt des hol' (WZB_225ra_13_0). Nächste vorhandene Variante desselben Lemmas: 'vorborgen' (Unterschied p/b).;WZB-Belege (insgesamt 9): WZB_76va_27_0, WZB_135va_5_1, WZB_208ra_13_0 | authority-files/variants.xml und lexicon.xml (Stand des Laufs)
steineine;lemma_5746;9;ANLEGEN;[klar] Entschieden an den Belegen: Lemma lemma_5746 steinîn (ADJ) passt in 'aldo . • Und dir wil ich geben czwu [steineine] tafeln vnd die recht vnd die gepot' (WZB_79ra_18_1) und in 'sprach vnser herre zu : • Mache dir [steineine] messer vnd besneide czu dem andern' (WZB_217va_23_5). Nächste vorhandene Variante desselben Lemmas: 'steinine' (Unterschied e/-).;WZB-Belege (insgesamt 9): WZB_79ra_18_1, WZB_88rb_23_1, WZB_179vb_2_3 | authority-files/variants.xml und lexicon.xml (Stand des Laufs)
ringel;lemma_4917;9;ANLEGEN;[klar] Entschieden an den Belegen: Lemma lemma_4917 rinc (NOM) passt in 'haft vnd seine stengel , kŏpfe vnd [ringel] vnd lilgen von im ous geende . • Se' (WZB_80rb_30_1) und in 'geende von einem stamme . • Vnd die [ringel] dorvmme vnd die stengil waren alle' (WZB_95rb_28_1). Nächste vorhandene Variante desselben Lemmas: 'ringe' (Unterschied l/-).;WZB-Belege (insgesamt 9): WZB_80rb_30_1, WZB_80rb_37_3, WZB_80va_5_0 | authority-files/variants.xml und lexicon.xml (Stand des Laufs)
vndergank;lemma_33210;9;ANLEGEN;[klar] Entschieden an den Belegen: Lemma lemma_33210 underganc (NOM,PRP) passt in 'ndern vnd also vil gegen der svnnen [vndergank] , die do werden gelasen durch die m' (WZB_81va_29_3) und in 's zu abende • vnd bis an der svnnen [vndergank] . • Und gepot | vnd das tote as nam' (WZB_222ra_30_2). Nächste vorhandene Variante desselben Lemmas: 'vndergangk' (Unterschied -/g).;WZB-Belege (insgesamt 9): WZB_81va_29_3, WZB_132rb_7_1, WZB_188vb_4_4 | authority-files/variants.xml und lexicon.xml (Stand des Laufs)
ouserhalb;lemma_6346;9;ANLEGEN;[klar] Entschieden an den Belegen: Lemma lemma_6346 ûzerhalp (ADV) passt in 'likeit der heiligen • Und den tisch [ouserhalb] des furhangs vnd gegen dem tische d' (WZB_82ra_8_1) und in 'ren housrat vnd ire magschaft | vnd [ouserhalb] den purgen hiessen sie sie bleiben' (WZB_219rb_11_2). Nächste vorhandene Variante desselben Lemmas: 'usserhalb' (Unterschied o/-, -/s).;WZB-Belege (insgesamt 9): WZB_82ra_8_1, WZB_98va_6_2, WZB_101rb_22_0 | authority-files/variants.xml und lexicon.xml (Stand des Laufs)
horner;lemma_2904;9;ANLEGEN;[klar] Entschieden an den Belegen: Lemma lemma_2904 horn (NOM) passt in 'drei dovm elen in die hŏe . • Aber [horner] von den vier winkeln des alters sul' (WZB_82ra_33_5) und in 'ŏne . • Einhornes horner sint sein [horner] . • In in wirt her werfen die gesle' (WZB_212vb_27_2). Nächste vorhandene Variante desselben Lemmas: 'hornern' (Unterschied -/n).;WZB-Belege (insgesamt 9): WZB_82ra_33_5, WZB_85rb_3_2, WZB_101va_14_1 | authority-files/variants.xml und lexicon.xml (Stand des Laufs)
gebleichter;lemma_744;9;ANLEGEN;[klar] Entschieden an den Belegen: Lemma lemma_744 bleichen (VRB) passt in 'otem czwir geverbet | vnd mit czwir [gebleichter] pfelle . • Und nym czwen edle onikn' (WZB_83rb_25_4) und in 'ein , • Ein gurtil vorwar von czwir [gebleichter] pfelle von iacinct , von purpir , v' (WZB_97va_10_2). Nächste vorhandene Variante desselben Lemmas: 'gebleichet' (Unterschied -/e, er/-).;WZB-Belege (insgesamt 9): WZB_83rb_25_4, WZB_93vb_9_3, WZB_94va_25_2 | authority-files/variants.xml und lexicon.xml (Stand des Laufs)
stvnd;lemma_5710;9;ANLEGEN;[klar] Entschieden an den Belegen: Lemma lemma_5710 stân (VRB) passt in 'nv ous gienk zu dem geczelde , | so [stvnd] ouf alles volk | vnd stund vf yclic' (WZB_90rb_11_7) und in 'em buche der gerechten ? • Und also [stvnd] die svnne in der mitte des himels v' (WZB_224rb_23_4). Nächste vorhandene Variante desselben Lemmas: 'stavnd' (Unterschied -/a).;WZB-Belege (insgesamt 9): WZB_90rb_11_7, WZB_90rb_23_2, WZB_157vb_2_0 | authority-files/variants.xml und lexicon.xml (Stand des Laufs)
neczil;lemma_4339;9;ANLEGEN;[klar] Entschieden an den Belegen: Lemma lemma_4339 netze (NOM) passt in 'ie do bedecken die lenden | vnd daz [neczil] der lebern mit den nir LEUIT lein •' (WZB_100rb_37_0) und in 'leisch vnd vber die voulen vnreinen [neczil] , die do ous geen von der mitte irr' (WZB_206rb_23_3). Nächste vorhandene Variante desselben Lemmas: 'necz' (Unterschied il/-).;WZB-Belege (insgesamt 9): WZB_100rb_37_0, WZB_100va_31_5, WZB_101rb_9_0 | authority-files/variants.xml und lexicon.xml (Stand des Laufs)
weirouches;lemma_31613;9;PRUEFSEITE;[KI-Vorschlag: ANDERE_ZUORDNUNG:lemma_7528] [wahrscheinlich] 'thimiamischen weirouches', 'wegende czehen scot voller weirouches': Weihrauch. Die Schwesterform weirouch steht in der WZB bei lemma_7528 wîhrouch, lemma_31613 rouch ist das einfache Wort. Eine Änderung von @lemmaRef wendet dieser Lauf nicht an, die Entscheidung liegt bei der Prüfseite.;WZB-Belege (insgesamt 9): WZB_101ra_17_3, WZB_102vb_4_0, WZB_134ra_13_3 | authority-files/variants.xml und lexicon.xml (Stand des Laufs)
giesse;lemma_2392;9;ANLEGEN;[klar] Entschieden an den Belegen: Lemma lemma_2392 giezen (NOM,VRB) passt in 'geczeuknusses . Aber das ander blut [giesse] her bei den grunt des alters des ga' (WZB_101va_17_4) und in 'mas , die do heisset sat . • Nicht [giesse] er ol dor ouf , | • noch lege dor' (WZB_135va_17_6). Nächste vorhandene Variante desselben Lemmas: 'giessen' (Unterschied -/n).;WZB-Belege (insgesamt 9): WZB_101va_17_4, WZB_101vb_15_1, WZB_101vb_36_5 | authority-files/variants.xml und lexicon.xml (Stand des Laufs)
gehere;lemma_2034;9;PRUEFSEITE;[KI-Vorschlag: ANDERE_ZUORDNUNG:lemma_2590] [klar] Alle 9 Belege meinen Haar ('das gehere weislecht', 'alles seines leibes gehere', 'gehere seines houbtes'), lemma_2034 gehoerde hat mit Haar nichts zu tun. Lexer führt ge-hære stn. als Sammelbildung zu hâr Eine Änderung von @lemmaRef wendet dieser Lauf nicht an, die Entscheidung liegt bei der Prüfseite.;WZB-Belege (insgesamt 9): WZB_111va_8_2, WZB_111va_15_4, WZB_111va_20_4 | lemma_2590 hâr steht im Bestand. | authority-files/variants.xml und lexicon.xml (Stand des Laufs)
vorlasen;lemma_6881;9;ANLEGEN;[klar] Entschieden an den Belegen: Lemma lemma_6881 verlâzen (VRB) passt in 'erden wil ich gedenkken , wenne die [vorlasen] wirt von in , | behagen wirt sie ir' (WZB_128vb_3_3) und in 'dir . • N Nicht wil ich lasen noch [vorlasen] dich . • Sterke dich vnd bis crefti' (WZB_214rb_3_5). Nächste vorhandene Variante desselben Lemmas: 'verlasen' (Unterschied o/e).;WZB-Belege (insgesamt 9): WZB_128vb_3_3, WZB_135rb_11_3, WZB_142ra_7_1 | authority-files/variants.xml und lexicon.xml (Stand des Laufs)
kvnigs;lemma_3507;9;ANLEGEN;[klar] Entschieden an den Belegen: Lemma lemma_3507 künic (NOM) passt in 'ag vnd trug zu houfe ein menige der [kvnigs] vogil . Wer wenig hatte , der hatte' (WZB_144vb_15_3) und in '• alle lant • vnd alles reich , des [kvnigs] von , • Und alle dorfer , • die do' (WZB_228va_18_4). Nächste vorhandene Variante desselben Lemmas: 'kvniges' (Unterschied -/e).;WZB-Belege (insgesamt 9): WZB_144vb_15_3, WZB_159rb_30_3, WZB_170rb_16_5 | authority-files/variants.xml und lexicon.xml (Stand des Laufs)
vorsteten;lemma_44091;9;ANLEGEN;[klar] Entschieden an den Belegen: Lemma lemma_44091 vorstat (NOM) passt in 'in ander acht vnd vierczik mit iren [vorsteten] . • Und die selben stete , die do g' (WZB_173ra_11_2) und in 'waren acht vnd vierczig . mit iren [vorsteten] ycliche durch die gesinde wurden ge' (WZB_236ra_6_5). Nächste vorhandene Variante desselben Lemmas: 'vorstat' (Unterschied e/a, en/-).;WZB-Belege (insgesamt 9): WZB_173ra_11_2, WZB_235rb_23_2, WZB_235rb_28_3 | authority-files/variants.xml und lexicon.xml (Stand des Laufs)
schepfte;lemma_5212;8;ANLEGEN;[klar] Entschieden an den Belegen: Lemma lemma_5212 schepfen (VRB) passt in 'Primus • LIBER I GENESIS N anegenge [schepfte] got himel vnd erde . • Die erde was' (WZB_2vb_2_2) und in 'sse gotes macht er in , man vnd wip [schepfte] her sie vnd gesegente in vnd nante' (WZB_6rb_16_3). Nächste vorhandene Variante desselben Lemmas: 'schepfete' (Unterschied -/e).;WZB-Belege (insgesamt 8): WZB_2vb_2_2, WZB_3ra_37_4, WZB_3rb_31_8 | authority-files/variants.xml und lexicon.xml (Stand des Laufs)
erczurnet;lemma_1718;8;ANLEGEN;[klar] Entschieden an den Belegen: Lemma lemma_1718 erzürnen (VRB) passt in 'ner gabe sach er nicht . • Und wart [erczurnet] sterclich vnd sein antlicze vorwand' (WZB_5va_8_1) und in 'den du geslagen hast mit im . • Und [erczurnet] wirt mein czorn gegen im an dem sel' (WZB_209vb_4_6). Nächste vorhandene Variante desselben Lemmas: 'erzurnet' (Unterschied c/-).;WZB-Belege (insgesamt 8): WZB_5va_8_1, WZB_40vb_5_5, WZB_108va_20_1 | authority-files/variants.xml und lexicon.xml (Stand des Laufs)
dreihundert;lemma_1220;8;ANLEGEN;[klar] Entschieden an den Belegen: Lemma lemma_1220 drîhundert (NUM) passt in 'te aber , noch dem vnd er gepar , d [dreihundert] iare vnd geperte fvne vnd tochter .' (WZB_6vb_6_0) und in 's der andern menige , | das ist von [dreihundert] tousenten vnd siben vnd dreisik tou' (WZB_168vb_15_5). Nächste vorhandene Variante desselben Lemmas: 'drihundert' (Unterschied e/-).;WZB-Belege (insgesamt 8): WZB_6vb_6_0, WZB_9vb_17_2, WZB_10vb_15_6 | authority-files/variants.xml und lexicon.xml (Stand des Laufs)
czigel;lemma_11848;8;ANLEGEN;[klar] Entschieden an den Belegen: Lemma lemma_11848 ziegel (INJ,NOM) passt in 'ten : • Komet hin dan vnd mache wir [czigel] vnd bruen sie in dem few̆er . • Und' (WZB_10va_9_4) und in 'icht • vnd die gewŏnliche czal der [czigel] die gebet . • Nu sahen die prŏbste' (WZB_58rb_5_2). Nächste vorhandene Variante desselben Lemmas: 'zigel' (Unterschied c/-).;WZB-Belege (insgesamt 8): WZB_10va_9_4, WZB_10va_11_2, WZB_53vb_23_4 | authority-files/variants.xml und lexicon.xml (Stand des Laufs)
czwisschen;lemma_13093;8;ANLEGEN;[klar] Entschieden an den Belegen: Lemma lemma_13093 zwischenn (ART,PRP) passt in 'vor hette auf geslagen sein geczelt [czwisschen] vnd an di stat des alters , den er' (WZB_12ra_22_4) und in 'd dein tochtir Und der , der do ist [czwisschen] deinen pforten , • Und der new kvme' (WZB_193rb_24_6). Nächste vorhandene Variante desselben Lemmas: 'zwischenn' (Unterschied c/-, s/-, -/n).;WZB-Belege (insgesamt 8): WZB_12ra_22_4, WZB_13vb_22_4, WZB_30ra_17_3 | authority-files/variants.xml und lexicon.xml (Stand des Laufs)
bŏze;lemma_788;8;ANLEGEN;"[klar] Entschieden an den Belegen: Lemma lemma_788 bœse (ADJ,ADV,GRA,NOM) passt in 'm • vnd wonte zu . • Aber die waren [bŏze] vnd groze svnder vor vnserm herren' (WZB_12rb_30_1) und in 'ser herre , | das her nicht tat das [bŏze] , | das her gesprochen hette wider' (WZB_89ra_12_3). Nächste vorhandene Variante desselben Lemmas: 'boze' (Unterschied ŏ/o). Die normalisierte Form löst heute auf lemma_18634 Boêzîe (NAM) auf (2 Belege im Korpus); beide bleiben Kandidaten, die Reihenfolge regelt Vorschrift B aus #378.";WZB-Belege (insgesamt 8): WZB_12rb_30_1, WZB_16va_10_4, WZB_40ra_35_0 | authority-files/variants.xml und lexicon.xml (Stand des Laufs)
geheisse;lemma_2024;8;ANLEGEN;"[klar] Entschieden an den Belegen: Lemma lemma_2024 geheiz (NOM) passt in 'ouf das velt , daz er seines vaters [geheisse] erfulte , • Do sprach sie zu irem s' (WZB_25va_13_3) und in 'stolczirnde vnd hochuertig , vnser [geheisse] zu horen vorsmehet her , | dem vras' (WZB_198va_14_3). Nächste vorhandene Variante desselben Lemmas: 'geheysse' (Unterschied i/y). Die normalisierte Form löst heute auf lemma_2026 geheizzen (NOM,VRB) auf (2 Belege im Korpus); beide bleiben Kandidaten, die Reihenfolge regelt Vorschrift B aus #378.";WZB-Belege (insgesamt 8): WZB_25va_13_3, WZB_52va_13_3, WZB_98va_3_1 | authority-files/variants.xml und lexicon.xml (Stand des Laufs)
vorsmehet;lemma_6961;8;ANLEGEN;[klar] Entschieden an den Belegen: Lemma lemma_6961 versmæhen (VRB) passt in 'ser herre hat gesehen , das ich bin [vorsmehet] vnd hat mir ouch disen SIS svn gege' (WZB_28va_36_5) und in 'ochuertig , vnser geheisse zu horen [vorsmehet] her , | dem vras vnd der vnkeuschhe' (WZB_198va_15_2). Nächste vorhandene Variante desselben Lemmas: 'vorsmehe' (Unterschied t/-).;WZB-Belege (insgesamt 8): WZB_28va_36_5, WZB_75va_13_0, WZB_127va_32_0 | authority-files/variants.xml und lexicon.xml (Stand des Laufs)
wechsilnde;lemma_7442;8;PRUEFSEITE;[KI-Vorschlag: ANDERE_ZUORDNUNG:lemma_43002] [klar] 'sprachen wechsilnde', 'redten wechsilnde mit ein ander': Partizip 'wechselnd, abwechselnd' zum Verb. lemma_43002 wehseln/VRB steht im Bestand, lemma_7442 wehsel ist das Substantiv. Eine Änderung von @lemmaRef wendet dieser Lauf nicht an, die Entscheidung liegt bei der Prüfseite.;WZB-Belege (insgesamt 8): WZB_34va_35_3, WZB_44rb_21_2, WZB_45rb_12_4 | authority-files/variants.xml und lexicon.xml (Stand des Laufs)
eckern;lemma_51;8;ANLEGEN;[klar] Entschieden an den Belegen: Lemma lemma_51 acker (NOM) passt in 's do was in irn heusern vnd ouf irn [eckern] , daz roubten sie . • Und ir kinder' (WZB_35ra_13_4) und in 'wein vnd ŏl vnd hew von den NOMIUS [eckern] , zu weiden die rinder , so das ir' (WZB_188rb_2_0). Nächste vorhandene Variante desselben Lemmas: 'ecker' (Unterschied n/-).;WZB-Belege (insgesamt 8): WZB_35ra_13_4, WZB_40ra_14_1, WZB_60vb_7_5 | authority-files/variants.xml und lexicon.xml (Stand des Laufs)
reisse;lemma_4893;8;ANLEGEN;"[klar] Entschieden an den Belegen: Lemma lemma_4893 rîʒen (NOM,VRB) passt in 'tern vnd vant nicht das kint vnd zu [reisse] sein gewant vnd czoch zu seinen bru' (WZB_38rb_25_2) und in 'ichet . • dorvmme W IOSUE vorwar zu [reisse] sein vnd vile neigende ouf die erde' (WZB_220ra_2_2). Nächste vorhandene Variante desselben Lemmas: 'reiss' (Unterschied e/-). Die normalisierte Form löst heute auf lemma_4882 rîs (NOM) auf (2 Belege im Korpus); beide bleiben Kandidaten, die Reihenfolge regelt Vorschrift B aus #378.";WZB-Belege (insgesamt 8): WZB_38rb_25_2, WZB_38va_6_5, WZB_84rb_7_5 | authority-files/variants.xml und lexicon.xml (Stand des Laufs)
weintrouben;lemma_26945;8;ANLEGEN;[klar] Entschieden an den Belegen: Lemma lemma_26945 wîntrûbe (NOM) passt in 'e | vnd noch der blute sach ich die [weintrouben] czeitigen . • Und den kelch hete ic' (WZB_41ra_18_4) und in 'trvnken das allir cleriste blut der [weintrouben] . Gemestet ist mein leber vnd hat w' (WZB_210vb_30_3). Nächste vorhandene Variante desselben Lemmas: 'weintraub' (Unterschied o/a, en/-).;WZB-Belege (insgesamt 8): WZB_41ra_18_4, WZB_51vb_17_1, WZB_136rb_10_3 | authority-files/variants.xml und lexicon.xml (Stand des Laufs)
trouben;lemma_15282;8;ANLEGEN;[klar] Entschieden an den Belegen: Lemma lemma_15282 trûbe (NOM) passt in 'ner hant . • Nu nam ich dorumbe die [trouben] | vnd druckte sie in den kelch vnd' (WZB_41ra_22_1) und in '• Und czeuhet ouf zu dem steine der [trouben] , der kinder , vnd reichet bis zu d' (WZB_229va_16_4). Nächste vorhandene Variante desselben Lemmas: 'troube' (Unterschied n/-).;WZB-Belege (insgesamt 8): WZB_41ra_22_1, WZB_118vb_11_1, WZB_125rb_32_0 | authority-files/variants.xml und lexicon.xml (Stand des Laufs)
streitende;lemma_5818;8;ANLEGEN;[klar] Entschieden an den Belegen: Lemma lemma_5818 strîten (NOM,VRB) passt in 'iligt sein bette ! • vnd , bruder , [streitende] was der svnden . • In iren rat kvmt' (WZB_51va_20_10) und in '• an die , di do wonten zu , alle [streitende] vienk her sie . • Wenne von gotis v' (WZB_226va_15_3). Nächste vorhandene Variante desselben Lemmas: 'streytende' (Unterschied i/y).;WZB-Belege (insgesamt 8): WZB_51va_20_10, WZB_157rb_31_5, WZB_169vb_27_5 | authority-files/variants.xml und lexicon.xml (Stand des Laufs)
dorvber;lemma_1091;8;ANLEGEN;[klar] Entschieden an den Belegen: Lemma lemma_1091 darüber (ADV) passt in 'us den henden der hirten | Und ouch [dorvber] hat er ge ſchepfet mit vns wasser |' (WZB_55ra_16_3) und in 'nd die werden dir an hangen . • Und [dorvber] alle die pflagen vnd di wetagen , d' (WZB_206va_13_6). Nächste vorhandene Variante desselben Lemmas: 'doruber' (Unterschied v/u).;WZB-Belege (insgesamt 8): WZB_55ra_16_3, WZB_76ra_20_4, WZB_98rb_19_5 | authority-files/variants.xml und lexicon.xml (Stand des Laufs)
geusse;lemma_2392;8;ANLEGEN;[klar] Entschieden an den Belegen: Lemma lemma_2392 giezen (NOM,VRB) passt in 'nym des wassers ous der bach | vnd [geusse] das ouf die erde . • Und was du sch' (WZB_56vb_7_0) und in 'dein vleische , svnder ouf die erde [geusse] das | als wasser , | so das dir wol' (WZB_189vb_24_3). Nächste vorhandene Variante desselben Lemmas: 'geusset' (Unterschied -/t).;WZB-Belege (insgesamt 8): WZB_56vb_7_0, WZB_81rb_33_1, WZB_85ra_4_3 | authority-files/variants.xml und lexicon.xml (Stand des Laufs)
ŏpfil;lemma_261;8;ANLEGEN;[klar] Entschieden an den Belegen: Lemma lemma_261 apfel (NOM) passt in 'be die wurcz der erden | vnd was do [ŏpfil] was | ouf den bovmen , | di der hag' (WZB_63va_18_6) und in 'aber , das eczlich holcz nicht sint [ŏpfil] povme , svnder wilde vnd nvcz ein a' (WZB_197va_19_1). Nächste vorhandene Variante desselben Lemmas: 'apil' (Unterschied ŏ/a, f/-).;WZB-Belege (insgesamt 8): WZB_63va_18_6, WZB_97rb_26_1, WZB_97rb_32_0 | authority-files/variants.xml und lexicon.xml (Stand des Laufs)
endlisten;lemma_22669;8;ANLEGEN;[klar] Entschieden an den Belegen: Lemma lemma_22669 endelist (NOM) passt in ', als man pfliget zu machen an den [endlisten] drumern des gewandes , das es icht' (WZB_84rb_5_4) und in 'ist in dem nordnischen teile in dem [endlisten] ł teile des talis • Und steiget ab' (WZB_232vb_8_3). Nächste vorhandene Variante desselben Lemmas: 'endelist' (Unterschied -/e, en/-).;WZB-Belege (insgesamt 8): WZB_84rb_5_4, WZB_154vb_17_1, WZB_205vb_29_1 | authority-files/variants.xml und lexicon.xml (Stand des Laufs)
geczeuknus;lemma_2367;8;ANLEGEN;[klar] Entschieden an den Belegen: Lemma lemma_2367 geziuge (NOM) passt in 'in der vorlouben des geczeldis des [geczeuknus] , sullen sie essen , | so das es se' (WZB_85vb_35_3) und in 'herren zu der tur des geczeldis des [geczeuknus] vnd teilten die erde . • etcetera n' (WZB_234rb_11_2). Nächste vorhandene Variante desselben Lemmas: 'geczeugen' (Unterschied k/ge, us/-).;WZB-Belege (insgesamt 8): WZB_85vb_35_3, WZB_86rb_25_3, WZB_96vb_6_3 | authority-files/variants.xml und lexicon.xml (Stand des Laufs)
bleiblinge;lemma_504;8;NICHT_ANLEGEN;[wahrscheinlich] 'Uorbru die bleiblinge in dem fewer': das Übriggebliebene als Substantiv auf -linc. lemma_504 belîben ist ein Verb, die Ableitung ändert die Wortart;WZB-Belege (insgesamt 8): WZB_86ra_10_5, WZB_160va_7_4, WZB_225ra_22_4 | ein Lemma bleibelinc fehlt im Bestand. | authority-files/variants.xml und lexicon.xml (Stand des Laufs)
thimiamischen;lemma_11856;8;ANLEGEN;[klar] Entschieden an den Belegen: Lemma lemma_11856 thymian (NOM) passt in 'vnd sein gerete | vnd den alter des [thimiamischen] puluers • Und den alter des gancz -' (WZB_87rb_31_2) und in '• e , • o , • Legen werden sie [thimiamischen] weirouch vnd ganczenczuntis opfer o' (WZB_212va_14_1). Nächste vorhandene Variante desselben Lemmas: 'tymiamata' (Unterschied hi/y, ischen/ata).;WZB-Belege (insgesamt 8): WZB_87rb_31_2, WZB_88ra_13_5, WZB_92vb_12_2 | authority-files/variants.xml und lexicon.xml (Stand des Laufs)
wanderst;lemma_15174;8;ANLEGEN;[klar] Entschieden an den Belegen: Lemma lemma_15174 wandern (VRB) passt in '| • Es en sei denne , | das du [wanderst] mit vns , | so das wir gelobet werd' (WZB_90va_36_4) und in 'liep habest deinen herren got • Und [wanderst] in seinen wegen vnd behutest seine' (WZB_208vb_6_0). Nächste vorhandene Variante desselben Lemmas: 'wandert' (Unterschied s/-).;WZB-Belege (insgesamt 8): WZB_90va_36_4, WZB_184vb_2_6, WZB_187ra_33_4 | authority-files/variants.xml und lexicon.xml (Stand des Laufs)
vberige;lemma_6375;8;ANLEGEN;[klar] Entschieden an den Belegen: Lemma lemma_6375 überic (ADJ) passt in 'ganczenczunten opfers alter . | das [vberige] giesse her an seinen grunt • v Und' (WZB_102ra_20_5) und in 'hen teile der selben stat . • Alles [vberige] volk vor war | gegen nŏrden furte' (WZB_221rb_35_6). Nächste vorhandene Variante desselben Lemmas: 'vberiger' (Unterschied -/r).;WZB-Belege (insgesamt 8): WZB_102ra_20_5, WZB_102vb_11_7, WZB_105vb_19_6 | authority-files/variants.xml und lexicon.xml (Stand des Laufs)
anruret;lemma_20574;8;ANLEGEN;[klar] Entschieden an den Belegen: Lemma lemma_20574 anrüeren (PRP,VRB) passt in 's vleisch , das ichtesicht vnreines [anruret] , | sol nicht werden gessen , svnde' (WZB_104vb_19_1) und in 'einen menschen oder einen erslagen [anruret] , | der werde gereiniget mit spreng' (WZB_168ra_14_3). Nächste vorhandene Variante desselben Lemmas: 'anrueren' (Unterschied -/e, t/n).;WZB-Belege (insgesamt 8): WZB_104vb_19_1, WZB_109va_14_1, WZB_109va_18_2 | authority-files/variants.xml und lexicon.xml (Stand des Laufs)
derlei;lemma_3685;8;ANLEGEN;[klar] Entschieden an den Belegen: Lemma lemma_3685 leie (NOM) passt in 's , | das notdurft ist , das keiner [derlei] ein totes trage , | der wasche sein' (WZB_109va_6_6) und in 'hest dir ein gesnicztes gleichnusse [derlei] , die vnser herre hat vorpoten . we' (WZB_180ra_20_1). Nächste vorhandene Variante desselben Lemmas: 'lei' (Unterschied der/-).;WZB-Belege (insgesamt 8): WZB_109va_6_6, WZB_109va_32_4, WZB_114va_37_2 | authority-files/variants.xml und lexicon.xml (Stand des Laufs)
enczuntem;lemma_1511;8;ANLEGEN;[klar] Entschieden an den Belegen: Lemma lemma_1511 enzünden (VRB) passt in 'sie ein ieriges lamp zu eynem gancz [enczuntem] opfer vnd ein touben keuchel oder e' (WZB_110rb_16_1) und in 'asen , powende einen alter zu gancz [enczuntem] opfer | vnd der IOSUE heilicheit op' (WZB_237rb_37_0). Nächste vorhandene Variante desselben Lemmas: 'enczunte' (Unterschied m/-).;WZB-Belege (insgesamt 8): WZB_110rb_16_1, WZB_113ra_30_2, WZB_115vb_7_3 | authority-files/variants.xml und lexicon.xml (Stand des Laufs)
volken;lemma_7166;8;ANLEGEN;[klar] Entschieden an den Belegen: Lemma lemma_7166 volc (NOM) passt in '| der euch gesvndert hat von andern [volken] . • Svndert ouch dorvmme ir ewer vi' (WZB_120va_18_3) und in 'ut in allem wege vnd IOSUE in allen [volken] , durch die wir sein geczogen . vnd' (WZB_239rb_2_2). Nächste vorhandene Variante desselben Lemmas: 'volke' (Unterschied n/-).;WZB-Belege (insgesamt 8): WZB_120va_18_3, WZB_179rb_30_0, WZB_183va_17_3 | authority-files/variants.xml und lexicon.xml (Stand des Laufs)
czigenpock;lemma_784;8;ANLEGEN;[klar] Kompositum 'czigenpock' (Ziegenbock, 'einen czigenpock vor die svnde'). Im Bestand kein Lemma ziegenboc, das Grundwort boc ist dasselbe Wort derselben Wortart.;WZB-Belege (insgesamt 8): WZB_137vb_17_3, WZB_138vb_10_3, WZB_138vb_30_3 | authority-files/variants.xml und lexicon.xml (Stand des Laufs)
ieriger;lemma_27278;8;ANLEGEN;[klar] Entschieden an den Belegen: Lemma lemma_27278 jæric (ADJ) passt in 'ir opfern sullet : • Ungemeiligter [ieriger] lemmer czwei alle tage zu einem ewi' (WZB_164ra_29_0) und in 'dem herren ein kalp , einen wider , [ieriger] vngemeiligter lemmer siben • vnd yc' (WZB_166va_14_0). Nächste vorhandene Variante desselben Lemmas: 'ierig' (Unterschied er/-).;WZB-Belege (insgesamt 8): WZB_164ra_29_0, WZB_165vb_28_3, WZB_166ra_4_5 | authority-files/variants.xml und lexicon.xml (Stand des Laufs)
vngemeiligter;lemma_18886;8;PRUEFSEITE;[KI-Vorschlag: ANDERE_ZUORDNUNG:lemma_15846] [klar] 'vngemeiligter lemmer virczehen' (WZB Num, Opferliste): makellose Lämmer, Negation zu gemeilet 'befleckt'. Eine Änderung von @lemmaRef wendet dieser Lauf nicht an, die Entscheidung liegt bei der Prüfseite.;WZB-Belege (insgesamt 8): WZB_165vb_10_0, WZB_165vb_28_4, WZB_166ra_5_0 | Lexer Bd. 1, Sp. 2077, meiligen swv. (beflecken, beschmutzen) und meilen swv. (dasselbe): https://woerterbuchnetz.de/?sigle=Lexer&lemid=M00970 und https://woerterbuchnetz.de/?sigle=Lexer&lemid=M00971 | authority-files/variants.xml und lexicon.xml (Stand des Laufs)
besiczvnge;lemma_44139;8;ANLEGEN;[klar] Entschieden an den Belegen: Lemma lemma_44139 besitzunge (NOM) passt in 'cht anders werden sie nemen von der [besiczvnge] irr bruder . • Wenne vnser herre de' (WZB_194vb_26_4) und in 'sie begruben in in den enden seiner [besiczvnge] zu , das do ist gestift ouf dem per' (WZB_239vb_3_5). Nächste vorhandene Variante desselben Lemmas: 'besitczunge' (Unterschied -/t, v/u).;WZB-Belege (insgesamt 8): WZB_194vb_26_4, WZB_226vb_2_5, WZB_228va_32_3 | authority-files/variants.xml und lexicon.xml (Stand des Laufs)
krichenden;lemma_3464;7;ANLEGEN;[klar] Entschieden an den Belegen: Lemma lemma_3464 kriechen (NOM,VRB) passt in 'r erden vnd aller erden • vnd allen [krichenden] , das sich ruret in der erden . • U' (WZB_3rb_30_2) und in '• Nicht meiligt ewer selen in allem [krichenden] , das sich ruret ouf der erden , |' (WZB_110ra_13_3). Nächste vorhandene Variante desselben Lemmas: 'kriechende' (Unterschied -/e, n/-).;WZB-Belege (insgesamt 7): WZB_3rb_30_2, WZB_7ra_36_8, WZB_7va_17_2 | authority-files/variants.xml und lexicon.xml (Stand des Laufs)
vorterbten;lemma_6835;7;ANLEGEN;[klar] Entschieden an den Belegen: Lemma lemma_6835 verderben (NOM,VRB) passt in 'egte ein czeichen an , das in nicht [vorterbten] alle , die in funden . • Und aus al' (WZB_5vb_21_3) und in 'vnd machten in sie czinshaft , noch [vorterbten] si nicht . Und die kinder redten zu' (WZB_231vb_13_2). Nächste vorhandene Variante desselben Lemmas: 'vorterbeten' (Unterschied -/e).;WZB-Belege (insgesamt 7): WZB_5vb_21_3, WZB_167va_19_2, WZB_177vb_18_1 | authority-files/variants.xml und lexicon.xml (Stand des Laufs)
knechtel;lemma_3377;7;ANLEGEN;[klar] Entschieden an den Belegen: Lemma lemma_3377 kneht (NOM) passt in 'czwei ein giengen zu in die archen [knechtel] vnd meidel , als gepoten hett vnser' (WZB_7vb_24_3) und in 'epoten . Die ersten gepurte vnd der [knechtel] waren durch ire namen vnd hin vber' (WZB_133sra_15_5). Nächste vorhandene Variante desselben Lemmas: 'knehtel' (Unterschied c/-).;WZB-Belege (insgesamt 7): WZB_7vb_24_3, WZB_14va_36_3, WZB_14vb_6_1 | authority-files/variants.xml und lexicon.xml (Stand des Laufs)
ber;lemma_2;7;NICHT_ANLEGEN;lemma_2 abc: eigenes Thema (KZW, #228, 11.09.), in diesem Lauf nicht bearbeitet. Beleg: 'e W W W W W W W W GEN [ber] lebte , noch dem vnd er geperte , d' (WZB_11ra_2_0). Befund und Zielvorschlag: abc-befunde.csv.;WZB-Belege (insgesamt 7): WZB_11ra_2_0, WZB_89rb_2_0, WZB_161rb_24_0 | authority-files/variants.xml und lexicon.xml (Stand des Laufs)
vnfruchtber;lemma_22850;7;ANLEGEN;[klar] Entschieden an den Belegen: Lemma lemma_22850 unvruhtbære (ADJ,ADV,NEG) passt in 'lcha vnd des vaters . • Aber di was [vnfruchtber] vnd hatte nicht kinder . • Und also' (WZB_11rb_4_0) und in ', die erde , ob die veist sei oder [vnfruchtber] , pusch echt oder ane povme . • S S' (WZB_146ra_9_5). Nächste vorhandene Variante desselben Lemmas: 'vnfruchtper' (Unterschied b/p).;WZB-Belege (insgesamt 7): WZB_11rb_4_0, WZB_23va_27_2, WZB_28va_27_1 | authority-files/variants.xml und lexicon.xml (Stand des Laufs)
czeige;lemma_7784;7;ANLEGEN;[klar] Entschieden an den Belegen: Lemma lemma_7784 zeigen (VRB) passt in '• Und kvm in ein lant , das ich dir [czeige] vnd ich wil machen dich in ein gros' (WZB_11rb_19_3) und in 'rren gote von | vnd bekenne | • vnd [czeige] mir , was hastu getan . nicht vorpi' (WZB_220va_8_1). Nächste vorhandene Variante desselben Lemmas: 'czeiget' (Unterschied -/t).;WZB-Belege (insgesamt 7): WZB_11rb_19_3, WZB_62ra_21_4, WZB_73ra_2_7 | authority-files/variants.xml und lexicon.xml (Stand des Laufs)
bleibende;lemma_504;7;ANLEGEN;[klar] Entschieden an den Belegen: Lemma lemma_504 belîben (NOM,VRB) passt in 'uder . • wonte in dem lande vnd was [bleibende] in den gegnŏten bei dem • vnd wont' (WZB_12rb_27_1) und in 'r selben czeit stercke | ist in mir [bleibende] vncz bis heute , also wol zu streit' (WZB_229ra_32_1). Nächste vorhandene Variante desselben Lemmas: 'beleibende' (Unterschied -/e).;WZB-Belege (insgesamt 7): WZB_12rb_27_1, WZB_28va_26_3, WZB_112ra_17_2 | authority-files/variants.xml und lexicon.xml (Stand des Laufs)
vrteilen;lemma_55908;7;ANLEGEN;[klar] Entschieden an den Belegen: Lemma lemma_55908 urteilen (NOM,VRB) passt in 'dem sie dienen werden , die wil ich [vrteilen] . • Dornach werden sie vsczihen mit' (WZB_13vb_10_0) und in 'sehen vngerecht , | den sullen sie [vrteilen] der vngerechtikeit . • Ist aber , d' (WZB_201vb_3_3). Nächste vorhandene Variante desselben Lemmas: 'vrteilten' (Unterschied -/t).;WZB-Belege (insgesamt 7): WZB_13vb_10_0, WZB_75vb_31_1, WZB_111ra_10_4 | authority-files/variants.xml und lexicon.xml (Stand des Laufs)
few̆ers;lemma_7108;7;ANLEGEN;"[klar] Entschieden an den Belegen: Lemma lemma_7108 viur (INJ,NOM) passt in 'uchender bakouen . • Und lampen des [few̆ers] geende czwisschen den teilungen . •' (WZB_13vb_22_2) und in 'h ouf dem perge | von der mitte des [few̆ers] , | do das volk gesammet was , | vn' (WZB_186vb_12_1). Nächste vorhandene Variante desselben Lemmas: 'fewers' (Unterschied ̆/-). Die normalisierte Form löst heute schon auf dieses Lemma auf; der Typ hält die Schreibung fest.";WZB-Belege (insgesamt 7): WZB_13vb_22_2, WZB_67rb_19_0, WZB_95vb_4_2 | authority-files/variants.xml und lexicon.xml (Stand des Laufs)
hinderteil;lemma_24741;7;ANLEGEN;[klar] Entschieden an den Belegen: Lemma lemma_24741 hinderteil (NOM) passt in '• Uorwar alhie hab ich gesehen des [hinderteil] , der mich sehende ist . • Dorumb n' (WZB_14rb_21_2) und in 'ir vor haben getan | vnd wollen das [hinderteil] keren , | vncz bis sie nochia verre' (WZB_221ra_35_4). Nächste vorhandene Variante desselben Lemmas: 'hinderteile' (Unterschied -/e).;WZB-Belege (insgesamt 7): WZB_14rb_21_2, WZB_81rb_7_1, WZB_83vb_24_1 | authority-files/variants.xml und lexicon.xml (Stand des Laufs)
wirft;lemma_7489;7;PRUEFSEITE;Ein Typ unter werden stimmt nur für 2 von 7 Belegen. Vorschlag: die 5 werfen-Belege nach lemma_7490 umhängen und für die 2 werden-Belege den Typ wirft anlegen. Das geht nur auf Tokenebene.;WZB-Belege (insgesamt 7): WZB_14va_10_1, WZB_114va_12_4, WZB_127va_18_0 | authority-files/variants.xml und lexicon.xml (Stand des Laufs)
grŏsten;lemma_2534;7;ANLEGEN;"[klar] Entschieden an den Belegen: Lemma lemma_2534 grôz (ADJ,ADV,GRA,NOM) passt in 'lintheit von dem minsten bis zu dem [grŏsten] , also das sie die tvr nicht konden' (WZB_16va_32_1) und in 'ist alders , do rufte allem vnd den [grŏsten] der gepurt vnd die fursten vnd die' (WZB_237vb_9_7). Nächste vorhandene Variante desselben Lemmas: 'grösten' (Unterschied ŏ/ö). Die normalisierte Form löst heute schon auf dieses Lemma auf; der Typ hält die Schreibung fest.";WZB-Belege (insgesamt 7): WZB_16va_32_1, WZB_34vb_35_4, WZB_49vb_25_4 | authority-files/variants.xml und lexicon.xml (Stand des Laufs)
verrens;lemma_6913;7;ANLEGEN;"[klar] Entschieden an den Belegen: Lemma lemma_6913 verre (ADJ,ADV,GRA,NOM) passt in 'f seine ougen vnd sach die stat von [verrens] vnd sprach zu sein kinden : • Beite' (WZB_19rb_24_4) und in 'in verre , so das ir dester mer von [verrens] mvget gesehen vnd erkennen durch we' (WZB_216ra_7_3). Nächste vorhandene Variante desselben Lemmas: 'verres' (Unterschied n/-). Die normalisierte Form löst heute auf lemma_6916 verren (NOM,VRB) auf (4 Belege im Korpus); beide bleiben Kandidaten, die Reihenfolge regelt Vorschrift B aus #378.";WZB-Belege (insgesamt 7): WZB_19rb_24_4, WZB_37vb_35_3, WZB_75ra_7_5 | authority-files/variants.xml und lexicon.xml (Stand des Laufs)
pilgereime;lemma_706;7;ANLEGEN;[klar] Entschieden an den Belegen: Lemma lemma_706 bilgerîm (NOM) passt in 'er erden , die ich dir sage , • vnd [pilgereime] do , | vnd ich wird mit dir sein |' (WZB_24rb_3_9) und in ', von dem sult ir nicht essen . Dem [pilgereime] gib , das der do ist czwischen dein' (WZB_191va_15_1). Nächste vorhandene Variante desselben Lemmas: 'pilgerime' (Unterschied e/-).;WZB-Belege (insgesamt 7): WZB_24rb_3_9, WZB_77va_27_0, WZB_125rb_4_2 | authority-files/variants.xml und lexicon.xml (Stand des Laufs)
czeigte;lemma_7784;7;ANLEGEN;[klar] Entschieden an den Belegen: Lemma lemma_7784 zeigen (VRB) passt in 'res geloubens | den behabten mantil [czeigte] sie irem manne , do er heim quame v' (WZB_40va_7_0) und in 'r gesworen hette , das her in ichte [czeigte] die erde vliessende von milch vnd v' (WZB_217vb_13_0). Nächste vorhandene Variante desselben Lemmas: 'zeigte' (Unterschied c/-).;WZB-Belege (insgesamt 7): WZB_40va_7_0, WZB_69vb_9_0, WZB_140va_4_4 | authority-files/variants.xml und lexicon.xml (Stand des Laufs)
besiczungen;lemma_44139;7;ANLEGEN;[klar] Entschieden an den Belegen: Lemma lemma_44139 besitzunge (NOM) passt in 'genant deiner b bruder namen in irn [besiczungen] . • Wenne mir , do ich quame von ,' (WZB_50vb_10_4) und in 'eren das vich . • Und gaben von irn [besiczungen] noch dem gepote vnsers herren stete' (WZB_235ra_12_0). Nächste vorhandene Variante desselben Lemmas: 'besitczunge' (Unterschied -/t, n/-).;WZB-Belege (insgesamt 7): WZB_50vb_10_4, WZB_61va_33_2, WZB_61va_34_4 | authority-files/variants.xml und lexicon.xml (Stand des Laufs)
czale;lemma_7755;7;ANLEGEN;[klar] Entschieden an den Belegen: Lemma lemma_7755 zal (NOM) passt in 'ch ir heuser . • Ist aber , das die [czale] zu wenig ist , | so das man nicht g' (WZB_64va_12_8) und in 'vnd pilgereimte aldo in gar kleiner [czale] vnd wuchs in ein groses geslechte |' (WZB_202va_30_4). Nächste vorhandene Variante desselben Lemmas: 'zale' (Unterschied c/-).;WZB-Belege (insgesamt 7): WZB_64va_12_8, WZB_78rb_14_4, WZB_96va_9_4 | authority-files/variants.xml und lexicon.xml (Stand des Laufs)
gesneite;lemma_5594;7;ANLEGEN;[klar] Entschieden an den Belegen: Lemma lemma_5594 snîden (INJ,NOM,VRB) passt in 'houbt mit den fuzen vnd mit dem in [gesneite] sult ir essen • Und nichtesnicht so' (WZB_64vb_23_3) und in 'veistes , | das do bedecket das in [gesneite] vnd das neczil der lebern vnd die c' (WZB_106rb_14_3). Nächste vorhandene Variante desselben Lemmas: 'gesneit' (Unterschied e/-).;WZB-Belege (insgesamt 7): WZB_64vb_23_3, WZB_85rb_7_4, WZB_85rb_23_3 | authority-files/variants.xml und lexicon.xml (Stand des Laufs)
mittagis;lemma_20031;7;ANLEGEN;[klar] Entschieden an den Belegen: Lemma lemma_20031 mittentac (NOM) passt in 'tafeln sulle czweinczig sein an der [mittagis] seiten , | die sich kert gegen zude' (WZB_81rb_31_3) und in 'as grose mer . • Alhie was ende des [mittagis] teil . • Uon ŏsten vorwar wirt sei' (WZB_229va_6_7). Nächste vorhandene Variante desselben Lemmas: 'mittag' (Unterschied is/-).;WZB-Belege (insgesamt 7): WZB_81rb_31_3, WZB_82ra_10_2, WZB_82va_2_1 | authority-files/variants.xml und lexicon.xml (Stand des Laufs)
erein;lemma_1285;7;ANLEGEN;[klar] Entschieden an den Belegen: Lemma lemma_1285 êrîn (ADJ) passt in 'te sullen werden guldein vnd grunde [erein] . • XXUII • Mache einen alter von s' (WZB_82ra_27_0) und in 'Der himel , der vber dir ist , sei [erein] , | vnd die erde , die du trittest' (WZB_205ra_8_6). Nächste vorhandene Variante desselben Lemmas: 'erin' (Unterschied e/-).;WZB-Belege (insgesamt 7): WZB_82ra_27_0, WZB_94va_29_5, WZB_95vb_6_3 | authority-files/variants.xml und lexicon.xml (Stand des Laufs)
geceldis;lemma_2361;7;ANLEGEN;[klar] Entschieden an den Belegen: Lemma lemma_2361 gezelt (NOM) passt in 'Und an dem teile des selben grosen [geceldis] , | das do sicht gegen orient , wer' (WZB_82va_24_4) und in 'lk , die do weinten vor der tur des [geceldis] . • Do das ersach , svn , des svnes' (WZB_160vb_22_5). Nächste vorhandene Variante desselben Lemmas: 'gecelde' (Unterschied is/e).;WZB-Belege (insgesamt 7): WZB_82va_24_4, WZB_88ra_10_6, WZB_90rb_13_5 | authority-files/variants.xml und lexicon.xml (Stand des Laufs)
dovmen;lemma_1243;7;ANLEGEN;[klar] Entschieden an den Belegen: Lemma lemma_1243 dûme (NOM) passt in 'ren vnd seiner svne EXO Und ouf die [dovmen] irr hende vnd des rechten fuzes | v' (WZB_85va_2_3) und in 'den man reinigt , | vnd di rechten [dovmen] der hant vnd des fuzes an die stat' (WZB_113rb_15_0). Nächste vorhandene Variante desselben Lemmas: 'duomen' (Unterschied -/u, v/-).;WZB-Belege (insgesamt 7): WZB_85va_2_3, WZB_106rb_3_1, WZB_106rb_8_3 | authority-files/variants.xml und lexicon.xml (Stand des Laufs)
fuzes;lemma_7320;7;ANLEGEN;[klar] Entschieden an den Belegen: Lemma lemma_7320 vuoʒ (NOM) passt in 'ie dovmen irr hende vnd des rechten [fuzes] | vnd geuss das blut ouf den alter' (WZB_85va_3_3) und in 'vlecten nasen oder eines zu brochen [fuzes] oder einer hant oder mit tri LEUITI' (WZB_121rb_20_4). Nächste vorhandene Variante desselben Lemmas: 'fuozes' (Unterschied -/o).;WZB-Belege (insgesamt 7): WZB_85va_3_3, WZB_106rb_4_4, WZB_112vb_31_6 | authority-files/variants.xml und lexicon.xml (Stand des Laufs)
czagil;lemma_7750;7;ANLEGEN;[klar] Entschieden an den Belegen: Lemma lemma_7750 zagel (NOM,VRB) passt in 'e veisticheit von dem wider vnd den [czagil] | vnd das veiste , das do ist ouf d' (WZB_85va_14_0) und in 'niten niren oder mit abe gesnitenem [czagil] in die kirche vnsers herren . • Nic' (WZB_199vb_25_0). Nächste vorhandene Variante desselben Lemmas: 'zcagil' (Unterschied -/z, z/-).;WZB-Belege (insgesamt 7): WZB_85va_14_0, WZB_100va_25_3, WZB_104ra_36_4 | authority-files/variants.xml und lexicon.xml (Stand des Laufs)
purpir;lemma_4763;7;ANLEGEN;[klar] Entschieden an den Belegen: Lemma lemma_4763 purpura (ADJ,NOM) passt in 'ndert . • Wer do hatte iacinten vnd [purpir] vnd rotes czwir geverbet • vnd pfel' (WZB_93ra_10_4) und in 'ebleichter pfelle von iacinct , von [purpir] , von gewurmeltm czwir geverbt , mi' (WZB_97va_11_4). Nächste vorhandene Variante desselben Lemmas: 'purpär' (Unterschied i/ä).;WZB-Belege (insgesamt 7): WZB_93ra_10_4, WZB_93ra_20_2, WZB_94va_12_3 | authority-files/variants.xml und lexicon.xml (Stand des Laufs)
rouchvas;lemma_11699;7;ANLEGEN;[klar] Entschieden an den Belegen: Lemma lemma_11699 rouchvaz (NOM) passt in 'vas , trinkvas , gieskopfe vnd DUS [rouchvas] ous reinem golde , in den man opfer' (WZB_95rb_2_0) und in '. • Do sprach czu : • Heb ouf das [rouchvas] vnd schŏpfe fewer von dem alter |' (WZB_151ra_19_5). Nächste vorhandene Variante desselben Lemmas: 'rouchvaz' (Unterschied s/z).;WZB-Belege (insgesamt 7): WZB_95rb_2_0, WZB_149va_23_1, WZB_150ra_21_4 | authority-files/variants.xml und lexicon.xml (Stand des Laufs)
tvnke;lemma_59702;7;ANLEGEN;[klar] Entschieden an den Belegen: Lemma lemma_59702 tunken (VRB) passt in 'zu slahen vor vnserm herren , | so [tvnke] der priester seinen vinger in das b' (WZB_101vb_10_0) und in 'i her seinen brudern , | seinen fuz [tvnke] her in ŏle . • Eisen vnd ere sein' (WZB_213ra_26_1). Nächste vorhandene Variante desselben Lemmas: 'dunckten' (Unterschied -/dunck, v/e, ke/-).;WZB-Belege (insgesamt 7): WZB_101vb_10_0, WZB_112va_17_5, WZB_112vb_34_0 | authority-files/variants.xml und lexicon.xml (Stand des Laufs)
lemmern;lemma_3589;7;ANLEGEN;[klar] Entschieden an den Belegen: Lemma lemma_3589 lamp (NOM) passt in 'or geben . • Ist aber , das von den [lemmern] ist sein opfertir , das ist ein vng' (WZB_102ra_11_0) und in 'ern , zu den widern czwene , zu den [lemmern] ein czehenteil eines czehenden zu y' (WZB_165ra_21_2). Nächste vorhandene Variante desselben Lemmas: 'lemmer' (Unterschied n/-).;WZB-Belege (insgesamt 7): WZB_102ra_11_0, WZB_148rb_30_3, WZB_164rb_11_2 | authority-files/variants.xml und lexicon.xml (Stand des Laufs)
czelen;lemma_7793;7;ANLEGEN;[klar] Entschieden an den Belegen: Lemma lemma_7793 zeln (NOM,VRB) passt in 'ern wonungen . • Nu sult ir dorvmme [czelen] von dem andern tage des heiligen ta' (WZB_123rb_18_0) und in 'oran werck . • Siben wochen solt du [czelen] von dem selben tage , an dem du sic' (WZB_193rb_14_1). Nächste vorhandene Variante desselben Lemmas: 'czelent' (Unterschied -/t).;WZB-Belege (insgesamt 7): WZB_123rb_18_0, WZB_125va_10_0, WZB_130rb_15_4 | authority-files/variants.xml und lexicon.xml (Stand des Laufs)
iarczal;lemma_9803;7;ANLEGEN;[klar] Entschieden an den Belegen: Lemma lemma_9803 jârzal (NOM) passt in 'on egipten sprechende : Heb ouf die [iarczal] aller sammenunge durch ire magescha' (WZB_130rb_9_3) und in 'svn , des priesters : • Czelet alle [iarczal] von czweinczig iaren vnd hinvber du' (WZB_161rb_29_6). Nächste vorhandene Variante desselben Lemmas: 'jarzal' (Unterschied i/j, c/-).;WZB-Belege (insgesamt 7): WZB_130rb_9_3, WZB_131va_7_1, WZB_131vb_25_3 | authority-files/variants.xml und lexicon.xml (Stand des Laufs)
czigenpocke;lemma_784;7;ANLEGEN;[klar] Kompositum 'czigenpocke' (Ziegenböcke, 'funf czigenpocke'): wie czigenpock, Grundwort lemma_784 boc.;WZB-Belege (insgesamt 7): WZB_138rb_29_4, WZB_138vb_14_0, WZB_139rb_20_6 | authority-files/variants.xml und lexicon.xml (Stand des Laufs)
mowern;lemma_4220;7;ANLEGEN;[klar] Entschieden an den Belegen: Lemma lemma_4220 mûre (NOM) passt in 'cherlei die stete gemowert oder ane [mowern] sint , die erde , ob die veist sei' (WZB_146ra_8_2) und in 'eien mit grosem geschreie | vnd die [mowern] der stat von grunde werden vallen .' (WZB_218va_15_3). Nächste vorhandene Variante desselben Lemmas: 'mower' (Unterschied n/-).;WZB-Belege (insgesamt 7): WZB_146ra_8_2, WZB_157vb_17_0, WZB_172vb_19_1 | authority-files/variants.xml und lexicon.xml (Stand des Laufs)
gereiczet;lemma_4862;7;ANLEGEN;[klar] Entschieden an den Belegen: Lemma lemma_4862 reiʒen (NOM,VRB) passt in 's nicht in dem geczencke , | das do [gereiczet] wart wider vnsern herren • vnder ,' (WZB_163rb_25_4) und in 'nd vngetrewe svne . • Mich habn sie [gereiczet] in dem , das nicht was got , • vnd' (WZB_211ra_22_1). Nächste vorhandene Variante desselben Lemmas: 'gereizet' (Unterschied c/-).;WZB-Belege (insgesamt 7): WZB_163rb_25_4, WZB_185va_28_1, WZB_185va_33_9 | authority-files/variants.xml und lexicon.xml (Stand des Laufs)
honikseim;lemma_16515;7;ANLEGEN;[klar] Entschieden an den Belegen: Lemma lemma_16515 seim (NOM) passt in 'di erde vlisende von milch vnd von [honikseim] . • Hŏre : • u Unser herre got ist' (WZB_182va_32_0) und in 'e erde vliessende von milch vnd von [honikseim] . • D Der selben svne waren an der' (WZB_217vb_14_3). Nächste vorhandene Variante desselben Lemmas: 'seim' (Unterschied honik/-).;WZB-Belege (insgesamt 7): WZB_182va_32_0, WZB_188ra_13_0, WZB_202vb_12_0 | authority-files/variants.xml und lexicon.xml (Stand des Laufs)
newkomen;lemma_8598;7;ANLEGEN;[klar] Entschieden an den Belegen: Lemma lemma_8598 niuwekomen (VRB) passt in 'cht soltu vorkeren das gerichte des [newkomen] vnd des waisen . • Noch nicht nym a' (WZB_201rb_17_3) und in 'inder vnd ł ewer housvrowen vnd die [newkomen] , die mit euch wonen in den purgen' (WZB_207rb_6_0). Nächste vorhandene Variante desselben Lemmas: 'niuwekomen' (Unterschied -/iuw, w/-).;WZB-Belege (insgesamt 7): WZB_201rb_17_3, WZB_201rb_31_1, WZB_201va_4_5 | authority-files/variants.xml und lexicon.xml (Stand des Laufs)
ostnischen;lemma_2;7;NICHT_ANLEGEN;lemma_2 abc: eigenes Thema (KZW, #228, 11.09.), in diesem Lauf nicht bearbeitet. Beleg: 'er die stat , die do ist bei in dem [ostnischen] teile der gegent , vnd sprach zu yn' (WZB_219va_33_2). Befund und Zielvorschlag: abc-befunde.csv.;WZB-Belege (insgesamt 7): WZB_219va_33_2, WZB_227vb_17_3, WZB_228va_10_0 | authority-files/variants.xml und lexicon.xml (Stand des Laufs)
vorheusern;lemma_33704;7;PRUEFSEITE;Ein Lemma vorhûs fehlt im Bestand. Vorschlag: nicht unter vorhof anlegen, weil die Bedeutung nicht deckt, und auf ein neues Lemma warten.;WZB-Belege (insgesamt 7): WZB_235va_5_2, WZB_235va_10_6, WZB_235va_13_1 | authority-files/variants.xml und lexicon.xml (Stand des Laufs)
nevnhundert;lemma_13645;6;ANLEGEN;[klar] Entschieden an den Belegen: Lemma lemma_13645 niunhundert (NUM) passt in 'r . • Und gemachet wurden alle tage [nevnhundert] vnd czwelf iare vnd starp . • Es le' (WZB_6va_3_2) und in 'wurden alle seine tage funfczig vnd [nevnhundert] iar vnd starp . • • • Dicz sint die' (WZB_9vb_19_2). Nächste vorhandene Variante desselben Lemmas: 'neünhundert' (Unterschied v/ü).;WZB-Belege (insgesamt 6): WZB_6va_3_2, WZB_6va_10_3, WZB_6va_17_2 | authority-files/variants.xml und lexicon.xml (Stand des Laufs)
vormeiligt;lemma_18886;6;PRUEFSEITE;[KI-Vorschlag: ANDERE_ZUORDNUNG:lemma_15846] [klar] 'vormeiligt was aber die erde vor got' (WZB_7rb_9_9) und 'bist vormeiligt vnd hast mit gelegen' (WZB_135vb_14_1): verunreinigt, das Präfix ver- ist bei Lexer unter meilen belegt ('mit be-, en-, ge-, ver-'). Eine Änderung von @lemmaRef wendet dieser Lauf nicht an, die Entscheidung liegt bei der Prüfseite.;WZB-Belege (insgesamt 6): WZB_7rb_9_9, WZB_122va_16_0, WZB_135va_12_0 | Lexer Bd. 1, Sp. 2077, meiligen swv. (beflecken, beschmutzen) und meilen swv. (dasselbe): https://woerterbuchnetz.de/?sigle=Lexer&lemid=M00970 und https://woerterbuchnetz.de/?sigle=Lexer&lemid=M00971 | authority-files/variants.xml und lexicon.xml (Stand des Laufs)
gereicht;lemma_4842;6;PRUEFSEITE;Vorschlag: lemma_2157 gereichen, das diese Form 6 mal ausserhalb der WZB führt. Weder die Bedeutung von lemma_4842 reichen ('hinreichen') noch gerîchen ist für die drei offenen Belege belegt.;WZB-Belege (insgesamt 6): WZB_13rb_19_2, WZB_24va_23_4, WZB_30rb_17_5 | authority-files/variants.xml und lexicon.xml (Stand des Laufs)
geperen;lemma_1964;6;ANLEGEN;"[klar] Entschieden an den Belegen: Lemma lemma_1964 gebern (NOM,VRB) passt in 'Sich , enpfangen hast du vnd wirst [geperen] einen svn , des namen saltu heissen' (WZB_14rb_8_3) und in '• In der selben erden , do begonde [geperen] , • Uon strenge vnd von swere der g' (WZB_35vb_9_3). Nächste vorhandene Variante desselben Lemmas: 'gepern' (Unterschied e/-). Die normalisierte Form löst heute auf lemma_1953 gebâren (NOM,PRP,VRB) auf (17 Belege im Korpus); beide bleiben Kandidaten, die Reihenfolge regelt Vorschrift B aus #378.";WZB-Belege (insgesamt 6): WZB_14rb_8_3, WZB_15ra_11_11, WZB_15ra_20_2 | authority-files/variants.xml und lexicon.xml (Stand des Laufs)
wachsende;lemma_7360;6;ANLEGEN;[klar] Entschieden an den Belegen: Lemma lemma_7360 wahsen (NOM,VRB) passt in 'gesaczt . • Und ich wil machen dich [wachsende] grŏslich | vnd wil dich seczen in' (WZB_14va_13_3) und in 'stat • Und gleiche einem perge ouf [wachsende] IOSUE erschinen sie verre von der s' (WZB_216rb_34_3). Nächste vorhandene Variante desselben Lemmas: 'wahsende' (Unterschied c/-).;WZB-Belege (insgesamt 6): WZB_14va_13_3, WZB_24va_25_1, WZB_24vb_25_1 | authority-files/variants.xml und lexicon.xml (Stand des Laufs)
seuche;lemma_11369;6;ANLEGEN;[klar] Entschieden an den Belegen: Lemma lemma_11369 siuche (ADJ,NOM) passt in 'rnes alders , Und was vorgangen die [seuche] , die lachte heimlich vnd sprach :' (WZB_15va_21_0) und in 'h lebet . • Czu dem weibe , die die [seuche] hat , | soltu nichte geen , | noch' (WZB_118ra_24_2). Nächste vorhandene Variante desselben Lemmas: 'seuchen' (Unterschied -/n).;WZB-Belege (insgesamt 6): WZB_15va_21_0, WZB_62ra_18_4, WZB_110rb_9_1 | authority-files/variants.xml und lexicon.xml (Stand des Laufs)
mynnern;lemma_4134;6;ANLEGEN;[klar] Entschieden an den Belegen: Lemma lemma_4134 minner (ADJ,ADV,GRA,NOM) passt in 'nd die groste swester sprach zu der [mynnern] : • Unser vater ist alt | vnd ninde' (WZB_17rb_26_3) und in 'ult ir geben das weitiste | vnd den [mynnern] das engiste . • Iclichen als das lo' (WZB_171vb_7_3). Nächste vorhandene Variante desselben Lemmas: 'mynneren' (Unterschied -/e).;WZB-Belege (insgesamt 6): WZB_17rb_26_3, WZB_17va_7_2, WZB_23vb_11_1 | authority-files/variants.xml und lexicon.xml (Stand des Laufs)
erstgebornen;lemma_34610;6;ANLEGEN;[klar] Entschieden an den Belegen: Lemma lemma_34610 erstgeborn (ADJ) passt in 'Er sprach zu im : • Heb ouf deinen [erstgebornen] svn , den du liep hast , , • vnd' (WZB_19rb_10_0) und in 'ouf seinem stule , vncz bis an den [erstgebornen] svne des gevangen , der do was in d' (WZB_65vb_3_6). Nächste vorhandene Variante desselben Lemmas: 'erstgeborenen' (Unterschied -/e).;WZB-Belege (insgesamt 6): WZB_19rb_10_0, WZB_38vb_17_2, WZB_57rb_19_1 | authority-files/variants.xml und lexicon.xml (Stand des Laufs)
czeigen;lemma_7784;6;ANLEGEN;[klar] Entschieden an den Belegen: Lemma lemma_7784 zeigen (VRB) passt in 'r ouf einem perge , den ich dir wil [czeigen] ! • Dorumbe stund ouf bei der nacht' (WZB_19rb_15_1) und in 'vnd vrage von in , | di werden dir [czeigen] des gerichtes warheit vnd tvn soltu' (WZB_194rb_9_1). Nächste vorhandene Variante desselben Lemmas: 'zeigen' (Unterschied c/-).;WZB-Belege (insgesamt 6): WZB_19rb_15_1, WZB_56vb_36_3, WZB_67rb_11_1 | authority-files/variants.xml und lexicon.xml (Stand des Laufs)
vorchtest;lemma_7298;6;ANLEGEN;[klar] Entschieden an den Belegen: Lemma lemma_7298 vürhten (NOM,VRB) passt in '! • Nu hab ich erkant , das du got [vorchtest] • vnd hast nicht vortragen deinem e' (WZB_19va_30_1) und in 'iben sint in DEUTRO disem puche vnd [vorchtest] seinen ersamen vnd vorchtlichen nam' (WZB_206va_2_3). Nächste vorhandene Variante desselben Lemmas: 'vorhtest' (Unterschied c/-).;WZB-Belege (insgesamt 6): WZB_19va_30_1, WZB_182va_18_1, WZB_184ra_35_0 | authority-files/variants.xml und lexicon.xml (Stand des Laufs)
gegenworticheit;lemma_36056;6;ANLEGEN;[klar] Entschieden an den Belegen: Lemma lemma_36056 gegenwerticheit (NOM) passt in 'die gruft , die dorinne ist in der [gegenworticheit] der kinder meines volkes . • Begrab' (WZB_20rb_26_3) und in 'rre vns , svnder peinige vns in der [gegenworticheit] . • Und das wirs in der meinunge ha' (WZB_237ra_23_5). Nächste vorhandene Variante desselben Lemmas: 'gegenwerticheit' (Unterschied o/e).;WZB-Belege (insgesamt 6): WZB_20rb_26_3, WZB_47ra_32_6, WZB_59vb_22_4 | authority-files/variants.xml und lexicon.xml (Stand des Laufs)
ŏrringe;lemma_4448;6;ANLEGEN;[klar] Entschieden an den Belegen: Lemma lemma_4448 ôrrinc (NOM) passt in 'czoch der man her fur czwen guldein [ŏrringe] , die wugen czwei scot , • Und als' (WZB_21va_7_4) und in 'n vnd wip gaben dar achsil span vnd [ŏrringe] vnd arm gespan . • Alle guldeine va' (WZB_93ra_6_5). Nächste vorhandene Variante desselben Lemmas: 'ôrringe' (Unterschied ŏ/ô).;WZB-Belege (insgesamt 6): WZB_21va_7_4, WZB_21va_35_3, WZB_22rb_16_3 | authority-files/variants.xml und lexicon.xml (Stand des Laufs)
alraunen;lemma_31502;6;ANLEGEN;[klar] Entschieden an den Belegen: Lemma lemma_31502 alrûne (NOM) passt in 'des weiczes ouf den acker vnd vant [alraunen] , die brachte er seiner muter . • U' (WZB_29ra_18_5) und in 'b dich vmb lon gewunnen SIS vmb die [alraunen] meines svnes . • Und die selbe nach' (WZB_29rb_2_2). Nächste vorhandene Variante desselben Lemmas: 'alrunen' (Unterschied a/-).;WZB-Belege (insgesamt 6): WZB_29ra_18_5, WZB_29ra_21_5, WZB_29ra_25_6 | authority-files/variants.xml und lexicon.xml (Stand des Laufs)
dorous;lemma_1090;6;ANLEGEN;[klar] Entschieden an den Belegen: Lemma lemma_1090 darûz (ADV,PRP) passt in 'die man machet ous bakwerk vnd sach [dorous] essen die vogil . antworte : • Das' (WZB_41rb_17_2) und in 'en czwir den kislink , | do giengen [dorous] gar mildicliche wasser , also das d' (WZB_154va_22_6). Nächste vorhandene Variante desselben Lemmas: 'drus' (Unterschied o/-, o/-).;WZB-Belege (insgesamt 6): WZB_41rb_17_2, WZB_71vb_4_1, WZB_89va_2_8 | authority-files/variants.xml und lexicon.xml (Stand des Laufs)
vorkoufe;lemma_6879;6;ANLEGEN;[klar] Entschieden an den Belegen: Lemma lemma_6879 verkoufen (NOM,VRB) passt in 'euch ? • ich hab GENE gehort , man [vorkoufe] weicz zu . • Czihet hin abe | vnd k' (WZB_43va_2_3) und in 'les nicht macht zu im getragen , so [vorkoufe] das alles vnd in gelt vorwandel das' (WZB_191vb_4_5). Nächste vorhandene Variante desselben Lemmas: 'vorkoufet' (Unterschied -/t).;WZB-Belege (insgesamt 6): WZB_43va_2_3, WZB_125vb_16_2, WZB_129vb_10_1 | authority-files/variants.xml und lexicon.xml (Stand des Laufs)
weicz;lemma_11998;6;ANLEGEN;"[klar] Entschieden an den Belegen: Lemma lemma_11998 weize (NOM) passt in 'ich hab GENE gehort , man vorkoufe [weicz] zu . • Czihet hin abe | vnd koufet' (WZB_43va_2_4) und in 'rtirbest . Und wirt dir nicht lasen [weicz] vnd wein vnd ŏle , rinder hert vnd' (WZB_206ra_4_4). Nächste vorhandene Variante desselben Lemmas: 'weiczen' (Unterschied -/en). Die normalisierte Form löst heute auf lemma_7549 wîʒ (ADJ,ADV,GRA,NOM) auf (3 Belege im Korpus); beide bleiben Kandidaten, die Reihenfolge regelt Vorschrift B aus #378.";WZB-Belege (insgesamt 6): WZB_43va_2_4, WZB_46ra_16_8, WZB_48rb_2_0 | authority-files/variants.xml und lexicon.xml (Stand des Laufs)
gevenknusse;lemma_6754;6;ANLEGEN;[klar] Entschieden an den Belegen: Lemma lemma_6754 gevancnisse (NOM) passt in 'fure . • Ir bleibet die wile in dem [gevenknusse] , | bis ich gebrufe , | was ir gesp' (WZB_43vb_33_4) und in 't dich furen dein herre got von der [gevenknusse] | vnd wirt sich dein erparmen • Und' (WZB_208ra_32_1). Nächste vorhandene Variante desselben Lemmas: 'gevenknisse' (Unterschied u/i).;WZB-Belege (insgesamt 6): WZB_43vb_33_4, WZB_44va_9_8, WZB_58va_27_1 | authority-files/variants.xml und lexicon.xml (Stand des Laufs)
esiln;lemma_1723;6;ANLEGEN;[klar] Entschieden an den Belegen: Lemma lemma_1723 esel (NOM) passt in 'en die fuze • Und er gab futer iren [esiln] . • Und sie vorware bereiten die ga' (WZB_45va_13_3) und in 'Und von sechs vnd dreissik tousent [esiln] vnd funf hunderten • vnd von sechcz' (WZB_168vb_21_1). Nächste vorhandene Variante desselben Lemmas: 'eseln' (Unterschied i/e).;WZB-Belege (insgesamt 6): WZB_45va_13_3, WZB_46ra_21_2, WZB_168va_2_5 | authority-files/variants.xml und lexicon.xml (Stand des Laufs)
brustil;lemma_909;6;ANLEGEN;[klar] Entschieden an den Belegen: Lemma lemma_909 brust (NOM) passt in 'e hinder sich , | mit dem segen der [brustil] vnd der beuche . • Die segen deines' (WZB_52ra_28_7) und in 'ren , | als mir ist gepoten . • Das [brustil] , LEUITICUS das do geopfert ist | v' (WZB_108rb_34_6). Nächste vorhandene Variante desselben Lemmas: 'brustin' (Unterschied l/n).;WZB-Belege (insgesamt 6): WZB_52ra_28_7, WZB_105ra_27_3, WZB_105ra_33_1 | authority-files/variants.xml und lexicon.xml (Stand des Laufs)
gerufet;lemma_5028;6;ANLEGEN;[klar] Entschieden an den Belegen: Lemma lemma_5028 ruofen (NOM,VRB) passt in '• Got , herre der hebreer , hat vns [gerufet] . • Geen werde wir in die wustenung' (WZB_56ra_30_0) und in 'das der namen vnsers herren ist an [gerufet] vber dich vnd werden dich vorchten' (WZB_204va_14_1). Nächste vorhandene Variante desselben Lemmas: 'geruofet' (Unterschied -/o).;WZB-Belege (insgesamt 6): WZB_56ra_30_0, WZB_87vb_25_2, WZB_92ra_33_1 | authority-files/variants.xml und lexicon.xml (Stand des Laufs)
be;lemma_2;6;NICHT_ANLEGEN;lemma_2 abc: eigenes Thema (KZW, #228, 11.09.), in diesem Lauf nicht bearbeitet. Beleg: 'ubte | vnd horten , das vnser herre [be] suchet hette vnd hette an gesehen i' (WZB_57va_11_5). Befund und Zielvorschlag: abc-befunde.csv.;WZB-Belege (insgesamt 6): WZB_57va_11_5, WZB_65ra_30_7, WZB_66rb_28_1 | authority-files/variants.xml und lexicon.xml (Stand des Laufs)
nichtenicht;lemma_2;6;NICHT_ANLEGEN;lemma_2 abc: eigenes Thema (KZW, #228, 11.09.), in diesem Lauf nicht bearbeitet. Beleg: 'hern des volkes vnd sprecht : • Mit [nichtenicht] gebt in furbas spreu zu machen die' (WZB_57vb_11_7). Befund und Zielvorschlag: abc-befunde.csv.;WZB-Belege (insgesamt 6): WZB_57vb_11_7, WZB_62va_20_0, WZB_146va_9_6 | authority-files/variants.xml und lexicon.xml (Stand des Laufs)
clouben;lemma_3371;6;ANLEGEN;[klar] Entschieden an den Belegen: Lemma lemma_3371 klûben (VRB) passt in 'gel als vor , | svnder sie geen vnd [clouben] stuppil vnd die maze der czigel , |' (WZB_57vb_14_3) und in 'bis zu abende . • Aber zu samen sol [clouben] ein reiner man die aschen von der k' (WZB_153va_3_3). Nächste vorhandene Variante desselben Lemmas: 'cluben' (Unterschied o/-).;WZB-Belege (insgesamt 6): WZB_57vb_14_3, WZB_57vb_35_1, WZB_123va_27_2 | authority-files/variants.xml und lexicon.xml (Stand des Laufs)
gepflaget;lemma_46781;6;ANLEGEN;"[klar] Entschieden an den Belegen: Lemma lemma_46781 plâgen (VRB) passt in 'vnd sprach : • Herre , worumb hastu [gepflaget] dein volk ? | worumb hastu mich ges' (WZB_58rb_23_0) und in 'et haben manche czeit • vnd wie vns [gepflaget] habn die vnd vnser veter • vnd wie' (WZB_154vb_10_1). Nächste vorhandene Variante desselben Lemmas: 'geplaget' (Unterschied f/-). Die normalisierte Form löst heute auf lemma_4649 phlegen (VRB) auf (1 Belege im Korpus); beide bleiben Kandidaten, die Reihenfolge regelt Vorschrift B aus #378.";WZB-Belege (insgesamt 6): WZB_58rb_23_0, WZB_58rb_28_1, WZB_59vb_33_4 | authority-files/variants.xml und lexicon.xml (Stand des Laufs)
leuitischen;lemma_2;6;NICHT_ANLEGEN;lemma_2 abc: eigenes Thema (KZW, #228, 11.09.), in diesem Lauf nicht bearbeitet. Beleg: 'erte im . • Das sint di fursten des [leuitischen] gesindes durch ire geslechte . • Da' (WZB_59ra_22_2). Befund und Zielvorschlag: abc-befunde.csv.;WZB-Belege (insgesamt 6): WZB_59ra_22_2, WZB_194rb_5_5, WZB_194vb_4_1 | authority-files/variants.xml und lexicon.xml (Stand des Laufs)
knechtels;lemma_3377;6;ANLEGEN;[klar] Entschieden an den Belegen: Lemma lemma_3377 kneht (NOM) passt in 'umme opfer ich vnserm herren | alle [knechtels] geslechte , | das do ouf tut die pe' (WZB_67ra_13_1) und in 'volk , das do ous geczogen was von [knechtels] geslechte , alle streitende man , w' (WZB_217va_32_1). Nächste vorhandene Variante desselben Lemmas: 'knechtes' (Unterschied l/-).;WZB-Belege (insgesamt 6): WZB_67ra_13_1, WZB_130vb_2_1, WZB_133va_2_10 | authority-files/variants.xml und lexicon.xml (Stand des Laufs)
reitenden;lemma_4885;6;ANLEGEN;[klar] Entschieden an den Belegen: Lemma lemma_4885 rîten (INJ,NOM,VRB) passt in '| vnd in seinen wegen vnd in seinen [reitenden] . • Vnd der engel gotis hub sich ou' (WZB_68rb_5_3) und in 'n di ewern vetern mit wegen vnd mit [reitenden] vncz bis zu IOSUE dem . • Aber schr' (WZB_238va_37_1). Nächste vorhandene Variante desselben Lemmas: 'ritende' (Unterschied e/-, n/-).;WZB-Belege (insgesamt 6): WZB_68rb_5_3, WZB_68va_32_4, WZB_68vb_7_0 | authority-files/variants.xml und lexicon.xml (Stand des Laufs)
vorczert;lemma_7817;6;ANLEGEN;[klar] Entschieden an den Belegen: Lemma lemma_7817 zern (NOM,VRB) passt in 'tu . • Mit torleicher arbeit wirstu [vorczert] , du vnd das volk , das mit dir ist' (WZB_73ra_6_3) und in 'es , das sein was , wart myt few̆er [vorczert] . • Und ouf yn sammenten sie einen' (WZB_220vb_15_1). Nächste vorhandene Variante desselben Lemmas: 'czerte' (Unterschied vor/-, -/e).;WZB-Belege (insgesamt 6): WZB_73ra_6_3, WZB_103vb_25_5, WZB_169va_23_4 | authority-files/variants.xml und lexicon.xml (Stand des Laufs)
czan;lemma_7764;6;ANLEGEN;[klar] Entschieden an den Belegen: Lemma lemma_7764 zant (NOM) passt in 'r sele vmb sele , ouge vmb ouge , | [czan] vmbe czan , hant vmb hant , | fuz v' (WZB_75vb_34_4) und in 'le , ouge vmme ouge , | czan v vmme [czan] , hout vm hout , fuz vmme fuz soltu' (WZB_196va_6_1). Nächste vorhandene Variante desselben Lemmas: 'zan' (Unterschied c/-).;WZB-Belege (insgesamt 6): WZB_75vb_34_4, WZB_75vb_34_6, WZB_76ra_8_0 | authority-files/variants.xml und lexicon.xml (Stand des Laufs)
gegenwortig;lemma_36573;6;ANLEGEN;[klar] Entschieden an den Belegen: Lemma lemma_36573 gegenwertic (ADJ,ADV) passt in 'irbet , | das des vihes herre nicht [gegenwortig] ist , betwungen wirt her das zu gel' (WZB_76vb_28_1) und in 'tak der vorlust vnd die czeit eilen [gegenwortig] zu . • Unser herre wirt richten sei' (WZB_211va_13_4). Nächste vorhandene Variante desselben Lemmas: 'gegenwürtig' (Unterschied o/ü).;WZB-Belege (insgesamt 6): WZB_76vb_28_1, WZB_76vb_30_7, WZB_158va_2_7 | authority-files/variants.xml und lexicon.xml (Stand des Laufs)
vorczihen;lemma_7036;6;ANLEGEN;[klar] Entschieden an den Belegen: Lemma lemma_7036 verzîhen (NOM,VRB) passt in 'il senden den engil , der euch wirt [vorczihen] | vnd wirt euch behuten an dem wege' (WZB_78ra_6_3) und in 'des herren aller erden | wirt euch [vorczihen] durch den . • Bereitet czwelf man |' (WZB_216rb_8_1). Nächste vorhandene Variante desselben Lemmas: 'verczihen' (Unterschied o/e).;WZB-Belege (insgesamt 6): WZB_78ra_6_3, WZB_90vb_23_6, WZB_155ra_23_2 | authority-files/variants.xml und lexicon.xml (Stand des Laufs)
oniknien;lemma_4446;6;ANLEGEN;[klar] Entschieden an den Belegen: Lemma lemma_4446 ônix (NOM) passt in ', czu machen des guten ruches | vnd [oniknien] steine , zu cziren das humeral | vn' (WZB_79va_11_0) und in 'ch bereite er xxxix exodi EXO czwen [oniknien] steine vormacht vnd ein gesaczt in' (WZB_97ra_2_1). Nächste vorhandene Variante desselben Lemmas: 'onizen' (Unterschied kni/z).;WZB-Belege (insgesamt 6): WZB_79va_11_0, WZB_83rb_27_1, WZB_87va_19_1 | authority-files/variants.xml und lexicon.xml (Stand des Laufs)
nvs;lemma_4441;6;ANLEGEN;[klar] Entschieden an den Belegen: Lemma lemma_4441 nuʒ (NOM) passt in 'Drei kopfe in der gestalt | sam ein [nvs] , | an einen yclichen stengil vnd r' (WZB_80rb_36_3) und in 'aren vir kopfe in der gestalt einer [nvs] vnd ringil an yclichem vnd lilgen v' (WZB_95rb_22_2). Nächste vorhandene Variante desselben Lemmas: 'nüs' (Unterschied v/ü).;WZB-Belege (insgesamt 6): WZB_80rb_36_3, WZB_80va_4_1, WZB_80va_11_1 | authority-files/variants.xml und lexicon.xml (Stand des Laufs)
centner;lemma_12261;6;ANLEGEN;[klar] Entschieden an den Belegen: Lemma lemma_12261 zentenære (NOM) passt in 'len seinen vassen | sol haben einen [centner] reines goldes . • Sich an vnd mache' (WZB_80va_29_1) und in 's DUS czwen vnd sibenczig tousent • [centner] vnd vir hundert scot . • Dor vber o' (WZB_96vb_3_0). Nächste vorhandene Variante desselben Lemmas: 'centener' (Unterschied -/e).;WZB-Belege (insgesamt 6): WZB_80va_29_1, WZB_95rb_35_5, WZB_96va_6_3 | authority-files/variants.xml und lexicon.xml (Stand des Laufs)
geverbten;lemma_7018;6;ANLEGEN;[klar] Entschieden an den Belegen: Lemma lemma_7018 verwen (VRB) passt in 'he ein ander vbirdecke von iacincte [geverbten] heuten . • Mache ouch stende tafeln' (WZB_81rb_18_2) und in 'ke • vnd vber das alles den iacinct [geverbten] vberhank , den vorhank , der do hen' (WZB_134rb_12_4). Nächste vorhandene Variante desselben Lemmas: 'geverbt' (Unterschied en/-).;WZB-Belege (insgesamt 6): WZB_81rb_18_2, WZB_94ra_23_1, WZB_97va_36_0 | authority-files/variants.xml und lexicon.xml (Stand des Laufs)
behaldende;lemma_453;6;ANLEGEN;[klar] Entschieden an den Belegen: Lemma lemma_453 behalten (VRB) passt in 'erden vmbhenge funfczehen doum elen [behaldende] vnd drei seulen vnd also vil grunde' (WZB_82va_33_1) und in 'ndern , svnder las sie hin vligen , [behaldende] die iungen gevangen , so das dir wo' (WZB_198vb_29_1). Nächste vorhandene Variante desselben Lemmas: 'behaltende' (Unterschied d/t).;WZB-Belege (insgesamt 6): WZB_82va_33_1, WZB_137vb_7_3, WZB_138va_21_1 | authority-files/variants.xml und lexicon.xml (Stand des Laufs)
leineine;lemma_3736;6;ANLEGEN;[klar] Entschieden an den Belegen: Lemma lemma_3736 lînîn (ADJ,NOM) passt in 'werke . • Und ouch den svnen mache [leineine] rokke vnd gurtel vnd houben czu lob' (WZB_84va_10_7) und in 'en vater . • Und an sol her tvn ein [leineine] wat vnd das heilige gewant • v vnd' (WZB_116vb_16_6). Nächste vorhandene Variante desselben Lemmas: 'leinein' (Unterschied e/-).;WZB-Belege (insgesamt 6): WZB_84va_10_7, WZB_84va_19_1, WZB_97va_4_4 | authority-files/variants.xml und lexicon.xml (Stand des Laufs)
endliste;lemma_22669;6;ANLEGEN;[klar] Entschieden an den Belegen: Lemma lemma_22669 endelist (NOM) passt in 'seinem blute | vnd lege das ouf das [endliste] teil der rechten oren vnd seiner sv' (WZB_85rb_36_1) und in 'erren siben stunt . • Und ruret das [endliste] teil seines rechten orn , des den m' (WZB_113rb_12_6). Nächste vorhandene Variante desselben Lemmas: 'endelist' (Unterschied -/e, e/-).;WZB-Belege (insgesamt 6): WZB_85rb_36_1, WZB_106rb_1_2, WZB_106rb_7_1 | authority-files/variants.xml und lexicon.xml (Stand des Laufs)
tires;lemma_6080;6;ANLEGEN;[klar] 'seines siges opfer tires': der zweite Teil des getrennt geschriebenen Kompositums Opfertier, Genitiv von tier. Grundwort lemma_6080.;WZB-Belege (insgesamt 6): WZB_92ra_7_1, WZB_100rb_24_0, WZB_100va_16_1 | authority-files/variants.xml und lexicon.xml (Stand des Laufs)
giessende;lemma_2392;6;ANLEGEN;[klar] Entschieden an den Belegen: Lemma lemma_2392 giezen (NOM,VRB) passt in 'n . • Aber die getefel vorgulte her [giessende] in silbereine grunde | Und ir ringe' (WZB_94va_5_2) und in 'pfer die erste gabe vnserm herren , [giessende] dor ouf ŏl | vnd weirouch lege dor' (WZB_100rb_8_5). Nächste vorhandene Variante desselben Lemmas: 'giessen' (Unterschied de/-).;WZB-Belege (insgesamt 6): WZB_94va_5_2, WZB_94va_19_3, WZB_94vb_7_3 | authority-files/variants.xml und lexicon.xml (Stand des Laufs)
tousenten;lemma_6267;6;ANLEGEN;[klar] Entschieden an den Belegen: Lemma lemma_6267 tûsent (NUM) passt in 'nczig iaren vnd hin vbir von dreien [tousenten] vnd sechs hundert tousenten funfhun' (WZB_96va_20_2) und in 'ert tousenten vnd siben vnd dreisik [tousenten] vnd funf hundert schafen • Und von' (WZB_168vb_17_0). Nächste vorhandene Variante desselben Lemmas: 'tusenten' (Unterschied o/-).;WZB-Belege (insgesamt 6): WZB_96va_20_2, WZB_96va_21_2, WZB_96va_32_1 | authority-files/variants.xml und lexicon.xml (Stand des Laufs)
vorbruen;lemma_6824;6;ANLEGEN;[klar] Entschieden an den Belegen: Lemma lemma_6824 verbrennen (VRB) passt in 'er opfern ouserhalb der purge | vnd [vorbruen] als das vorige kalp , wenne es ist' (WZB_101va_31_3) und in 'vaters , | mit fewer sol man sie v [vorbruen] . • Der bischof , das ist der grŏs' (WZB_121ra_18_0). Nächste vorhandene Variante desselben Lemmas: 'vorbrunen' (Unterschied -/n).;WZB-Belege (insgesamt 6): WZB_101va_31_3, WZB_112ra_21_1, WZB_112ra_32_3 | authority-files/variants.xml und lexicon.xml (Stand des Laufs)
vorbindet;lemma_6820;6;ANLEGEN;[klar] Entschieden an den Belegen: Lemma lemma_6820 verbinden (VRB) passt in 'was bozes tv | oder etwas gutes vnd [vorbindet] das mit swe LEUITICUS ren oder mit' (WZB_102rb_20_1) und in ', das sie gelobet vnd sich mit eide [vorbindet] , | so das sie mit vasten oder mit' (WZB_167ra_23_4). Nächste vorhandene Variante desselben Lemmas: 'verbindet' (Unterschied o/e).;WZB-Belege (insgesamt 6): WZB_102rb_20_1, WZB_166vb_5_0, WZB_166vb_10_5 | authority-files/variants.xml und lexicon.xml (Stand des Laufs)
abscheidunge;lemma_2;6;NICHT_ANLEGEN;lemma_2 abc: eigenes Thema (KZW, #228, 11.09.), in diesem Lauf nicht bearbeitet. Beleg: 'uf erhebunge | vnd die schulder der [abscheidunge] habe ich genomen von von iren frids' (WZB_105rb_5_2). Befund und Zielvorschlag: abc-befunde.csv.;WZB-Belege (insgesamt 6): WZB_105rb_5_2, WZB_110ra_33_0, WZB_115ra_13_1 | authority-files/variants.xml und lexicon.xml (Stand des Laufs)
schupen;lemma_2;6;NICHT_ANLEGEN;"lemma_2 abc: eigenes Thema (KZW, #228, 11.09.), in diesem Lauf nicht bearbeitet. Beleg: 'n; alles das do hat vlossen | vnd ł [schupen] , | also wol in dem mere als in den' (WZB_109ra_6_0). Befund und Zielvorschlag: abc-befunde.csv.";WZB-Belege (insgesamt 6): WZB_109ra_6_0, WZB_109ra_9_1, WZB_109ra_15_1 | authority-files/variants.xml und lexicon.xml (Stand des Laufs)
meilige;lemma_17858;6;PRUEFSEITE;[KI-Vorschlag: ANDERE_ZUORDNUNG:lemma_15846] [klar] Die Belege sind Verbformen ('dich nicht meilige', 'noch meilige den namen deines gotis'), das zugewiesene lemma_17858 meilec ist ein Adjektiv. Lexer führt meiligen swv. 'beflecken' Eine Änderung von @lemmaRef wendet dieser Lauf nicht an, die Entscheidung liegt bei der Prüfseite.;WZB-Belege (insgesamt 6): WZB_118ra_29_2, WZB_118ra_31_4, WZB_118ra_37_5 | lemma_15846 meilen steht dort als gleichbedeutendes swv. ('dasselbe'). | authority-files/variants.xml und lexicon.xml (Stand des Laufs)
vnmenschlichkeit;lemma_21755;6;ANLEGEN;[klar] Entschieden an den Belegen: Lemma lemma_21755 unmenschlich (ADJ,ADV,NEG) passt in 'plicher gelust , | wenne es ist ein [vnmenschlichkeit] . • Mit allem vihe saltu nicht breu' (WZB_118ra_35_6) und in 'durch czihende ir habt gesehen die [vnmenschlichkeit] vnd die svnden , das ist ire gote ,' (WZB_207va_10_4). Nächste vorhandene Variante desselben Lemmas: 'vnmenschliche' (Unterschied k/-, it/-).;WZB-Belege (insgesamt 6): WZB_118ra_35_6, WZB_190vb_7_4, WZB_193vb_35_6 | authority-files/variants.xml und lexicon.xml (Stand des Laufs)
funfczehenden;lemma_7291;6;ANLEGEN;[klar] Entschieden an den Belegen: Lemma lemma_7291 vünfzehende (NUM) passt in 'die ostern vnsers herren vnd an dem [funfczehenden] tage des menedis ist die hochczeit' (WZB_122vb_27_1) und in 'me von in dem ersten meneden an dem [funfczehenden] tage des menedis , des ersten an de' (WZB_170vb_6_2). Nächste vorhandene Variante desselben Lemmas: 'funffczehenden' (Unterschied -/f).;WZB-Belege (insgesamt 6): WZB_122vb_27_1, WZB_124ra_3_2, WZB_124ra_31_0 | authority-files/variants.xml und lexicon.xml (Stand des Laufs)
veierlich;lemma_32980;6;ANLEGEN;[klar] Entschieden an den Belegen: Lemma lemma_32980 vîrelich (ADJ) passt in '• Der erste tag sol euch s sein gar [veierlich] vnd heilig . Alle dienstliche werk' (WZB_122vb_32_2) und in 'em achten tage , | der euch ist gar [veierlich] , alles dienstlich werck sult ir do' (WZB_166va_8_7).;WZB-Belege (insgesamt 6): WZB_122vb_32_2, WZB_123va_16_3, WZB_124ra_7_2 | authority-files/variants.xml und lexicon.xml (Stand des Laufs)
povme;lemma_820;6;ANLEGEN;[klar] Entschieden an den Belegen: Lemma lemma_820 boum (NOM) passt in 't wirt sie frucht tragen , noch die [povme] werden nicht ŏpfel reichen . • Ist' (WZB_127vb_24_4) und in 'an dem wege | vnd vindest ouf einem [povme] oder an der erden ein vogilnest | v' (WZB_198vb_23_4). Nächste vorhandene Variante desselben Lemmas: 'povmen' (Unterschied -/n).;WZB-Belege (insgesamt 6): WZB_127vb_24_4, WZB_146ra_10_4, WZB_193vb_11_0 | authority-files/variants.xml und lexicon.xml (Stand des Laufs)
stakten;lemma_2;6;NICHT_ANLEGEN;"lemma_2 abc: eigenes Thema (KZW, #228, 11.09.), in diesem Lauf nicht bearbeitet. Beleg: 'purge; noch dem wort vnsers herren [stakten] sie die geczelt | vnd noch seinem w' (WZB_142ra_19_1). Befund und Zielvorschlag: abc-befunde.csv.";WZB-Belege (insgesamt 6): WZB_142ra_19_1, WZB_155vb_34_2, WZB_170vb_34_4 | authority-files/variants.xml und lexicon.xml (Stand des Laufs)
vorstete;lemma_44091;6;ANLEGEN;[klar] Entschieden an den Belegen: Lemma lemma_44091 vorstat (NOM) passt in 'besiczungen stete zu wonen vnd ire [vorstete] in dem vmringe , | so das sie ouch' (WZB_172vb_14_5) und in 'do heisset , • ouf dem perge vnd ir [vorstete] in dem vmmeringe . Die ecker vorwar' (WZB_235rb_13_0). Nächste vorhandene Variante desselben Lemmas: 'vorstat' (Unterschied e/a, e/-).;WZB-Belege (insgesamt 6): WZB_172vb_14_5, WZB_228vb_26_0, WZB_235ra_10_6 | authority-files/variants.xml und lexicon.xml (Stand des Laufs)
vluchtigen;lemma_7142;6;ANLEGEN;[klar] Entschieden an den Belegen: Lemma lemma_7142 vlühtec (ADJ,ADV,NOM) passt in 'ete sullen sein zu beschirmvnge den [vluchtigen] , die do vngerne blut vorgiessen .' (WZB_173ra_26_1) und in 'ch zu in : • Svnderte die stete der [vluchtigen] , von den ich gesprochen habe czu e' (WZB_234rb_18_1). Nächste vorhandene Variante desselben Lemmas: 'vluhtigen' (Unterschied c/-).;WZB-Belege (insgesamt 6): WZB_173ra_26_1, WZB_173ra_36_1, WZB_173vb_15_4 | authority-files/variants.xml und lexicon.xml (Stand des Laufs)
vleissiclich;lemma_7126;6;ANLEGEN;[klar] Entschieden an den Belegen: Lemma lemma_7126 vlîzeclich (ADJ,ADV,GRA) passt in 'nd wirst gesetet , | so hŭte d dich [vleissiclich] , das du icht vorgessest deines her' (WZB_182vb_28_1) und in 'hat gelobt . • Das alleine behutet [vleissiclich] , so das ir liep habt ewern herren' (WZB_238ra_29_2). Nächste vorhandene Variante desselben Lemmas: 'vleissichleich' (Unterschied -/h, -/e).;WZB-Belege (insgesamt 6): WZB_182vb_28_1, WZB_193vb_34_1, WZB_195va_35_1 | authority-files/variants.xml und lexicon.xml (Stand des Laufs)
strase;lemma_5798;5;ANLEGEN;[klar] Entschieden an den Belegen: Lemma lemma_5798 strâze (NOM) passt in 'in gleicher sase • Bawen des himels [strase] , • die got von herczen vnd von sin' (WZB_1vb_21_4) und in 'emet in ewer hende speise zu langer [strase] • vnd geet in enkegen vnd sprecht :' (WZB_223ra_12_0). Nächste vorhandene Variante desselben Lemmas: 'strasze' (Unterschied -/z).;WZB-Belege (insgesamt 5): WZB_1vb_21_4, WZB_155ra_7_2, WZB_155ra_17_0 | authority-files/variants.xml und lexicon.xml (Stand des Laufs)
"geslechte;";lemma_2233;5;NICHT_ANLEGEN;[klar] Das Tokenende trägt ein Semikolon ('noch seinem geslechte;WZB-Belege (insgesamt 5): WZB_3rb_15_3, WZB_109rb_4_0, WZB_109rb_8_0 | '): Tokenisierungsfehler (Satzzeichen im Wortelement), ein Typ mit Semikolon wäre Müll. Der Fall gehört in die Tokenkorrektur. | authority-files/variants.xml und lexicon.xml (Stand des Laufs)
hiesse;lemma_18885;5;ANLEGEN;"[klar] Entschieden an den Belegen: Lemma lemma_18885 heiʒen (VRB) passt in 'ie czu , das er besehe , wie er sie [hiesse] . • Und alles das , | das nante •' (WZB_4ra_25_4) und in 'zu den hebammen der hebreer , | Der [hiesse] eine , • Die ander , vnd gebot in :' (WZB_53vb_27_5). Nächste vorhandene Variante desselben Lemmas: 'heizte' (Unterschied -/e, -/zt, sse/-). Die normalisierte Form löst heute auf lemma_2731 heiʒʒen (VRB) auf (35 Belege im Korpus); beide bleiben Kandidaten, die Reihenfolge regelt Vorschrift B aus #378.";WZB-Belege (insgesamt 5): WZB_4ra_25_4, WZB_14ra_2_4, WZB_28rb_10_6 | authority-files/variants.xml und lexicon.xml (Stand des Laufs)
vorpoten;lemma_6819;5;ANLEGEN;[klar] Entschieden an den Belegen: Lemma lemma_6819 verbieten (NOM,VRB) passt in 'awer wasser wege der wolken . • Und [vorpoten] wurden die regen von himel vnd die' (WZB_8rb_25_6) und in 'hnusse derlei , die vnser herre hat [vorpoten] . wenne NOMIUS dein herre got ein v' (WZB_180ra_21_2). Nächste vorhandene Variante desselben Lemmas: 'verpoten' (Unterschied o/e).;WZB-Belege (insgesamt 5): WZB_8rb_25_6, WZB_101vb_25_2, WZB_102vb_31_2 | authority-files/variants.xml und lexicon.xml (Stand des Laufs)
meneden;lemma_3910;5;ANLEGEN;[klar] Entschieden an den Belegen: Lemma lemma_3910 mânôt (NOM) passt in 'u giengen vncz bis an den czehenden [meneden] , • wenne in GENESIS dem czehenden' (WZB_8rb_37_1) und in 'zogen sie dorvmme von in dem ersten [meneden] an dem funfczehenden tage des mened' (WZB_170vb_5_4). Nächste vorhandene Variante desselben Lemmas: 'moneden' (Unterschied e/o).;WZB-Belege (insgesamt 5): WZB_8rb_37_1, WZB_39va_24_6, WZB_64va_7_1 | authority-files/variants.xml und lexicon.xml (Stand des Laufs)
rackte;lemma_4825;5;ANLEGEN;[klar] Entschieden an den Belegen: Lemma lemma_4825 recken (VRB) passt in 'ser waren vf aller erden . • Und er [rackte] aus sein hant vnd vienck sie • vnd' (WZB_8va_17_6) und in '| das man sie greiffen muge . • Nu [rackte] ous sein hant in den himel vnd es w' (WZB_63vb_14_4). Nächste vorhandene Variante desselben Lemmas: 'rakte' (Unterschied c/-).;WZB-Belege (insgesamt 5): WZB_8va_17_6, WZB_19va_19_3, WZB_39vb_10_3 | authority-files/variants.xml und lexicon.xml (Stand des Laufs)
nen;lemma_2;5;NICHT_ANLEGEN;lemma_2 abc: eigenes Thema (KZW, #228, 11.09.), in diesem Lauf nicht bearbeitet. Beleg: 'IS czu im an dem abent tragende ei¬ [nen] holczweig mit grunen bletern in dem' (WZB_8vb_3_0). Befund und Zielvorschlag: abc-befunde.csv.;WZB-Belege (insgesamt 5): WZB_8vb_3_0, WZB_26vb_2_0, WZB_57rb_2_0 | authority-files/variants.xml und lexicon.xml (Stand des Laufs)
virczehenden;lemma_7072;5;ANLEGEN;[klar] Entschieden an den Belegen: Lemma lemma_7072 vierzehende (ADJ,NUM) passt in 'czogen sie von im . • Dorumb in dem [virczehenden] iare quam vnd die kunige , die do w' (WZB_12vb_3_0) und in 'erren in dem andern manden , an dem [virczehenden] tage des menedis an dem abende mit' (WZB_141va_18_3). Nächste vorhandene Variante desselben Lemmas: 'vierczehenden' (Unterschied -/e).;WZB-Belege (insgesamt 5): WZB_12vb_3_0, WZB_65ra_34_2, WZB_122vb_24_2 | authority-files/variants.xml und lexicon.xml (Stand des Laufs)
benvmet;lemma_516;5;ANLEGEN;[klar] Entschieden an den Belegen: Lemma lemma_516 benennen (VRB) passt in 'vnd wart im czu einer gerechticheit [benvmet] . • Und her sprach zu im : • Ich' (WZB_13va_14_0) und in 'rt funden , | die den enlenden sint [benvmet] | vnd wirt do geslagen von dem , de' (WZB_173va_32_6). Nächste vorhandene Variante desselben Lemmas: 'benent' (Unterschied vm/-, -/n).;WZB-Belege (insgesamt 5): WZB_13va_14_0, WZB_54va_26_5, WZB_82va_29_2 | authority-files/variants.xml und lexicon.xml (Stand des Laufs)
besneiden;lemma_586;5;ANLEGEN;[klar] Entschieden an den Belegen: Lemma lemma_586 besnîden (VRB) passt in 'werden ous euch alle knechtel • vnd [besneiden] sult ir das • vleisch SIS ewer scha' (WZB_14va_37_0) und in 'sult nicht scheiblecht ewern schopf [besneiden] , noch den part bescheren . • Nicht' (WZB_119rb_15_2). Nächste vorhandene Variante desselben Lemmas: 'besniden' (Unterschied e/-).;WZB-Belege (insgesamt 5): WZB_14va_37_0, WZB_34vb_3_1, WZB_34vb_25_0 | authority-files/variants.xml und lexicon.xml (Stand des Laufs)
alders;lemma_156;5;PRUEFSEITE;[KI-Vorschlag: ANDERE_ZUORDNUNG:lemma_155] [klar] 'wol volvarnes alders', 'ires alders das funfczigste iar': Lebensalter, nicht Altar. lemma_156 altar passt zur Schwesterform alters (38 Belege, alle Altar), lemma_155 alt führt NOM und die Form alders. Eine Änderung von @lemmaRef wendet dieser Lauf nicht an, die Entscheidung liegt bei der Prüfseite.;WZB-Belege (insgesamt 5): WZB_15va_19_4, WZB_141ra_19_4, WZB_227va_15_0 | authority-files/variants.xml und lexicon.xml (Stand des Laufs)
vortragen;lemma_19874;5;ANLEGEN;[klar] Entschieden an den Belegen: Lemma lemma_19874 vortragen (PRP,VRB) passt in 'erben mit ein ander vnd wiltu nicht [vortragen] der stat vmb funfczig gerechte , ob' (WZB_16ra_3_1) und in 'got dir wirt geben . • Nicht sol in [vortragen] dein ougen , noch diene iren gŏten' (WZB_184ra_19_7). Nächste vorhandene Variante desselben Lemmas: 'vortraghen' (Unterschied -/h).;WZB-Belege (insgesamt 5): WZB_16ra_3_1, WZB_19va_31_0, WZB_19vb_12_2 | authority-files/variants.xml und lexicon.xml (Stand des Laufs)
vortilge;lemma_6992;5;ANLEGEN;[klar] Entschieden an den Belegen: Lemma lemma_6992 vertilgen (VRB) passt in 'werden czehen ? • Er sprach : • Ich [vortilge] ir nicht vmb czehen . • Und ab gink' (WZB_16rb_9_7) und in 'sint in disem puche , • NOMIUS Und [vortilge] seinen namen vnder dem himel | vnd' (WZB_207vb_2_1). Nächste vorhandene Variante desselben Lemmas: 'vertilge' (Unterschied o/e).;WZB-Belege (insgesamt 5): WZB_16rb_9_7, WZB_88vb_23_0, WZB_190vb_11_3 | authority-files/variants.xml und lexicon.xml (Stand des Laufs)
wŏllet;lemma_7473;5;ANLEGEN;"[klar] Entschieden an den Belegen: Lemma lemma_7473 wellen (VEM,VRB) passt in 'h , | vnd gebruchet der , wie ir do [wŏllet] . | nvr alleine | tut • disen manne' (WZB_16va_14_2) und in 'ern herren got . • Und ist , das ir [wŏllet] der heiden werren , die vnder euch' (WZB_238ra_31_8). Nächste vorhandene Variante desselben Lemmas: 'wöllet' (Unterschied ŏ/ö). Die normalisierte Form löst heute schon auf dieses Lemma auf; der Typ hält die Schreibung fest.";WZB-Belege (insgesamt 5): WZB_16va_14_2, WZB_22va_7_2, WZB_34va_31_0 | authority-files/variants.xml und lexicon.xml (Stand des Laufs)
enczvnten;lemma_1511;5;ANLEGEN;[klar] Entschieden an den Belegen: Lemma lemma_1511 enzünden (VRB) passt in 'in die | opfer in do zu einem gancz [enczvnten] opfer ouf einem perge , den ich dir' (WZB_19rb_13_3) und in 'vnde vnd einen wider zu einem gancz [enczvnten] opfer | vnd opfer die vor vnserm he' (WZB_107ra_5_4). Nächste vorhandene Variante desselben Lemmas: 'enzunten' (Unterschied c/-, v/u).;WZB-Belege (insgesamt 5): WZB_19rb_13_3, WZB_19rb_19_5, WZB_19rb_31_2 | authority-files/variants.xml und lexicon.xml (Stand des Laufs)
ner;lemma_2;5;NICHT_ANLEGEN;lemma_2 abc: eigenes Thema (KZW, #228, 11.09.), in diesem Lauf nicht bearbeitet. Beleg: 'bist gehorsam gewesen mey e e GENE [ner] stymme . • Und karte wider zu seine' (WZB_20ra_2_0). Befund und Zielvorschlag: abc-befunde.csv.;WZB-Belege (insgesamt 5): WZB_20ra_2_0, WZB_46va_24_0, WZB_62rb_2_0 | authority-files/variants.xml und lexicon.xml (Stand des Laufs)
czwiualdigen;lemma_7952;5;ANLEGEN;[klar] Entschieden an den Belegen: Lemma lemma_7952 zwivalt (ADJ,ADV,NOM,NUM,VRB) passt in 'nd also begrub sein housvrow in der [czwiualdigen] gruft , die do sicht gegen , das is' (WZB_20va_24_2) und in 'ie czal der vorgenanten stete soltu [czwiualdigen] , so das nicht vorgossen werde vnsc' (WZB_196ra_25_1). Nächste vorhandene Variante desselben Lemmas: 'zwivaltigen' (Unterschied c/-, u/v, d/t).;WZB-Belege (insgesamt 5): WZB_20va_24_2, WZB_23rb_21_2, WZB_52rb_10_3 | authority-files/variants.xml und lexicon.xml (Stand des Laufs)
camel;lemma_13480;5;ANLEGEN;[klar] Entschieden an den Belegen: Lemma lemma_13480 kembel (NOM) passt in 'r dise rede . Und er brachte czehen [camel] von der hert seines herren GENE vnd' (WZB_20vb_37_4) und in 'in klaen aber vngespalden , sam das [camel] vnd die andern , | das sult ir nich' (WZB_108vb_24_3). Nächste vorhandene Variante desselben Lemmas: 'chamel' (Unterschied -/h).;WZB-Belege (insgesamt 5): WZB_20vb_37_4, WZB_21ra_5_3, WZB_22vb_37_1 | authority-files/variants.xml und lexicon.xml (Stand des Laufs)
gekochte;lemma_3391;5;ANLEGEN;[klar] Entschieden an den Belegen: Lemma lemma_3391 kochen (VRB) passt in 'rach : • Gib mir ouch von dem roten [gekochte] , wenne ich bin gar mude . Ŭmb dis' (WZB_23vb_35_6) und in 'heit opfer der friedsamen | vnd die [gekochte] schulder des widers | v vnd einen g' (WZB_137ra_8_5). Nächste vorhandene Variante desselben Lemmas: 'gekocht' (Unterschied e/-).;WZB-Belege (insgesamt 5): WZB_23vb_35_6, WZB_26rb_14_5, WZB_99vb_32_0 | authority-files/variants.xml und lexicon.xml (Stand des Laufs)
erstgeborne;lemma_34610;5;ANLEGEN;[klar] Entschieden an den Belegen: Lemma lemma_34610 erstgeborn (ADJ) passt in 'ntworte : Ich bins , dein svn , der [erstgeborne] . • Und erschrak mit grosem erschre' (WZB_26rb_21_7) und in ', | das heilige vnserm herren . Das [erstgeborne] des esils saltu wechsiln mit einem' (WZB_66vb_31_1). Nächste vorhandene Variante desselben Lemmas: 'erstgeborn' (Unterschied e/-).;WZB-Belege (insgesamt 5): WZB_26rb_21_7, WZB_38vb_19_7, WZB_48va_35_4 | authority-files/variants.xml und lexicon.xml (Stand des Laufs)
gesegenst;lemma_5364;5;ANLEGEN;[klar] Entschieden an den Belegen: Lemma lemma_5364 segenen (VRB) passt in '• Und mir bite ich dich , • das du [gesegenst] . • Und do her mit grosem heulen al' (WZB_26va_22_2) und in 'rach zu : • Weder du vluchst , noch [gesegenst] im ! • Und sprach : • Gesagt hab ic' (WZB_159va_12_1). Nächste vorhandene Variante desselben Lemmas: 'gesegent' (Unterschied s/-).;WZB-Belege (insgesamt 5): WZB_26va_22_2, WZB_33rb_10_1, WZB_157rb_8_2 | authority-files/variants.xml und lexicon.xml (Stand des Laufs)
fleckecht;lemma_68428;5;ANLEGEN;[klar] Entschieden an den Belegen: Lemma lemma_68428 vlëckëht (ADJ) passt in 'lle sint , • vnd was do sei rot vnd [fleckecht] vnd mancherlei | also wol in den sc' (WZB_29vb_6_4) und in ', die do gestreifter wolle sint vnd [fleckecht] . • Ich habe gesehen alles , das di' (WZB_30va_29_2). Nächste vorhandene Variante desselben Lemmas: 'fleckeht' (Unterschied c/-).;WZB-Belege (insgesamt 5): WZB_29vb_6_4, WZB_29vb_13_5, WZB_29vb_20_2 | authority-files/variants.xml und lexicon.xml (Stand des Laufs)
knechtlein;lemma_3377;5;ANLEGEN;[klar] Entschieden an den Belegen: Lemma lemma_3377 kneht (NOM) passt in 'heb ouf dein ougen • vnd sich alle [knechtlein] , das sie steigen ouf die mancherle' (WZB_30va_26_2) und in 'as iar sullen erscheinen alle deine [knechtlein] in der angesicht deines herren gote' (WZB_193va_20_2). Nächste vorhandene Variante desselben Lemmas: 'knechtlin' (Unterschied e/-).;WZB-Belege (insgesamt 5): WZB_30va_26_2, WZB_77vb_30_0, WZB_104ra_16_0 | authority-files/variants.xml und lexicon.xml (Stand des Laufs)
housrat;lemma_9890;5;ANLEGEN;[klar] Entschieden an den Belegen: Lemma lemma_9890 hûsrât (NOM) passt in 'das du hast durch sucht alle meinen [housrat] ? • Was hastu funden von aller dein' (WZB_31va_7_0) und in 'vnd muter vnd bruder vnd alle iren [housrat] vnd ire magschaft | vnd ouserhalb d' (WZB_219rb_10_1). Nächste vorhandene Variante desselben Lemmas: 'husrat' (Unterschied o/-).;WZB-Belege (insgesamt 5): WZB_31va_7_0, WZB_48ra_20_0, WZB_153vb_25_5 | authority-files/variants.xml und lexicon.xml (Stand des Laufs)
weiden;lemma_7449;5;PRUEFSEITE;lemma_7449 weide ist das Substantiv, lemma_7452 weiden/VRB führt die Form ausserhalb der WZB 12 mal. Ein Typ unter lemma_7449 stimmt nur für den Beleg WZB_124rb_6_5. Vorschlag: die 4 Verbbelege nach lemma_7452 umhängen, was nur auf Tokenebene geht.;WZB-Belege (insgesamt 5): WZB_37vb_13_0, WZB_37vb_27_3, WZB_124rb_6_5 | authority-files/variants.xml und lexicon.xml (Stand des Laufs)
vorkoufen;lemma_6879;5;ANLEGEN;[klar] Entschieden an den Belegen: Lemma lemma_6879 verkoufen (NOM,VRB) passt in 'n sein blut . • Es ist besser , wir [vorkoufen] in den • Und das vnser hende nicht' (WZB_38rb_12_8) und in 'oder tir oder acker , nicht sol man [vorkoufen] das , noch gelosen mag man das . •' (WZB_129vb_15_2). Nächste vorhandene Variante desselben Lemmas: 'vorkoufet' (Unterschied n/t).;WZB-Belege (insgesamt 5): WZB_38rb_12_8, WZB_50rb_4_1, WZB_75va_11_1 | authority-files/variants.xml und lexicon.xml (Stand des Laufs)
gelobist;lemma_3830;5;ANLEGEN;[klar] Entschieden an den Belegen: Lemma lemma_3830 loben (NOM,VRB) passt in 's du mir das gesendest , das du mir [gelobist] . • Do sprach : • Was wiltu , •' (WZB_39rb_25_4) und in 'euhest zu besiczen sie . • Wenne du [gelobist] gelubde deinem herren gote , | nich' (WZB_200va_4_1). Nächste vorhandene Variante desselben Lemmas: 'gelobst' (Unterschied i/-).;WZB-Belege (insgesamt 5): WZB_39rb_25_4, WZB_189va_22_5, WZB_189vb_30_3 | authority-files/variants.xml und lexicon.xml (Stand des Laufs)
seideinen;lemma_5429;5;ANLEGEN;[klar] Entschieden an den Belegen: Lemma lemma_5429 sîdîn (ADJ) passt in 'vnd cleidet in mit einem sneweissen [seideinen] gewande | vnd vm GENE legte im ein' (WZB_42vb_22_0) und in 'von czweinczig DUS doum elen • Uon [seideinen] iacincten vnd von purpur vnd von ro' (WZB_82vb_2_4). Nächste vorhandene Variante desselben Lemmas: 'sidenen' (Unterschied e/-, i/-).;WZB-Belege (insgesamt 5): WZB_42vb_22_0, WZB_80vb_2_4, WZB_81vb_6_1 | authority-files/variants.xml und lexicon.xml (Stand des Laufs)
haldende;lemma_2629;5;ANLEGEN;[klar] Entschieden an den Belegen: Lemma lemma_2629 halten (INJ,VRB) passt in 'hous • Und sie brachten im die gabe [haldende] sie in iren henden | neigende ouf d' (WZB_45va_20_2) und in 'n vnd sach einen man steen gegen im [haldende] ein bloses swert . • Und her czoch' (WZB_218ra_28_2). Nächste vorhandene Variante desselben Lemmas: 'haldene' (Unterschied d/-).;WZB-Belege (insgesamt 5): WZB_45va_20_2, WZB_60vb_19_3, WZB_64vb_31_1 | authority-files/variants.xml und lexicon.xml (Stand des Laufs)
dei;lemma_2;5;NICHT_ANLEGEN;lemma_2 abc: eigenes Thema (KZW, #228, 11.09.), in diesem Lauf nicht bearbeitet. Beleg: 'huldigen ? Got hat funden die sunde [dei] ner knechte . • Sich alle sei wir k' (WZB_46va_23_5). Befund und Zielvorschlag: abc-befunde.csv.;WZB-Belege (insgesamt 5): WZB_46va_23_5, WZB_51va_34_5, WZB_90ra_32_1 | authority-files/variants.xml und lexicon.xml (Stand des Laufs)
vorkoufunge;lemma_44905;5;ANLEGEN;[klar] Entschieden an den Belegen: Lemma lemma_44905 verkoufunge (NOM) passt in 'en samte her alles das gelt von der [vorkoufunge] des getreides | vnd trug das in das' (WZB_49vb_28_4) und in 're | LEUITICUS von der czeit seiner [vorkoufunge] vncz bis zu dem gnaden reichen iare' (WZB_127ra_2_4). Nächste vorhandene Variante desselben Lemmas: 'verkauffung' (Unterschied o/e, o/a, -/f, e/-).;WZB-Belege (insgesamt 5): WZB_49vb_28_4, WZB_126rb_2_4, WZB_126rb_10_5 | authority-files/variants.xml und lexicon.xml (Stand des Laufs)
vorwandilt;lemma_7012;5;ANLEGEN;[klar] Entschieden an den Belegen: Lemma lemma_7012 verwandeln (VRB) passt in 'iclicher sein ruten , | die wurden [vorwandilt] in trachin . Aber die rute , die vr' (WZB_59vb_4_1) und in 'ke | vnd in manchirhande ICUS varbe [vorwandilt] , so das man muge gewissen zu welch' (WZB_114rb_2_1). Nächste vorhandene Variante desselben Lemmas: 'vorwandelt' (Unterschied i/e).;WZB-Belege (insgesamt 5): WZB_59vb_4_1, WZB_110va_30_3, WZB_111rb_23_6 | authority-files/variants.xml und lexicon.xml (Stand des Laufs)
croten;lemma_3485;5;ANLEGEN;[klar] Entschieden an den Belegen: Lemma lemma_3485 krote (NOM) passt in '| vnd vber die pfuczen vnd fur ous [croten] ouf die . • Und ous rakte sein hant' (WZB_60va_6_3) und in 'herre tat noch dem worte | vnd die [croten] die sturben v von den heusern | vnd' (WZB_60vb_5_8). Nächste vorhandene Variante desselben Lemmas: 'chroten' (Unterschied -/h).;WZB-Belege (insgesamt 5): WZB_60va_6_3, WZB_60va_9_0, WZB_60va_21_0 | authority-files/variants.xml und lexicon.xml (Stand des Laufs)
wanczen;lemma_2;5;NICHT_ANLEGEN;lemma_2 abc: eigenes Thema (KZW, #228, 11.09.), in diesem Lauf nicht bearbeitet. Beleg: 'h den stoup der erden | vnd so sint [wanczen] in aller . • Und sie taten also • U' (WZB_60vb_18_0). Befund und Zielvorschlag: abc-befunde.csv.;WZB-Belege (insgesamt 5): WZB_60vb_18_0, WZB_60vb_21_8, WZB_60vb_24_3 | authority-files/variants.xml und lexicon.xml (Stand des Laufs)
sowerteig;lemma_2;5;NICHT_ANLEGEN;lemma_2 abc: eigenes Thema (KZW, #228, 11.09.), in diesem Lauf nicht bearbeitet. Beleg: '. • An dem ersten tage so sol nicht [sowerteig] sein in ewern heusern . • Welcher g' (WZB_65ra_17_2). Befund und Zielvorschlag: abc-befunde.csv.;WZB-Belege (insgesamt 5): WZB_65ra_17_2, WZB_100ra_21_1, WZB_103va_25_2 | authority-files/variants.xml und lexicon.xml (Stand des Laufs)
ouslendiger;lemma_45128;5;ANLEGEN;[klar] Entschieden an den Belegen: Lemma lemma_45128 ûzlendisch (ADJ,PRP) passt in 'st des osterlammes . • Ein yclicher [ouslendiger] isset nicht do von , aber ein yclic' (WZB_66rb_12_0) und in 'sullen werden gedienet . • Welcher [ouslendiger] zu trit , | der schol vorterbet wer' (WZB_152ra_21_0). Nächste vorhandene Variante desselben Lemmas: 'vslendigen' (Unterschied ou/v, r/n).;WZB-Belege (insgesamt 5): WZB_66rb_12_0, WZB_121vb_36_1, WZB_122ra_19_4 | authority-files/variants.xml und lexicon.xml (Stand des Laufs)
pilgereimet;lemma_2;5;NICHT_ANLEGEN;lemma_2 abc: eigenes Thema (KZW, #228, 11.09.), in diesem Lauf nicht bearbeitet. Beleg: 'vnd dem bovman , | der do bei euch [pilgereimet] . • Und die kinder W W W W W' (WZB_66rb_35_0). Befund und Zielvorschlag: abc-befunde.csv.;WZB-Belege (insgesamt 5): WZB_66rb_35_0, WZB_117rb_18_4, WZB_117rb_33_4 | authority-files/variants.xml und lexicon.xml (Stand des Laufs)
volgende;lemma_74368;5;PRUEFSEITE;[KI-Vorschlag: ANDERE_ZUORDNUNG:lemma_7173] [wahrscheinlich] 'noch volgende czogen ein', 'noch volgende ein geczogt was': Partizip Präsens zu volgen. lemma_74368 volgender ist ein flektiertes Stublemma mit einer Fremdform, lemma_7173 volgen führt volgende 19 mal ausserhalb der WZB. Eine Änderung von @lemmaRef wendet dieser Lauf nicht an, die Entscheidung liegt bei der Prüfseite.;WZB-Belege (insgesamt 5): WZB_68va_11_2, WZB_68vb_8_4, WZB_205vb_5_1 | authority-files/variants.xml und lexicon.xml (Stand des Laufs)
gepitunge;lemma_2;5;NICHT_ANLEGEN;lemma_2 abc: eigenes Thema (KZW, #228, 11.09.), in diesem Lauf nicht bearbeitet. Beleg: 'das tust , so wirstu volbrengen die [gepitunge] vnsers herren | vnd sein gepot mach' (WZB_73ra_35_3). Befund und Zielvorschlag: abc-befunde.csv.;WZB-Belege (insgesamt 5): WZB_73ra_35_3, WZB_186rb_26_4, WZB_203ra_20_4 | authority-files/variants.xml und lexicon.xml (Stand des Laufs)
czorniger;lemma_7898;5;ANLEGEN;[klar] Entschieden an den Belegen: Lemma lemma_7898 zornec (ADJ,ADV,GRA) passt in 'h bin dein starcker herre got , ein [czorniger] , der do besuchet die svnde der vet' (WZB_74va_3_4) und in 'herre ist heilig vnd stark vnd ein [czorniger] , noch vortregt ewerr missetat vnd' (WZB_239rb_12_1). Nächste vorhandene Variante desselben Lemmas: 'zorniger' (Unterschied c/-).;WZB-Belege (insgesamt 5): WZB_74va_3_4, WZB_180rb_3_4, WZB_181va_18_6 | authority-files/variants.xml und lexicon.xml (Stand des Laufs)
czwiualdig;lemma_7952;5;ANLEGEN;[klar] Entschieden an den Belegen: Lemma lemma_7952 zwivalt (ADJ,ADV,NOM,NUM,VRB) passt in 'esil oder eyn schaf , der gebe das [czwiualdig] wider . • Ist , das ymant leidigt e' (WZB_76va_6_3) und in 'rbet , von pfelle czwir gebleicht , [czwiualdig] , vir eckecht , einer spannen breit' (WZB_97ra_16_1). Nächste vorhandene Variante desselben Lemmas: 'zwivaltig' (Unterschied c/-, u/v, d/t).;WZB-Belege (insgesamt 5): WZB_76va_6_3, WZB_76va_25_6, WZB_76vb_3_7 | authority-files/variants.xml und lexicon.xml (Stand des Laufs)
gefuren;lemma_7283;5;ANLEGEN;"[klar] Entschieden an den Belegen: Lemma lemma_7283 vüeren (NOM,VRB) passt in 'm gewande vnd was do schaden zu mag [gefuren] | vnd ir beider sache DUS sol zu de' (WZB_76va_37_0) und in '. • Nicht mochte der herre sie ein [gefuren] | in die erde , die her in gelobt h' (WZB_186va_13_4). Nächste vorhandene Variante desselben Lemmas: 'gefurten' (Unterschied -/t). Die normalisierte Form löst heute auf lemma_2296 gevarn (VRB) auf (14 Belege im Korpus); beide bleiben Kandidaten, die Reihenfolge regelt Vorschrift B aus #378.";WZB-Belege (insgesamt 5): WZB_76va_37_0, WZB_147ra_27_4, WZB_163vb_12_3 | authority-files/variants.xml und lexicon.xml (Stand des Laufs)
besee;lemma_61071;5;ANLEGEN;[klar] Entschieden an den Belegen: Lemma lemma_61071 besæjen (VRB) passt in 'ereim seit gewesen in . • Sechs iar [besee] deinen acker | vnd fure zu samen de' (WZB_77va_30_7) und in 'ndern DEUTRO vnd vallende . • Nicht [besee] deinen weingarten mit einem andern' (WZB_199ra_2_5). Nächste vorhandene Variante desselben Lemmas: 'beseten' (Unterschied -/t, -/n).;WZB-Belege (insgesamt 5): WZB_77va_30_7, WZB_119ra_15_1, WZB_125rb_21_5 | authority-files/variants.xml und lexicon.xml (Stand des Laufs)
sethimischen;lemma_16163;5;ANLEGEN;[klar] Entschieden an den Belegen: Lemma lemma_16163 setim (NOM) passt in 'd die selben rigel saltu machen von [sethimischen] holcze | vnd vmme lege die mit gold' (WZB_80rb_17_0) und in 'ich dorvmme ein arche | NOMIUS von [sethimischen] holcze | vnd do ich geslichtet hett' (WZB_186vb_2_1). Nächste vorhandene Variante desselben Lemmas: 'setin' (Unterschied h/-, mische/-).;WZB-Belege (insgesamt 5): WZB_80rb_17_0, WZB_81vb_13_3, WZB_82ra_29_0 | authority-files/variants.xml und lexicon.xml (Stand des Laufs)
vmbhenge;lemma_9487;5;ANLEGEN;[klar] Entschieden an den Belegen: Lemma lemma_9487 gehenge (NOM) passt in 'den seiten | v vnd an den enden der [vmbhenge] , | das man sie zu hou e EXO fe' (WZB_80vb_21_5) und in 'ben . • Aber gegen osten machte her [vmbhenge] funfczig doum elen lank , ous den s' (WZB_96ra_6_3). Nächste vorhandene Variante desselben Lemmas: 'gehenge' (Unterschied vmb/ge).;WZB-Belege (insgesamt 5): WZB_80vb_21_5, WZB_82va_12_5, WZB_82va_20_4 | authority-files/variants.xml und lexicon.xml (Stand des Laufs)
vbirdecken;lemma_2;5;NICHT_ANLEGEN;lemma_2 abc: eigenes Thema (KZW, #228, 11.09.), in diesem Lauf nicht bearbeitet. Beleg: 'allen . • Das aber vbrig ist in den [vbirdecken] , die do werden gemachet dem vbirda' (WZB_81rb_3_2). Befund und Zielvorschlag: abc-befunde.csv.;WZB-Belege (insgesamt 5): WZB_81rb_3_2, WZB_81rb_12_1, WZB_94ra_12_0 | authority-files/variants.xml und lexicon.xml (Stand des Laufs)
furhank;lemma_30875;5;ANLEGEN;[klar] Entschieden an den Belegen: Lemma lemma_30875 vürhanc (NOM) passt in 'e ist geczeigt . • Nache ouch einen [furhank] von seideinen iacincten vnd von rot' (WZB_81vb_5_6) und in 'or die selben sol gefurt werden der [furhank] . Der selben seulen houpte sullen w' (WZB_82ra_24_4). Nächste vorhandene Variante desselben Lemmas: 'furhankch' (Unterschied -/ch).;WZB-Belege (insgesamt 5): WZB_81vb_5_6, WZB_81vb_18_3, WZB_81vb_20_0 | authority-files/variants.xml und lexicon.xml (Stand des Laufs)
henge;lemma_2;5;NICHT_ANLEGEN;lemma_2 abc: eigenes Thema (KZW, #228, 11.09.), in diesem Lauf nicht bearbeitet. Beleg: 'schŏne mancherlei geworcht . | den [henge] vor vier seulen von sethimischen ho' (WZB_81vb_12_4). Befund und Zielvorschlag: abc-befunde.csv.;WZB-Belege (insgesamt 5): WZB_81vb_12_4, WZB_83vb_13_0, WZB_98ra_3_4 | authority-files/variants.xml und lexicon.xml (Stand des Laufs)
thimiamisch;lemma_11856;5;ANLEGEN;[klar] Entschieden an den Belegen: Lemma lemma_11856 thymian (NOM) passt in '• ouch einen alter zu enczunden das [thimiamisch] puluer aus sethimischem holcze , de' (WZB_86va_9_1) und in 'fet fewer morgen • vnd legt dor ouf [thimiamisch] puluer vor vnserm herren • Und welc' (WZB_149va_26_2). Nächste vorhandene Variante desselben Lemmas: 'tymiamata' (Unterschied hi/y, isch/ata).;WZB-Belege (insgesamt 5): WZB_86va_9_1, WZB_86vb_8_1, WZB_87vb_4_0 | authority-files/variants.xml und lexicon.xml (Stand des Laufs)
hŏrner;lemma_2904;5;ANLEGEN;"[klar] Entschieden an den Belegen: Lemma lemma_2904 horn (NOM) passt in 'vnd czwu doum elen in die hŏe vnd [hŏrner] sullen von im geen | vnd bedecke de' (WZB_86va_14_6) und in 'kte her seinen vinger vnd rurte die [hŏrner] des alters v vnd gos das vberige an' (WZB_107rb_5_2). Nächste vorhandene Variante desselben Lemmas: 'hürner' (Unterschied ŏ/ü). Die normalisierte Form löst heute schon auf dieses Lemma auf; der Typ hält die Schreibung fest.";WZB-Belege (insgesamt 5): WZB_86va_14_6, WZB_95va_8_1, WZB_95va_34_0 | authority-files/variants.xml und lexicon.xml (Stand des Laufs)
vorhange;lemma_30875;5;ANLEGEN;[klar] Entschieden an den Belegen: Lemma lemma_30875 vürhanc (NOM) passt in 'sie • Und secze den alter gegen dem [vorhange] , der do hengt vor der archen des g' (WZB_86va_28_1) und in 'as heiligtum , das do ist vnder dem [vorhange] vor der genaden tafeln , | mit der' (WZB_115va_7_1). Nächste vorhandene Variante desselben Lemmas: 'furhanges' (Unterschied vo/fu, -/s).;WZB-Belege (insgesamt 5): WZB_86va_28_1, WZB_98va_19_2, WZB_101ra_14_2 | authority-files/variants.xml und lexicon.xml (Stand des Laufs)
gegossens;lemma_2;5;NICHT_ANLEGEN;lemma_2 abc: eigenes Thema (KZW, #228, 11.09.), in diesem Lauf nicht bearbeitet. Beleg: 'iessendem werke | vnd machte in ein [gegossens] kalp . • Und sie sprachen : • Das s' (WZB_88va_12_1). Befund und Zielvorschlag: abc-befunde.csv.;WZB-Belege (insgesamt 5): WZB_88va_12_1, WZB_88vb_12_1, WZB_185vb_28_0 | authority-files/variants.xml und lexicon.xml (Stand des Laufs)
vorsaczes;lemma_2;5;NICHT_ANLEGEN;lemma_2 abc: eigenes Thema (KZW, #228, 11.09.), in diesem Lauf nicht bearbeitet. Beleg: 'n vnd mit gevese , | mit broten des [vorsaczes] , • Ein leuchter , liecht zu tragen' (WZB_92vb_7_7). Befund und Zielvorschlag: abc-befunde.csv.;WZB-Belege (insgesamt 5): WZB_92vb_7_7, WZB_97vb_5_0, WZB_121ra_9_7 | authority-files/variants.xml und lexicon.xml (Stand des Laufs)
mittages;lemma_20031;5;ANLEGEN;[klar] Entschieden an den Belegen: Lemma lemma_20031 mittentac (NOM) passt in 'czweinczig tafeln an dem teile des [mittages] gegen czudin mit vierczig sil DUS b' (WZB_94ra_36_4) und in 'gepirges • - IOSUE vnd die erde des [mittages] vnd vnd die ebenunge | vnd das west' (WZB_226va_2_4). Nächste vorhandene Variante desselben Lemmas: 'mittage' (Unterschied s/-).;WZB-Belege (insgesamt 5): WZB_94ra_36_4, WZB_98va_13_4, WZB_145vb_30_6 | authority-files/variants.xml und lexicon.xml (Stand des Laufs)
gewurmeltem;lemma_2;5;NICHT_ANLEGEN;lemma_2 abc: eigenes Thema (KZW, #228, 11.09.), in diesem Lauf nicht bearbeitet. Beleg: 'iacincten vnd von purpir v vnd von [gewurmeltem] vnd von pfelle czwir gebleichet • m' (WZB_94va_13_2). Befund und Zielvorschlag: abc-befunde.csv.;WZB-Belege (insgesamt 5): WZB_94va_13_2, WZB_94va_24_2, WZB_96rb_7_1 | authority-files/variants.xml und lexicon.xml (Stand des Laufs)
scoten;lemma_78668;5;ANLEGEN;[klar] Entschieden an den Belegen: Lemma lemma_78668 scot (NOM) passt in 'en hunderten vnd funf vnd sibenczig [scoten] machte her di houbt der seulen , di' (WZB_96va_34_0) und in 'guldein mantil gespan von funfczik [scoten] . • Und begerende ab trug ich das |' (WZB_220va_20_3). Nächste vorhandene Variante desselben Lemmas: 'woltes' (Unterschied sc/w, -/l, n/s).;WZB-Belege (insgesamt 5): WZB_96va_34_0, WZB_137vb_13_2, WZB_138ra_8_1 | authority-files/variants.xml und lexicon.xml (Stand des Laufs)
ousvart;lemma_9775;5;ANLEGEN;[klar] Entschieden an den Belegen: Lemma lemma_9775 ûzvart (NOM) passt in '. • etcetera • Hie hat das buch der [ousvart] von , das do genant ist Exodus . Do' (WZB_98vb_32_2) und in 'gemowerten stat vnd bis zu vnd sein [ousvart] wirt in dem mer . von der snvr vnd' (WZB_233va_29_1). Nächste vorhandene Variante desselben Lemmas: 'usvart' (Unterschied o/-).;WZB-Belege (insgesamt 5): WZB_98vb_32_2, WZB_130rb_7_4, WZB_171rb_21_2 | authority-files/variants.xml und lexicon.xml (Stand des Laufs)
czige;lemma_26851;5;ANLEGEN;[klar] Entschieden an den Belegen: Lemma lemma_26851 zige (ADJ,NOM) passt in 's vnsers herren . • I Ist , das ein [czige] ist sein opfer ICUS vnd opfert sie' (WZB_100va_37_4) und in 'let : den ochsen , das schaf , | di [czige] , den hirsen , den steinbock , den' (WZB_191ra_26_8). Nächste vorhandene Variante desselben Lemmas: 'cziger' (Unterschied -/r).;WZB-Belege (insgesamt 5): WZB_100va_37_4, WZB_101vb_27_4, WZB_122va_20_1 | authority-files/variants.xml und lexicon.xml (Stand des Laufs)
vogiln;lemma_7154;5;ANLEGEN;[klar] Entschieden an den Belegen: Lemma lemma_7154 vogel (NOM) passt in 'se sult ir nicht essen also wol von [vogiln] als von vihe . • E Ein ycliche sele' (WZB_105ra_15_1) und in 'myt dem blute . • Nicht sult ir in [vogiln] czoubern , | noch in trovme geloube' (WZB_119rb_12_8). Nächste vorhandene Variante desselben Lemmas: 'vogil' (Unterschied n/-).;WZB-Belege (insgesamt 5): WZB_105ra_15_1, WZB_109ra_17_2, WZB_109rb_10_0 | authority-files/variants.xml und lexicon.xml (Stand des Laufs)
tŏtte;lemma_6133;5;ANLEGEN;"[klar] Entschieden an den Belegen: Lemma lemma_6133 tœten (NOM,VRB) passt in 'nd ouf sein houbt heten gelegt , do [tŏtte] er das vnd schapfte sein blute vnd' (WZB_105vb_13_4) und in '• Und vor die svnde opferte her vnd [tŏtte] den czigen bok • Und do her gereini' (WZB_107va_8_3). Nächste vorhandene Variante desselben Lemmas: 'tötte' (Unterschied ŏ/ö). Die normalisierte Form löst heute schon auf dieses Lemma auf; der Typ hält die Schreibung fest.";WZB-Belege (insgesamt 5): WZB_105vb_13_4, WZB_106ra_16_6, WZB_107rb_1_4 | authority-files/variants.xml und lexicon.xml (Stand des Laufs)
vlossen;lemma_2;5;NICHT_ANLEGEN;"lemma_2 abc: eigenes Thema (KZW, #228, 11.09.), in diesem Lauf nicht bearbeitet. Beleg: 'czimlich zu essen; alles das do hat [vlossen] | vnd ł schupen , | also wol in dem' (WZB_109ra_5_4). Befund und Zielvorschlag: abc-befunde.csv.";WZB-Belege (insgesamt 5): WZB_109ra_5_4, WZB_109ra_8_7, WZB_109ra_14_6 | authority-files/variants.xml und lexicon.xml (Stand des Laufs)
totis;lemma_6118;5;ANLEGEN;[klar] Entschieden an den Belegen: Lemma lemma_6118 tôt (ADJ,NOM) passt in 'leisch sult ir nicht essen | vnd ir [totis] sult ir meiden . Alles , das do nic' (WZB_109ra_13_4) und in 'begeusset | vnd dornach mit der lei [totis] wirt gerurt zu hant , wirt sie geme' (WZB_109vb_27_1). Nächste vorhandene Variante desselben Lemmas: 'totiv' (Unterschied s/v).;WZB-Belege (insgesamt 5): WZB_109ra_13_4, WZB_109va_3_4, WZB_109va_32_5 | authority-files/variants.xml und lexicon.xml (Stand des Laufs)
levitici;lemma_2;5;NICHT_ANLEGEN;lemma_2 abc: eigenes Thema (KZW, #228, 11.09.), in diesem Lauf nicht bearbeitet. Beleg: 'das do kreuchet ouf der erden , xii [levitici] LEUITICUS wirt euch vnrein , | noch' (WZB_110ra_2_0). Befund und Zielvorschlag: abc-befunde.csv.;WZB-Belege (insgesamt 5): WZB_110ra_2_0, WZB_116vb_37_0, WZB_120vb_40_0 | authority-files/variants.xml und lexicon.xml (Stand des Laufs)
cedrein;lemma_31075;5;ANLEGEN;[klar] Entschieden an den Belegen: Lemma lemma_31075 Cêdar (NAM) passt in '| die zu essen czimlichn sint , vnd [cedrein] holcz vnd gewurmeltis | vnd ysop .' (WZB_112va_10_3) und in 'vnd in dem lebendigen vogil vnd dem [cedrein] holcze • vnd in dem ysop vnd dem ge' (WZB_114ra_25_2). Nächste vorhandene Variante desselben Lemmas: 'cedar' (Unterschied -/a, ein/-).;WZB-Belege (insgesamt 5): WZB_112va_10_3, WZB_112va_16_0, WZB_114ra_10_2 | authority-files/variants.xml und lexicon.xml (Stand des Laufs)
sechster;lemma_5369;5;ANLEGEN;[klar] Entschieden an den Belegen: Lemma lemma_5369 sehste (NUM) passt in 'as vor die vorlasenheit • Und einen [sechster] oles . • Und so her das alles geopf' (WZB_112vb_14_0) und in 'chter schŏffil • vnd ein gerechter [sechster] . • Ich ewer herre got , • der euch' (WZB_119va_28_5). Nächste vorhandene Variante desselben Lemmas: 'sehster' (Unterschied c/-).;WZB-Belege (insgesamt 5): WZB_112vb_14_0, WZB_112vb_32_3, WZB_113ra_26_1 | authority-files/variants.xml und lexicon.xml (Stand des Laufs)
speisen;lemma_5669;5;ANLEGEN;[klar] Entschieden an den Belegen: Lemma lemma_5669 spîse (NOM) passt in 'cz enczvntem opfer mit seinen opfer [speisen] . • Das ist der heilikeit opfer des' (WZB_113va_8_0) und in 'ern in der heilikeit opfer in opfer [speisen] vnd in fridsamen opfertiren . • etc' (WZB_166va_29_2). Nächste vorhandene Variante desselben Lemmas: 'speissen' (Unterschied -/s).;WZB-Belege (insgesamt 5): WZB_113va_8_0, WZB_123va_4_4, WZB_165va_4_1 | authority-files/variants.xml und lexicon.xml (Stand des Laufs)
vorgebunge;lemma_2;5;NICHT_ANLEGEN;lemma_2 abc: eigenes Thema (KZW, #228, 11.09.), in diesem Lauf nicht bearbeitet. Beleg: '. • An dem tage ł wirt ewerr svnden [vorgebunge] vnd reinigunge . • Uon allen ł ewer' (WZB_116vb_4_3). Befund und Zielvorschlag: abc-befunde.csv.;WZB-Belege (insgesamt 5): WZB_116vb_4_3, WZB_125va_21_0, WZB_125va_23_1 | authority-files/variants.xml und lexicon.xml (Stand des Laufs)
nevkomen;lemma_8598;5;ANLEGEN;[klar] Entschieden an den Belegen: Lemma lemma_8598 niuwekomen (VRB) passt in 'zu : • Der mensche von vnd von den [nevkomen] , | di do wonen in , • welcher do' (WZB_119vb_3_3) und in 'rmugende wirt bei euch die hant des [nevkomen] oder des pilgereimes vnd dein brude' (WZB_126vb_24_4). Nächste vorhandene Variante desselben Lemmas: 'niuwekomen' (Unterschied -/iuw, v/-).;WZB-Belege (insgesamt 5): WZB_119vb_3_3, WZB_126ra_24_0, WZB_126va_12_3 | authority-files/variants.xml und lexicon.xml (Stand des Laufs)
funfczigste;lemma_37908;5;ANLEGEN;[klar] Entschieden an den Belegen: Lemma lemma_37908 vünfzigeste (NUM) passt in 'er erden . • Und heiligen soltu das [funfczigste] iare vnd solt das nennen : | vorgeb' (WZB_125va_19_2) und in 'as genaden reiche iar , das ist das [funfczigste] iar der vorgebunge , kvmet , | so w' (WZB_174ra_16_1). Nächste vorhandene Variante desselben Lemmas: 'funfczigisten' (Unterschied -/i, -/n).;WZB-Belege (insgesamt 5): WZB_125va_19_2, WZB_125va_29_3, WZB_141ra_20_0 | authority-files/variants.xml und lexicon.xml (Stand des Laufs)
abtgote;lemma_39;5;ANLEGEN;[klar] Entschieden an den Belegen: Lemma lemma_39 abgot (NOM) passt in 'herre got . • Nicht macht euch kein [abtgote] , noch kein pilde , | noch richtet' (WZB_127ra_26_2) und in 'ie welde mit fewer vorbruet vnd ire [abtgote] zu slahet . Czustŏret ire namen vo' (WZB_188vb_33_2). Nächste vorhandene Variante desselben Lemmas: 'abtgot' (Unterschied e/-).;WZB-Belege (insgesamt 5): WZB_127ra_26_2, WZB_160vb_6_0, WZB_171va_31_3 | authority-files/variants.xml und lexicon.xml (Stand des Laufs)
achtunge;lemma_24378;5;ANLEGEN;[klar] Entschieden an den Belegen: Lemma lemma_24378 achtunge (NOM) passt in '• I Ist , das her arm ist vnd noch [achtunge] nicht mag ge geben , so ste her von' (WZB_129ra_22_0) und in ', so sol her das losen noch seiner [achtunge] • vnd gebe hin zu das funfte teil d' (WZB_129vb_7_0). Nächste vorhandene Variante desselben Lemmas: 'achtung' (Unterschied e/-).;WZB-Belege (insgesamt 5): WZB_129ra_22_0, WZB_129rb_10_1, WZB_129va_9_2 | authority-files/variants.xml und lexicon.xml (Stand des Laufs)
czalte;lemma_7793;5;ANLEGEN;[klar] Entschieden an den Belegen: Lemma lemma_7793 zeln (NOM,VRB) passt in 'n einem manden vnd hin vber . , der [czalte] sie als vnser herre hette gepoten .' (WZB_133rb_11_2) und in 'tvnt her , do der tak an merkte vnd [czalte] seine gesellen vnd czoch ouf mit de' (WZB_221rb_20_1). Nächste vorhandene Variante desselben Lemmas: 'zalte' (Unterschied c/-).;WZB-Belege (insgesamt 5): WZB_133rb_11_2, WZB_133sra_13_7, WZB_134va_20_1 | authority-files/variants.xml und lexicon.xml (Stand des Laufs)
funfczigsten;lemma_37908;5;ANLEGEN;[klar] Entschieden an den Belegen: Lemma lemma_37908 vünfzigeste (NUM) passt in 'aren | vnd hin vber vncz bis zu dem [funfczigsten] iare aller der , die do ein geen ,' (WZB_133srb_23_0) und in 'aren vnd hin vber • vncz bis zu dem [funfczigsten] iare , ein geender zu dem dienste ł' (WZB_134vb_33_3). Nächste vorhandene Variante desselben Lemmas: 'funfczigisten' (Unterschied -/i).;WZB-Belege (insgesamt 5): WZB_133srb_23_0, WZB_134va_25_5, WZB_134vb_5_3 | authority-files/variants.xml und lexicon.xml (Stand des Laufs)
iacincteinen;lemma_2;5;NICHT_ANLEGEN;lemma_2 abc: eigenes Thema (KZW, #228, 11.09.), in diesem Lauf nicht bearbeitet. Beleg: 'e | vnd spannen dorvber den ganczen [iacincteinen] mantil vnd stosen ein die rigel vnd' (WZB_133sva_6_0). Befund und Zielvorschlag: abc-befunde.csv.;WZB-Belege (insgesamt 5): WZB_133sva_6_0, WZB_133sva_9_2, WZB_133sva_21_3 | authority-files/variants.xml und lexicon.xml (Stand des Laufs)
vorvluchten;lemma_2;5;NICHT_ANLEGEN;lemma_2 abc: eigenes Thema (KZW, #228, 11.09.), in diesem Lauf nicht bearbeitet. Beleg: 'n bouch , zu reise . • Ein geen die [vorvluchten] wasser in deinen bouch • Und dein b' (WZB_135vb_23_7). Befund und Zielvorschlag: abc-befunde.csv.;WZB-Belege (insgesamt 5): WZB_135vb_23_7, WZB_135vb_29_5, WZB_219va_23_5 | authority-files/variants.xml und lexicon.xml (Stand des Laufs)
silbereines;lemma_2;5;NICHT_ANLEGEN;lemma_2 abc: eigenes Thema (KZW, #228, 11.09.), in diesem Lauf nicht bearbeitet. Beleg: 'dreissig • vnd hundert scot , • ein [silbereines] trinkvas behaldende siben - ERI czi' (WZB_138va_20_5). Befund und Zielvorschlag: abc-befunde.csv.;WZB-Belege (insgesamt 5): WZB_138va_20_5, WZB_138vb_20_5, WZB_139ra_6_6 | authority-files/variants.xml und lexicon.xml (Stand des Laufs)
widersagunge;lemma_64708;5;ANLEGEN;[klar] Entschieden an den Belegen: Lemma lemma_64708 widersagunge (NOM) passt in 'de geben . • Das ist das wasser der [widersagunge] , do krigten wider vnsern herren vn' (WZB_154va_33_3) und in 'ich in der mitte zu den wassern der [widersagunge] zu in der wustenunge vnd mich nicht' (WZB_212ra_29_1). Nächste vorhandene Variante desselben Lemmas: 'widersagung' (Unterschied e/-).;WZB-Belege (insgesamt 5): WZB_154va_33_3, WZB_155rb_10_1, WZB_163va_34_2 | authority-files/variants.xml und lexicon.xml (Stand des Laufs)
gepowet;lemma_2;5;NICHT_ANLEGEN;lemma_2 abc: eigenes Thema (KZW, #228, 11.09.), in diesem Lauf nicht bearbeitet. Beleg: 'em sprichworte : • Kvmet dan zu ! | [gepowet] werde die stat . • Vewer ist komen' (WZB_156va_24_4). Befund und Zielvorschlag: abc-befunde.csv.;WZB-Belege (insgesamt 5): WZB_156va_24_4, WZB_170rb_29_6, WZB_182vb_23_0 | authority-files/variants.xml und lexicon.xml (Stand des Laufs)
richticlichen;lemma_2;5;NICHT_ANLEGEN;lemma_2 abc: eigenes Thema (KZW, #228, 11.09.), in diesem Lauf nicht bearbeitet. Beleg: 'kelber , wider vnd schaf | sult ir [richticlichen] halden | vnd einen czigen pock vor' (WZB_166ra_9_1). Befund und Zielvorschlag: abc-befunde.csv.;WZB-Belege (insgesamt 5): WZB_166ra_9_1, WZB_166ra_21_0, WZB_166rb_13_2 | authority-files/variants.xml und lexicon.xml (Stand des Laufs)
gemowerten;lemma_2;5;NICHT_ANLEGEN;lemma_2 abc: eigenes Thema (KZW, #228, 11.09.), in diesem Lauf nicht bearbeitet. Beleg: 'rosen vihe • Und vnsern kindern die [gemowerten] stete . • Wir aber selber gewapent' (WZB_169vb_8_1). Befund und Zielvorschlag: abc-befunde.csv.;WZB-Belege (insgesamt 5): WZB_169vb_8_1, WZB_169vb_15_3, WZB_170rb_23_1 | authority-files/variants.xml und lexicon.xml (Stand des Laufs)
poslich;lemma_2;5;NICHT_ANLEGEN;lemma_2 abc: eigenes Thema (KZW, #228, 11.09.), in diesem Lauf nicht bearbeitet. Beleg: 'czest ire erden , svnder wenne iene [poslich] haben getan , | du ein czihende sin' (WZB_185va_15_3). Befund und Zielvorschlag: abc-befunde.csv.;WZB-Belege (insgesamt 5): WZB_185va_15_3, WZB_193vb_25_3, WZB_210rb_28_0 | authority-files/variants.xml und lexicon.xml (Stand des Laufs)
westnischen;lemma_2;5;NICHT_ANLEGEN;lemma_2 abc: eigenes Thema (KZW, #228, 11.09.), in diesem Lauf nicht bearbeitet. Beleg: 'dem grosen wasser | vncz bis zu dem [westnischen] mer werden di creisse ewer . • Niem' (WZB_188va_12_9). Befund und Zielvorschlag: abc-befunde.csv.;WZB-Belege (insgesamt 5): WZB_188va_12_9, WZB_221rb_15_2, WZB_221rb_34_2 | authority-files/variants.xml und lexicon.xml (Stand des Laufs)
nordnischen;lemma_2;5;NICHT_ANLEGEN;lemma_2 abc: eigenes Thema (KZW, #228, 11.09.), in diesem Lauf nicht bearbeitet. Beleg: 'o stvnden sie gegen der stat in dem [nordnischen] teile der stat . • Und czwischen yn' (WZB_221rb_27_4). Befund und Zielvorschlag: abc-befunde.csv.;WZB-Belege (insgesamt 5): WZB_221rb_27_4, WZB_232va_18_1, WZB_232vb_7_9 | authority-files/variants.xml und lexicon.xml (Stand des Laufs)
mageschefte;lemma_2;5;NICHT_ANLEGEN;lemma_2 abc: eigenes Thema (KZW, #228, 11.09.), in diesem Lauf nicht bearbeitet. Beleg: 'des geslechtis der kinder durch ire [mageschefte] , stete vnd ire dorfer . • ous gega' (WZB_233rb_24_2). Befund und Zielvorschlag: abc-befunde.csv.;WZB-Belege (insgesamt 5): WZB_233rb_24_2, WZB_233rb_27_2, WZB_233va_7_2 | authority-files/variants.xml und lexicon.xml (Stand des Laufs)
enpfant;lemma_1436;4;PRUEFSEITE;[KI-Vorschlag: ANDERE_ZUORDNUNG:lemma_1438] [wahrscheinlich] 'her enpfant des nicht' (WZB_17va_3_0) und 'do er enpfant des gewandes zusen ruch' (WZB_26ra_17_6): Präteritum von enphinden 'empfand, bemerkte', nicht enphâhen 'empfangen'. Der Korpus führt die normalisierte Form enpfant 80 mal unter lemma_1438 enphinden Eine Änderung von @lemmaRef wendet dieser Lauf nicht an, die Entscheidung liegt bei der Prüfseite.;WZB-Belege (insgesamt 4): WZB_2ra_23_6, WZB_17va_3_0, WZB_26ra_17_6 | ob dieselbe Schreibung ausserhalb der WZB je enphâhen meint, ist nicht gezählt, die 5 schon verknüpften WZB-Belege 'enpfant' unter lemma_1436 sind hier nicht gelesen. | authority-files/variants.xml und lexicon.xml (Stand des Laufs)
bŏses;lemma_788;4;ANLEGEN;"[klar] Entschieden an den Belegen: Lemma lemma_788 bœse (ADJ,ADV,GRA,NOM) passt in 'einer aus vns , kunnende gutes vnd [bŏses] . • Dorvmbe nv , das er icht lase s' (WZB_5ra_31_2) und in 'gotis ? • Ir habit gedacht von mir [bŏses] | vnd got hat das vorkart in gut ,' (WZB_53ra_21_2). Nächste vorhandene Variante desselben Lemmas: 'böses' (Unterschied ŏ/ö). Die normalisierte Form löst heute schon auf dieses Lemma auf; der Typ hält die Schreibung fest.";WZB-Belege (insgesamt 4): WZB_5ra_31_2, WZB_32ra_24_1, WZB_38va_4_6 | authority-files/variants.xml und lexicon.xml (Stand des Laufs)
yeclichem;lemma_3006;4;ANLEGEN;[klar] Entschieden an den Belegen: Lemma lemma_3006 iegelich (ADJ) passt in 'ch seinem geslechte . • C Czwei aus [yeclichem] sulln y̆ngeen mit dir , das sie mug' (WZB_7va_19_2) und in 'mit ol besprenget drei czehenden zu [yeclichem] k kalbe , czwen czehenden zu yclich' (WZB_165va_21_2). Nächste vorhandene Variante desselben Lemmas: 'yecleichem' (Unterschied -/e).;WZB-Belege (insgesamt 4): WZB_7va_19_2, WZB_46ra_13_2, WZB_49vb_22_4 | authority-files/variants.xml und lexicon.xml (Stand des Laufs)
hŏrest;lemma_2885;4;ANLEGEN;"[klar] Entschieden an den Belegen: Lemma lemma_2885 hœren (INJ,NOM,VRB) passt in ': • Ich bite dich , so das du mich [hŏrest] : • Ich wil geben gelt vmb den acke' (WZB_20rb_33_1) und in 'twas des dinges . Ist aber , das du [hŏrest] in einer deiner stete , | die dein' (WZB_190va_27_5). Nächste vorhandene Variante desselben Lemmas: 'hörest' (Unterschied ŏ/ö). Die normalisierte Form löst heute schon auf dieses Lemma auf; der Typ hält die Schreibung fest.";WZB-Belege (insgesamt 4): WZB_20rb_33_1, WZB_45rb_23_0, WZB_69vb_14_7 | authority-files/variants.xml und lexicon.xml (Stand des Laufs)
wŏllen;lemma_7473;4;ANLEGEN;"[klar] Entschieden an den Belegen: Lemma lemma_7473 wellen (VEM,VRB) passt in 'vnd ire kindel • Und sprach : • Was [wŏllen] dise vrowen • Und gehŏren sie ouch' (WZB_33va_23_4) und in 'hen ł hat , das wolle wir tvn • Und [wŏllen] sein gehorsam . • Her vorwar nam da' (WZB_78vb_16_0). Nächste vorhandene Variante desselben Lemmas: 'wüllen' (Unterschied ŏ/ü). Die normalisierte Form löst heute schon auf dieses Lemma auf; der Typ hält die Schreibung fest.";WZB-Belege (insgesamt 4): WZB_33va_23_4, WZB_34vb_16_3, WZB_74ra_34_4 | authority-files/variants.xml und lexicon.xml (Stand des Laufs)
wŏlt;lemma_7473;4;ANLEGEN;"[klar] Entschieden an den Belegen: Lemma lemma_7473 wellen (VEM,VRB) passt in 'ke . • Ist aber , das ir euch nicht [wŏlt] besneiden , | so neme wir ł vnser t' (WZB_34vb_3_0) und in 'geloubt im nicht , noch sein stimme [wŏlt] ir nicht h hŏren , | svnder stetic' (WZB_186rb_29_2). Nächste vorhandene Variante desselben Lemmas: 'wült' (Unterschied ŏ/ü). Die normalisierte Form löst heute schon auf dieses Lemma auf; der Typ hält die Schreibung fest.";WZB-Belege (insgesamt 4): WZB_34vb_3_0, WZB_45ra_14_7, WZB_46va_15_0 | authority-files/variants.xml und lexicon.xml (Stand des Laufs)
schŏner;lemma_5280;4;ANLEGEN;"[klar] Entschieden an den Belegen: Lemma lemma_5280 schœne (ADJ,ADV,GRA,NOM) passt in 'alme | voller getreides | • vnd gar [schŏner] . • Und ander siben eher entsprusse' (WZB_41vb_6_1) und in 'ben seinen mantil . Sein ougen sint [schŏner] wenn̆ der wein • Und sein czene wei' (WZB_51vb_18_3). Nächste vorhandene Variante desselben Lemmas: 'schöner' (Unterschied ŏ/ö). Die normalisierte Form löst heute schon auf dieses Lemma auf; der Typ hält die Schreibung fest.";WZB-Belege (insgesamt 4): WZB_41vb_6_1, WZB_42ra_34_5, WZB_42rb_16_3 | authority-files/variants.xml und lexicon.xml (Stand des Laufs)
yeclichen;lemma_3006;4;ANLEGEN;[klar] Entschieden an den Belegen: Lemma lemma_3006 iegelich (ADJ) passt in 'mit weicze vnd das sie legten einem [yeclichen] sein gelt wider in den sak vnd gebe' (WZB_44rb_5_5) und in 'u einer besiczunge den geslechten , [yeclichen] ir teil , also wol in dem gepirge a' (WZB_227rb_6_3). Nächste vorhandene Variante desselben Lemmas: 'yecliche' (Unterschied n/-).;WZB-Belege (insgesamt 4): WZB_44rb_5_5, WZB_52rb_5_6, WZB_104rb_30_2 | authority-files/variants.xml und lexicon.xml (Stand des Laufs)
grŏser;lemma_2534;4;ANLEGEN;"[klar] Entschieden an den Belegen: Lemma lemma_2534 grôz (ADJ,ADV,GRA,NOM) passt in '• Aber sein minnester bruder | wirt [grŏser] wenne her Und sein samen wechset in' (WZB_51rb_24_3) und in 'seczen vber ein geslechte , das do [grŏser] vnd stercker ist wenne das . • Und' (WZB_185vb_36_3). Nächste vorhandene Variante desselben Lemmas: 'gröser' (Unterschied ŏ/ö). Die normalisierte Form löst heute schon auf dieses Lemma auf; der Typ hält die Schreibung fest.";WZB-Belege (insgesamt 4): WZB_51rb_24_3, WZB_51va_15_1, WZB_74ra_25_0 | authority-files/variants.xml und lexicon.xml (Stand des Laufs)
tŏtet;lemma_6133;4;ANLEGEN;"[klar] Entschieden an den Belegen: Lemma lemma_6133 tœten (NOM,VRB) passt in ', | das es ein knechtlin ist , | so [tŏtet] es . | ist aber , das es ein meidel' (WZB_53vb_33_6) und in 'Ich ewer herre got . • Ist , das ir [tŏtet] ein opfertir der fridsamen vnserm h' (WZB_118va_28_7). Nächste vorhandene Variante desselben Lemmas: 'tötet' (Unterschied ŏ/ö). Die normalisierte Form löst heute schon auf dieses Lemma auf; der Typ hält die Schreibung fest.";WZB-Belege (insgesamt 4): WZB_53vb_33_6, WZB_76rb_23_5, WZB_104ra_30_0 | authority-files/variants.xml und lexicon.xml (Stand des Laufs)
dŏner;lemma_1198;4;ANLEGEN;"[klar] Entschieden an den Belegen: Lemma lemma_1198 doner (NOM) passt in 'ze . • Bitet den herren , | das die [dŏner] gotis zu geen vnd der hagil | vnd w' (WZB_62va_17_6) und in 'die regen | vnd der hagil | vnd die [dŏner] vnd merte seine sunde vnd besweret' (WZB_62vb_12_6). Nächste vorhandene Variante desselben Lemmas: 'döner' (Unterschied ŏ/ö). Die normalisierte Form löst heute schon auf dieses Lemma auf; der Typ hält die Schreibung fest.";WZB-Belege (insgesamt 4): WZB_62va_17_6, WZB_62va_25_3, WZB_62vb_7_6 | authority-files/variants.xml und lexicon.xml (Stand des Laufs)
weisen;lemma_78688;4;ANLEGEN;"[klar] Entschieden an den Belegen: Lemma lemma_78688 weise (NOM) passt in 't ir ouch gewesen in . • Witben vnd [weisen] sult ir nicht leide tvn . • Wenne i' (WZB_77ra_18_1) und in 'abe . • Gerichte tut her witwen vnd [weisen] , | liep hat her den pilgereime | v' (WZB_187va_7_4). Nächste vorhandene Variante desselben Lemmas: 'hiure' (Unterschied w/hiur, isen/-). Die normalisierte Form löst heute auf lemma_7462 weise (ADJ,NOM) auf (22 Belege im Korpus); beide bleiben Kandidaten, die Reihenfolge regelt Vorschrift B aus #378.";WZB-Belege (insgesamt 4): WZB_77ra_18_1, WZB_77ra_26_0, WZB_77ra_27_1 | authority-files/variants.xml und lexicon.xml (Stand des Laufs)
ŏpfel;lemma_261;4;ANLEGEN;"[klar] Entschieden an den Belegen: Lemma lemma_261 apfel (NOM) passt in 'es fuzen vmb vnd vmb als punikische [ŏpfel] von seideynem iacincte | vnd von pu' (WZB_84rb_10_1) und in 'veigen gepirt noch wein noch granat [ŏpfel] vnd vberal nicht wassers hat zu tri' (WZB_154rb_7_0). Nächste vorhandene Variante desselben Lemmas: 'öpfel' (Unterschied ŏ/ö). Die normalisierte Form löst heute schon auf dieses Lemma auf; der Typ hält die Schreibung fest.";WZB-Belege (insgesamt 4): WZB_84rb_10_1, WZB_127vb_25_1, WZB_146ra_29_4 | authority-files/variants.xml und lexicon.xml (Stand des Laufs)
gehŏret;lemma_2885;4;ANLEGEN;"[klar] Entschieden an den Belegen: Lemma lemma_2885 hœren (INJ,NOM,VRB) passt in 'e das gerete , | das zu irm dienste [gehŏret] . • Und heilige sie alle | vnd werd' (WZB_87rb_35_1) und in 'orslindet sie vnd alles , das zu in [gehŏret] , • vnd steigen abe lebendig in die' (WZB_150va_6_5). Nächste vorhandene Variante desselben Lemmas: 'gehöret' (Unterschied ŏ/ö). Die normalisierte Form löst heute schon auf dieses Lemma auf; der Typ hält die Schreibung fest.";WZB-Belege (insgesamt 4): WZB_87rb_35_1, WZB_133va_19_5, WZB_147va_9_8 | authority-files/variants.xml und lexicon.xml (Stand des Laufs)
te;lemma_2;4;NICHT_ANLEGEN;lemma_2 abc: eigenes Thema (KZW, #228, 11.09.), in diesem Lauf nicht bearbeitet. Beleg: 'vnd hundert scot an dem gewich NUM [te] des heiligtumes , beide voller semi' (WZB_138va_2_0). Befund und Zielvorschlag: abc-befunde.csv.;WZB-Belege (insgesamt 4): WZB_138va_2_0, WZB_158ra_2_0, WZB_226rb_2_0 | authority-files/variants.xml und lexicon.xml (Stand des Laufs)
st;lemma_2;4;NICHT_ANLEGEN;lemma_2 abc: eigenes Thema (KZW, #228, 11.09.), in diesem Lauf nicht bearbeitet. Beleg: 'm hout , fuz vmme fuz soltu nemen . [st] , • • das du ous czeuhest zu streit' (WZB_196va_8_0). Befund und Zielvorschlag: abc-befunde.csv.;WZB-Belege (insgesamt 4): WZB_196va_8_0, WZB_200va_26_0, WZB_201va_17_0 | authority-files/variants.xml und lexicon.xml (Stand des Laufs)
gevŏgel;lemma_2317;3;ANLEGEN;[klar] Entschieden an den Belegen: Lemma lemma_2317 gevügele (NOM) passt in 'ormte alle tyre der erden vnd alles [gevŏgel] des himels vnd furte sie czu , das' (WZB_4ra_23_2) und in 'r alle tir der erden vnd vber alles [gevŏgel] | mit allem dem , das sich ruret au' (WZB_9ra_27_3). Nächste vorhandene Variante desselben Lemmas: 'gevügel' (Unterschied ŏ/ü).;WZB-Belege (insgesamt 3): WZB_4ra_23_2, WZB_4ra_29_2, WZB_9ra_27_3 | authority-files/variants.xml und lexicon.xml (Stand des Laufs)
hŏhe;lemma_2881;3;ANLEGEN;"[klar] Entschieden an den Belegen: Lemma lemma_2881 hœhe (NOM) passt in 'ner dovme elen saltu volenden seine [hŏhe] . • Aber die tur der archen secze z' (WZB_7rb_32_0) und in '| ein stat vnd einen turme , • des [hŏhe] reiche bis an den himel . • Und fei' (WZB_10va_15_0). Nächste vorhandene Variante desselben Lemmas: 'hœhe' (Unterschied ŏ/œ). Die normalisierte Form löst heute auf lemma_2866 hôch (ADJ,ADV,GRA,NOM) auf (51 Belege im Korpus); beide bleiben Kandidaten, die Reihenfolge regelt Vorschrift B aus #378.";WZB-Belege (insgesamt 3): WZB_7rb_32_0, WZB_8ra_25_5, WZB_10va_15_0 | authority-files/variants.xml und lexicon.xml (Stand des Laufs)
hŏchsten;lemma_2866;3;ANLEGEN;"[klar] Entschieden an den Belegen: Lemma lemma_2866 hôch (ADJ,ADV,GRA,NOM) passt in 'hende hebe ich auf gegen gote , dem [hŏchsten] herren , der ein besitczer ist des' (WZB_13rb_12_1) und in 'ich seine czil vnd kvmen bis zu dem [hŏchsten] perge . • Uon - ERI dem kvmen sie b' (WZB_172ra_37_1). Nächste vorhandene Variante desselben Lemmas: 'höchsten' (Unterschied ŏ/ö). Die normalisierte Form löst heute schon auf dieses Lemma auf; der Typ hält die Schreibung fest.";WZB-Belege (insgesamt 3): WZB_13rb_12_1, WZB_159ra_6_2, WZB_172ra_37_1 | authority-files/variants.xml und lexicon.xml (Stand des Laufs)
vorkoufte;lemma_6879;3;ANLEGEN;[klar] Entschieden an den Belegen: Lemma lemma_6879 verkoufen (NOM,VRB) passt in '• So swere dorvmbe mir . • swur vnd [vorkoufte] sein erste gepurt • vnd also nam er' (WZB_24ra_8_5) und in 'as furste zu • Und von seinem gepot [vorkoufte] man getreide dem volke • Und do in' (WZB_43va_18_1). Nächste vorhandene Variante desselben Lemmas: 'vorkoufet' (Unterschied -/e, e/-).;WZB-Belege (insgesamt 3): WZB_24ra_8_5, WZB_43rb_34_0, WZB_43va_18_1 | authority-files/variants.xml und lexicon.xml (Stand des Laufs)
uii;lemma_2;3;NICHT_ANLEGEN;lemma_2 abc: eigenes Thema (KZW, #228, 11.09.), in diesem Lauf nicht bearbeitet. Beleg: '- den mut • vnd . • • XX • [UII] aber was nv alt worden | vnd sein o' (WZB_25rb_26_9). Befund und Zielvorschlag: abc-befunde.csv.;WZB-Belege (insgesamt 3): WZB_25rb_26_9, WZB_104rb_32_3, WZB_137rb_7_3 | authority-files/variants.xml und lexicon.xml (Stand des Laufs)
ŏhems;lemma_4472;3;ANLEGEN;"[klar] Entschieden an den Belegen: Lemma lemma_4472 oeheim (NOM) passt in 'n tŏch XXVIII . GENE tern , deines [ŏhems] . • Got aber , der almechtige , der' (WZB_27ra_2_3) und in 'mit seines vettern oder mit seines [ŏhems] h - housvrowe • vnd enplecket die s' (WZB_120rb_29_3). Nächste vorhandene Variante desselben Lemmas: 'öhems' (Unterschied ŏ/ö). Die normalisierte Form löst heute schon auf dieses Lemma auf; der Typ hält die Schreibung fest.";WZB-Belege (insgesamt 3): WZB_27ra_2_3, WZB_28ra_6_2, WZB_120rb_29_3 | authority-files/variants.xml und lexicon.xml (Stand des Laufs)
pŏcke;lemma_784;3;ANLEGEN;[klar] Entschieden an den Belegen: Lemma lemma_784 boc (NOM) passt in 'es die czigen vnd die schaf vnd die [pŏcke] vnd die wider , die do mancherlei w' (WZB_29vb_18_5) und in 'nd vor sein hous , die czwen czigen [pŏcke] tu her sten vor vnserm herren in de' (WZB_115vb_11_3). Nächste vorhandene Variante desselben Lemmas: 'pöcken' (Unterschied ŏ/ö, -/n).;WZB-Belege (insgesamt 3): WZB_29vb_18_5, WZB_115vb_6_0, WZB_115vb_11_3 | authority-files/variants.xml und lexicon.xml (Stand des Laufs)
gehŏren;lemma_2885;3;ANLEGEN;"[klar] Entschieden an den Belegen: Lemma lemma_2885 hœren (INJ,NOM,VRB) passt in 'h : • Was wŏllen dise vrowen • Und [gehŏren] sie ouch zu dir ? • Und antworte :' (WZB_33va_24_2) und in 'hende ougen vnd oren , die do mugen [gehŏren] vncz bis in den heutigen tak . • Ge' (WZB_207ra_12_2). Nächste vorhandene Variante desselben Lemmas: 'gehören' (Unterschied ŏ/ö). Die normalisierte Form löst heute schon auf dieses Lemma auf; der Typ hält die Schreibung fest.";WZB-Belege (insgesamt 3): WZB_33va_24_2, WZB_108va_14_2, WZB_207ra_12_2 | authority-files/variants.xml und lexicon.xml (Stand des Laufs)
grŏse;lemma_2534;3;ANLEGEN;[klar] Entschieden an den Belegen: Lemma lemma_2534 grôz (ADJ,ADV,GRA,NOM) passt in 'wirt die grose fruchtbercheit • die [grŏse] des hungers . • D Das du aber geseh' (WZB_42va_13_2) und in 'die erschreksal vnd vorchte in der [grŏse] deiner stercke . • Unbeweglich sull' (WZB_69rb_18_0). Nächste vorhandene Variante desselben Lemmas: 'grose' (Unterschied ŏ/o).;WZB-Belege (insgesamt 3): WZB_42va_13_2, WZB_50ra_27_3, WZB_69rb_18_0 | authority-files/variants.xml und lexicon.xml (Stand des Laufs)
grŏste;lemma_2534;3;ANLEGEN;"[klar] Entschieden an den Belegen: Lemma lemma_2534 grôz (ADJ,ADV,GRA,NOM) passt in 'die sie von im do namen . • Und das [grŏste] teil qwame , • also das her in ł fu' (WZB_46ra_4_4) und in 'bruen . • Der bischof , das ist der [grŏste] priester vnder seinen brudern , ouf' (WZB_121ra_19_1). Nächste vorhandene Variante desselben Lemmas: 'gröste' (Unterschied ŏ/ö). Die normalisierte Form löst heute schon auf dieses Lemma auf; der Typ hält die Schreibung fest.";WZB-Belege (insgesamt 3): WZB_46ra_4_4, WZB_73ra_29_7, WZB_121ra_19_1 | authority-files/variants.xml und lexicon.xml (Stand des Laufs)
lŏsen;lemma_3837;3;ANLEGEN;"[klar] Entschieden an den Belegen: Lemma lemma_3837 lœsen (VRB) passt in 'afe vnd ist , das du das nicht wilt [lŏsen] , | so vorterbe es . • Aber alle er' (WZB_66vb_34_0) und in 'd des schafes | soltu nicht heissen [lŏsen] , • wenne geheiligt sint sie vnserm' (WZB_152va_12_2). Nächste vorhandene Variante desselben Lemmas: 'lösen' (Unterschied ŏ/ö). Die normalisierte Form löst heute schon auf dieses Lemma auf; der Typ hält die Schreibung fest.";WZB-Belege (insgesamt 3): WZB_66vb_34_0, WZB_130ra_7_2, WZB_152va_12_2 | authority-files/variants.xml und lexicon.xml (Stand des Laufs)
xui;lemma_13826;3;ANLEGEN;[klar] Entschieden an den Belegen: Lemma lemma_13826 I (DIG) passt in 'geczeiget . • etcetera • Das • • X [XUI] • geczelt vorwar sol • werden also' (WZB_80va_33_4) und in 'ous , so das ich were ewer got . • [XUI] • Und secht , der svn , des svnes ,' (WZB_149rb_12_4). Nächste vorhandene Variante desselben Lemmas: 'xi' (Unterschied u/-).;WZB-Belege (insgesamt 3): WZB_80va_33_4, WZB_115rb_32_5, WZB_149rb_12_4 | authority-files/variants.xml und lexicon.xml (Stand des Laufs)
gevŏgiltem;lemma_2317;3;ANLEGEN;[klar] Entschieden an den Belegen: Lemma lemma_2317 gevügele (NOM) passt in 'mache ouch einen gurtil von genetem [gevŏgiltem] werke . • Und ouch den svnen mache' (WZB_84va_9_2) und in 'chte her einen vorhanck mit genetem [gevŏgiltem] werke von iacincte , von purper , v' (WZB_96rb_5_2). Nächste vorhandene Variante desselben Lemmas: 'gevügel' (Unterschied ŏ/ü, i/e, tem/-).;WZB-Belege (insgesamt 3): WZB_84va_9_2, WZB_94va_16_0, WZB_96rb_5_2 | authority-files/variants.xml und lexicon.xml (Stand des Laufs)
gerŏst;lemma_13271;3;ANLEGEN;"[klar] Entschieden an den Belegen: Lemma lemma_13271 rœsten (VRB) passt in 'nich osterbrot in der pfannen in ol [gerŏst] . • Und mache das alles von weiczei' (WZB_84vb_8_2) und in 'fannen mit ŏl besprengt werden vnd [gerŏst] . • Aber opfern sol her sie warm in' (WZB_103vb_17_2). Nächste vorhandene Variante desselben Lemmas: 'geröst' (Unterschied ŏ/ö). Die normalisierte Form löst heute schon auf dieses Lemma auf; der Typ hält die Schreibung fest.";WZB-Belege (insgesamt 3): WZB_84vb_8_2, WZB_85va_25_3, WZB_103vb_17_2 | authority-files/variants.xml und lexicon.xml (Stand des Laufs)
hŏer;lemma_2866;3;ANLEGEN;[klar] Entschieden an den Belegen: Lemma lemma_2866 hôch (ADJ,ADV,GRA,NOM) passt in 'slechte , | Der ouch selbir was ein [hŏer] czimmermeister vnd ein webir wirken' (WZB_96rb_34_1) und in 'n , wirt steigen vber dich vnd wirt [hŏer] , du aber wirst ab steigen | vnd wi' (WZB_205va_33_4). Nächste vorhandene Variante desselben Lemmas: 'hôer' (Unterschied ŏ/ô).;WZB-Belege (insgesamt 3): WZB_96rb_34_1, WZB_203rb_21_4, WZB_205va_33_4 | authority-files/variants.xml und lexicon.xml (Stand des Laufs)
wŭstenunge;lemma_59071;3;ANLEGEN;"[klar] Entschieden an den Belegen: Lemma lemma_59071 wüestenunge (NOM) passt in 'ŭste erde • Und wirt gelasen in der [wŭstenunge] , so keret wider in das geczelt des' (WZB_116rb_17_4) und in 'et ewer fuz , wirt ewer . • Uon der [wŭstenunge] | vnd von dem , Uon dem grosen wass' (WZB_188va_10_2). Nächste vorhandene Variante desselben Lemmas: 'wüstenunge' (Unterschied ŭ/ü). Die normalisierte Form löst heute schon auf dieses Lemma auf; der Typ hält die Schreibung fest.";WZB-Belege (insgesamt 3): WZB_116rb_17_4, WZB_149vb_18_2, WZB_188va_10_2 | authority-files/variants.xml und lexicon.xml (Stand des Laufs)
veigen;lemma_7052;3;ANLEGEN;"[klar] Entschieden an den Belegen: Lemma lemma_7052 vîge (NOM) passt in 'cht vnd von granat ŏpfel • vnd von [veigen] . der selben stat brachten sie , di' (WZB_146ra_30_2) und in 'gersten vnd der weingerten , in der [veigen] vnd granat opfel vnd ŏlgerten wach' (WZB_184vb_11_0). Nächste vorhandene Variante desselben Lemmas: 'veigenn' (Unterschied -/n). Die normalisierte Form löst heute auf lemma_6786 veige (ADJ,ADV,NOM) auf (18 Belege im Korpus); beide bleiben Kandidaten, die Reihenfolge regelt Vorschrift B aus #378.";WZB-Belege (insgesamt 3): WZB_146ra_30_2, WZB_154rb_5_5, WZB_184vb_11_0 | authority-files/variants.xml und lexicon.xml (Stand des Laufs)
pŏsen;lemma_788;3;ANLEGEN;"[klar] Entschieden an den Belegen: Lemma lemma_788 bœse (ADJ,ADV,GRA,NOM) passt in 'zouberer | noch kein ansprecher der [pŏsen] geiste • Noch ratvrage die valschen' (WZB_195ra_36_1) und in 'n streit , | so hute dich vor allen [pŏsen] dingen . • Ist , das vnder euch ist' (WZB_200ra_26_0). Nächste vorhandene Variante desselben Lemmas: 'pösen' (Unterschied ŏ/ö). Die normalisierte Form löst heute schon auf dieses Lemma auf; der Typ hält die Schreibung fest.";WZB-Belege (insgesamt 3): WZB_195ra_36_1, WZB_199ra_21_4, WZB_200ra_26_0 | authority-files/variants.xml und lexicon.xml (Stand des Laufs)
gevŏgeln;lemma_2317;2;ANLEGEN;[klar] Entschieden an den Belegen: Lemma lemma_2317 gevügele (NOM) passt in 'ese den vischen des meres • vnd den [gevŏgeln] des himels • vnd den wilden der erd' (WZB_3rb_27_6) und in 'vnd meidel . • Sunder auch aus den [gevŏgeln] siben • GENESIS vnd siben , | si vn' (WZB_7va_37_3). Nächste vorhandene Variante desselben Lemmas: 'gevügel' (Unterschied ŏ/ü, n/-).;WZB-Belege (insgesamt 2): WZB_3rb_27_6, WZB_7va_37_3 | authority-files/variants.xml und lexicon.xml (Stand des Laufs)
hŏrt;lemma_2885;2;ANLEGEN;"[klar] Entschieden an den Belegen: Lemma lemma_2885 hœren (INJ,NOM,VRB) passt in 'zu seinen hausvrowen , zu vnd zu : [Hŏrt] meine stimme , ir hausvrowen , vnd' (WZB_6ra_29_0) und in 'nig . • Und vnser herre sprach zu : [Hŏrt] euch nicht , | so das vil czeichen' (WZB_64rb_26_0). Nächste vorhandene Variante desselben Lemmas: 'hört' (Unterschied ŏ/ö). Die normalisierte Form löst heute schon auf dieses Lemma auf; der Typ hält die Schreibung fest.";WZB-Belege (insgesamt 3): WZB_6ra_29_0, WZB_18rb_35_5, WZB_64rb_26_0 | authority-files/variants.xml und lexicon.xml (Stand des Laufs)
gevŏgil;lemma_2317;2;ANLEGEN;[klar] Entschieden an den Belegen: Lemma lemma_2317 gevügele (NOM) passt in 'geslechte . • Alle vogil vnd alles [gevŏgil] ein giengen in die arche czu , czwe' (WZB_8ra_13_6) und in 'teilte er nicht . • Nu quame ł das [gevŏgil] auf die as | vnd vorvleugte sie . •' (WZB_13va_33_1). Nächste vorhandene Variante desselben Lemmas: 'gevügel' (Unterschied ŏ/ü, i/e).;WZB-Belege (insgesamt 2): WZB_8ra_13_6, WZB_13va_33_1 | authority-files/variants.xml und lexicon.xml (Stand des Laufs)
herte;lemma_78648;2;ANLEGEN;"[klar] Entschieden an den Belegen: Lemma lemma_78648 herte (NOM) passt in '. • Und stalte siben schaf ous der [herte] hinder sich . • C Czu dem sprach :' (WZB_19ra_16_3) und in 'vorslossen was , | vnd trenkte die [herte] vnd kuste sie . • Und si hub ouf ir' (WZB_28ra_9_1). Nächste vorhandene Variante desselben Lemmas: 'bir' (Unterschied he/bi, te/-). Die normalisierte Form löst heute auf lemma_2787 herte (ADJ,ADV,GRA,NOM) auf (136 Belege im Korpus); beide bleiben Kandidaten, die Reihenfolge regelt Vorschrift B aus #378.";WZB-Belege (insgesamt 2): WZB_19ra_16_3, WZB_28ra_9_1 | authority-files/variants.xml und lexicon.xml (Stand des Laufs)
vorkouften;lemma_6879;2;ANLEGEN;[klar] Entschieden an den Belegen: Lemma lemma_6879 verkoufen (NOM,VRB) passt in 'vnd den furgeenden , den koufleuten [vorkouften] sie in | vnd gaben in vmbe dreissic' (WZB_38rb_19_6) und in 'her bleib in der clage . • vnd die [vorkouften] zu • , dem purck hern • , dem ritte' (WZB_38va_16_4). Nächste vorhandene Variante desselben Lemmas: 'verkouften' (Unterschied o/e).;WZB-Belege (insgesamt 2): WZB_38rb_19_6, WZB_38va_16_4 | authority-files/variants.xml und lexicon.xml (Stand des Laufs)
kŏrbe;lemma_3412;2;ANLEGEN;"[klar] Entschieden an den Belegen: Lemma lemma_3412 korp (NOM) passt in 'en | trovm , wie das ich hette drei [kŏrbe] meles ouf meinem houbte . • Und in' (WZB_41rb_12_4) und in 'die ouslegunge des trovmes : • Drei [kŏrbe] | drei tage noch sint . noch den wi' (WZB_41rb_20_0). Nächste vorhandene Variante desselben Lemmas: 'körbe' (Unterschied ŏ/ö). Die normalisierte Form löst heute schon auf dieses Lemma auf; der Typ hält die Schreibung fest.";WZB-Belege (insgesamt 2): WZB_41rb_12_4, WZB_41rb_20_0 | authority-files/variants.xml und lexicon.xml (Stand des Laufs)
kochen;lemma_3391;2;ANLEGEN;"[klar] Entschieden an den Belegen: Lemma lemma_3391 kochen (VRB) passt in 'u arbeiten ist , das tut vnd was zu [kochen] ist , das kochet . Was aber des vbe' (WZB_70vb_34_2) und in 'gesowerteigter semeln; die sult ir [kochen] zu der ersten fruchte opfer vnserm' (WZB_123rb_32_2). Nächste vorhandene Variante desselben Lemmas: 'kochent' (Unterschied -/t). Die normalisierte Form löst heute auf lemma_3390 koch (NOM) auf (1 Belege im Korpus); beide bleiben Kandidaten, die Reihenfolge regelt Vorschrift B aus #378.";WZB-Belege (insgesamt 2): WZB_70vb_34_2, WZB_123rb_32_2 | authority-files/variants.xml und lexicon.xml (Stand des Laufs)
ŏre;lemma_4447;2;ANLEGEN;"[klar] Entschieden an den Belegen: Lemma lemma_4447 ôr (NOM) passt in 'r studil | • Vnd durch bore im sein [ŏre] mit ei W EXO ner alen | vnd wirt im' (WZB_75rb_37_4) und in 'o nym ein ale vnd durch bore im das [ŏre] in der tur deines houses | vnd dien' (WZB_192va_9_5). Nächste vorhandene Variante desselben Lemmas: 'ôre' (Unterschied ŏ/ô). Die normalisierte Form löst heute schon auf dieses Lemma auf; der Typ hält die Schreibung fest.";WZB-Belege (insgesamt 2): WZB_75rb_37_4, WZB_192va_9_5 | authority-files/variants.xml und lexicon.xml (Stand des Laufs)
kŏpfe;lemma_3405;2;ANLEGEN;"[klar] Entschieden an den Belegen: Lemma lemma_3405 kopf (NOM) passt in 'seinen | schaft vnd seine stengel , [kŏpfe] vnd ringel vnd lilgen von im ous ge' (WZB_80rb_29_5) und in 'an dem leuchter selben | werden vir [kŏpfe] | in der gestalt einer nvs | vnd ri' (WZB_80va_10_1). Nächste vorhandene Variante desselben Lemmas: 'köpfe' (Unterschied ŏ/ö). Die normalisierte Form löst heute schon auf dieses Lemma auf; der Typ hält die Schreibung fest.";WZB-Belege (insgesamt 2): WZB_80rb_29_5, WZB_80va_10_1 | authority-files/variants.xml und lexicon.xml (Stand des Laufs)
tŏpfe;lemma_6144;2;ANLEGEN;"[klar] Entschieden an den Belegen: Lemma lemma_6144 topf (NOM) passt in 'enste | vnd zu hantreich DUS ereine [tŏpfe] , | die die asche enpfahen | vnd cz' (WZB_82rb_2_1) und in 'DUS chte her allerlei vas , ereine [tŏpfe] , czangen vnd crewel vnd haken vnd' (WZB_95vb_2_6). Nächste vorhandene Variante desselben Lemmas: 'tüpfe' (Unterschied ŏ/ü). Die normalisierte Form löst heute schon auf dieses Lemma auf; der Typ hält die Schreibung fest.";WZB-Belege (insgesamt 2): WZB_82rb_2_1, WZB_95vb_2_6 | authority-files/variants.xml und lexicon.xml (Stand des Laufs)
tŏchtern;lemma_6135;2;ANLEGEN;"[klar] Entschieden an den Belegen: Lemma lemma_6135 tohter (NOM) passt in 'Noch kein weip nyme nicht von iren [tŏchtern] deinen svnen , | das sie icht , | w' (WZB_91va_17_3) und in '• Nicht sol sein kein hure von den [tŏchtern] , noch kein hurer von den svnen . •' (WZB_200rb_22_2). Nächste vorhandene Variante desselben Lemmas: 'töchtern' (Unterschied ŏ/ö). Die normalisierte Form löst heute schon auf dieses Lemma auf; der Typ hält die Schreibung fest.";WZB-Belege (insgesamt 2): WZB_91va_17_3, WZB_200rb_22_2 | authority-files/variants.xml und lexicon.xml (Stand des Laufs)
xuii;lemma_13826;2;ANLEGEN;[klar] Entschieden an den Belegen: Lemma lemma_13826 I (DIG) passt in 'are , • als vnser gepoten hat . • • [XUII] • Und vnser herre redte zu sprechen' (WZB_116vb_27_4) und in 'was gestillet . • etcetera Und • • [XUII] vnser herre redte czu sprechende :' (WZB_151rb_10_3). Nächste vorhandene Variante desselben Lemmas: 'xii' (Unterschied u/-).;WZB-Belege (insgesamt 2): WZB_116vb_27_4, WZB_151rb_10_3 | authority-files/variants.xml und lexicon.xml (Stand des Laufs)
frŭchte;lemma_7273;2;ANLEGEN;"[klar] Entschieden an den Belegen: Lemma lemma_7273 vruht (NOM) passt in ', wenne ir zu houfe gesamment alle [frŭchte] ewerr erden , • so sult ir veiern d' (WZB_124ra_34_0) und in 'hte . • vnd euch gepere die erde ir [frŭchte] , • der ir esset bis zu der setunge' (WZB_126ra_7_0). Nächste vorhandene Variante desselben Lemmas: 'früchte' (Unterschied ŭ/ü). Die normalisierte Form löst heute schon auf dieses Lemma auf; der Typ hält die Schreibung fest.";WZB-Belege (insgesamt 2): WZB_124ra_34_0, WZB_126ra_7_0 | authority-files/variants.xml und lexicon.xml (Stand des Laufs)
lŏset;lemma_3837;2;ANLEGEN;"[klar] Entschieden an den Belegen: Lemma lemma_3837 lœsen (VRB) passt in 'ist , das er es selbir vormag , er [lŏset] sich . • Achtende also vil iare | L' (WZB_126vb_35_6) und in 'vnd alles , das do ir ist , | vnd [lŏset] vnser selen von dem tode . • Die an' (WZB_215rb_17_4). Nächste vorhandene Variante desselben Lemmas: 'löset' (Unterschied ŏ/ö). Die normalisierte Form löst heute schon auf dieses Lemma auf; der Typ hält die Schreibung fest.";WZB-Belege (insgesamt 2): WZB_126vb_35_6, WZB_215rb_17_4 | authority-files/variants.xml und lexicon.xml (Stand des Laufs)
vinsternŭsse;lemma_7089;2;ANLEGEN;"[klar] Entschieden an den Belegen: Lemma lemma_7089 vinsternisse (NOM) passt in 'vncz an den himel vnd ouf im waren [vinsternŭsse] | vnd wolken vnd nebil . • Und vnse' (WZB_179va_28_2) und in 'hortet die stimme von der mitte der [vinsternŭsse] | vnd sahet den perck brinnent , |' (WZB_182ra_8_2). Nächste vorhandene Variante desselben Lemmas: 'vinsternüsse' (Unterschied ŭ/ü). Die normalisierte Form löst heute schon auf dieses Lemma auf; der Typ hält die Schreibung fest.";WZB-Belege (insgesamt 2): WZB_179va_28_2, WZB_182ra_8_2 | authority-files/variants.xml und lexicon.xml (Stand des Laufs)
pŏse;lemma_788;2;ANLEGEN;"[klar] Entschieden an den Belegen: Lemma lemma_788 bœse (ADJ,ADV,GRA,NOM) passt in 'an ous lesen noch das gute noch das [pŏse] , | noch mit einem andern vor wechs' (WZB_130ra_15_5) und in 'at gedacht zu tvn . vnd heb ouf das [pŏse] von deiner mitte , | so das | das h' (WZB_196rb_35_3). Nächste vorhandene Variante desselben Lemmas: 'pöse' (Unterschied ŏ/ö). Die normalisierte Form löst heute schon auf dieses Lemma auf; der Typ hält die Schreibung fest.";WZB-Belege (insgesamt 4): WZB_130ra_15_5, WZB_154rb_4_2, WZB_194ra_15_1 | authority-files/variants.xml und lexicon.xml (Stand des Laufs)
yecliches;lemma_3006;1;ANLEGEN;[klar] Entschieden an den Belegen: Lemma lemma_3006 iegelich (ADJ) passt in 'machte frucht vnd hette samen , ein [yecliches] noch seinem geslechte . • Und got s' (WZB_3ra_9_4). Nächste vorhandene Variante desselben Lemmas: 'yecliche' (Unterschied s/-).;WZB-Belege (insgesamt 1): WZB_3ra_9_4 | authority-files/variants.xml und lexicon.xml (Stand des Laufs)
zde;lemma_78628;1;PRUEFSEITE;Tschechische Randglosse ('W zde toho GENESIS').;WZB-Belege (insgesamt 1): WZB_4rb_23_0 | authority-files/variants.xml und lexicon.xml (Stand des Laufs)
dŏrner;lemma_1202;1;ANLEGEN;"[klar] Entschieden an den Belegen: Lemma lemma_1202 dorn (NOM) passt in 'sen alle die tage deines lebens . • [Dŏrner] vnd disteln wirt sie dir tragen vnd' (WZB_5ra_14_3). Nächste vorhandene Variante desselben Lemmas: 'dörner' (Unterschied ŏ/ö). Die normalisierte Form löst heute schon auf dieses Lemma auf; der Typ hält die Schreibung fest.";WZB-Belege (insgesamt 1): WZB_5ra_14_3 | authority-files/variants.xml und lexicon.xml (Stand des Laufs)
yeclichs;lemma_3006;1;ANLEGEN;[klar] Entschieden an den Belegen: Lemma lemma_3006 iegelich (ADJ) passt in 'ich noch seiner geperunge • Und ein [yeclichs] vligendes noch seinem geslechte . •' (WZB_8ra_11_5). Nächste vorhandene Variante desselben Lemmas: 'yecleichs' (Unterschied -/e).;WZB-Belege (insgesamt 1): WZB_8ra_11_5 | authority-files/variants.xml und lexicon.xml (Stand des Laufs)
vŏgeln;lemma_7154;1;ANLEGEN;"[klar] Entschieden an den Belegen: Lemma lemma_7154 vogel (NOM) passt in 'die do ist mit euch , • also wol in [vŏgeln] als in grosem vihe vnd in cleinem d' (WZB_9rb_19_2). Nächste vorhandene Variante desselben Lemmas: 'vögeln' (Unterschied ŏ/ö). Die normalisierte Form löst heute schon auf dieses Lemma auf; der Typ hält die Schreibung fest.";WZB-Belege (insgesamt 1): WZB_9rb_19_2 | authority-files/variants.xml und lexicon.xml (Stand des Laufs)
gegrŏzet;lemma_75133;1;ANLEGEN;"[klar] Entschieden an den Belegen: Lemma lemma_75133 grœʒen (VRB) passt in 'hat dein knecht vor dir • vnd hast [gegrŏzet] dein barmherczicheit , | die du has' (WZB_17ra_13_5). Nächste vorhandene Variante desselben Lemmas: 'gegroezet' (Unterschied ŏ/oe). Die normalisierte Form löst heute schon auf dieses Lemma auf; der Typ hält die Schreibung fest.";WZB-Belege (insgesamt 1): WZB_17ra_13_5 | authority-files/variants.xml und lexicon.xml (Stand des Laufs)
blŏse;lemma_9823;1;ANLEGEN;"[klar] Entschieden an den Belegen: Lemma lemma_9823 bloeze (NOM) passt in 'alte sie im vmb die hende | vnd die [blŏse] des halses bedackte sie im do mite' (WZB_25vb_11_8). Nächste vorhandene Variante desselben Lemmas: 'bloese' (Unterschied ŏ/oe). Die normalisierte Form löst heute schon auf dieses Lemma auf; der Typ hält die Schreibung fest.";WZB-Belege (insgesamt 1): WZB_25vb_11_8 | authority-files/variants.xml und lexicon.xml (Stand des Laufs)
ŏles;lemma_4455;1;ANLEGEN;"[klar] Entschieden an den Belegen: Lemma lemma_4455 öl (NOM) passt in 'do genug getreides , | weines | vnd [ŏles] | vnd die volck dienent dir . Vnd d' (WZB_26rb_5_5). Nächste vorhandene Variante desselben Lemmas: 'öles' (Unterschied ŏ/ö). Die normalisierte Form löst heute schon auf dieses Lemma auf; der Typ hält die Schreibung fest.";WZB-Belege (insgesamt 1): WZB_26rb_5_5 | authority-files/variants.xml und lexicon.xml (Stand des Laufs)
erhŏret;lemma_1576;1;ANLEGEN;"[klar] Entschieden an den Belegen: Lemma lemma_1576 erhoeren (VRB) passt in 'herre hat mir gericht vnd hat mich [erhŏret] • vnd hat gegeben mir einen svn . v' (WZB_28vb_33_4). Nächste vorhandene Variante desselben Lemmas: 'erhöret' (Unterschied ŏ/ö). Die normalisierte Form löst heute schon auf dieses Lemma auf; der Typ hält die Schreibung fest.";WZB-Belege (insgesamt 1): WZB_28vb_33_4 | authority-files/variants.xml und lexicon.xml (Stand des Laufs)
erlŏse;lemma_1611;1;ANLEGEN;"[klar] Entschieden an den Belegen: Lemma lemma_1611 erlœsen (VRB) passt in 'wein scharen kvme ich her wider . • [Erlŏse] herre mich ous den henden meines br' (WZB_32va_25_6). Nächste vorhandene Variante desselben Lemmas: 'erlöse' (Unterschied ŏ/ö). Die normalisierte Form löst heute schon auf dieses Lemma auf; der Typ hält die Schreibung fest.";WZB-Belege (insgesamt 1): WZB_32va_25_6 | authority-files/variants.xml und lexicon.xml (Stand des Laufs)
bŏcke;lemma_784;1;ANLEGEN;"[klar] Entschieden an den Belegen: Lemma lemma_784 boc (NOM) passt in 'czweihundert czigen vnd czweinczig [bŏcke] , Czweihundert vnd czweinczig wider' (WZB_32vb_3_3). Nächste vorhandene Variante desselben Lemmas: 'böcke' (Unterschied ŏ/ö). Die normalisierte Form löst heute schon auf dieses Lemma auf; der Typ hält die Schreibung fest.";WZB-Belege (insgesamt 1): WZB_32vb_3_3 | authority-files/variants.xml und lexicon.xml (Stand des Laufs)
wunderschŏne;lemma_9118;1;ANLEGEN;"[klar] Entschieden an den Belegen: Lemma lemma_9118 wunderschoene (ADJ) passt in 'en ochsen die des leibes veiste vnd [wunderschŏne] waren . • Nu erschrak SIS vnd entsl' (WZB_41va_35_4). Nächste vorhandene Variante desselben Lemmas: 'wunderschone' (Unterschied ŏ/o). Die normalisierte Form löst heute schon auf dieses Lemma auf; der Typ hält die Schreibung fest.";WZB-Belege (insgesamt 1): WZB_41va_35_4 | authority-files/variants.xml und lexicon.xml (Stand des Laufs)
ŏchsen;lemma_4480;1;ANLEGEN;"[klar] Entschieden an den Belegen: Lemma lemma_4480 ohse (NOM) passt in 'n selben volgten nach | ander siben [ŏchsen] | gar vngestalterr vnd magerr , | d' (WZB_42rb_4_1). Nächste vorhandene Variante desselben Lemmas: 'öchsen' (Unterschied ŏ/ö). Die normalisierte Form löst heute schon auf dieses Lemma auf; der Typ hält die Schreibung fest.";WZB-Belege (insgesamt 1): WZB_42rb_4_1 | authority-files/variants.xml und lexicon.xml (Stand des Laufs)
vorkoufende;lemma_6879;1;ANLEGEN;[klar] Entschieden an den Belegen: Lemma lemma_6879 verkoufen (NOM,VRB) passt in 'fte dorumbe alle egiptische ekkir | [vorkoufende] ein yeclicher sein erbe vor grŏse' (WZB_50ra_26_2). Nächste vorhandene Variante desselben Lemmas: 'vorkoufet' (Unterschied nde/t).;WZB-Belege (insgesamt 1): WZB_50ra_26_2 | authority-files/variants.xml und lexicon.xml (Stand des Laufs)
fŭnf;lemma_7285;1;ANLEGEN;"[klar] Entschieden an den Belegen: Lemma lemma_7285 vünf (NUM) passt in 'buch , das do heisset Genesis , der [fŭnf] buch ein ende . • Dornach hebit EXO' (WZB_53rb_20_4). Nächste vorhandene Variante desselben Lemmas: 'fünf' (Unterschied ŭ/ü). Die normalisierte Form löst heute schon auf dieses Lemma auf; der Typ hält die Schreibung fest.";WZB-Belege (insgesamt 1): WZB_53rb_20_4 | authority-files/variants.xml und lexicon.xml (Stand des Laufs)
ʒbohem;lemma_78628;1;PRUEFSEITE;Tschechische Randglosse ('no • ʒbohem • nv').;WZB-Belege (insgesamt 1): WZB_53vb_38_2 | authority-files/variants.xml und lexicon.xml (Stand des Laufs)
krŏten;lemma_3485;1;ANLEGEN;"[klar] Entschieden an den Belegen: Lemma lemma_3485 krote (NOM) passt in 'deinen knechten werden ein geen die [krŏten] . • Vnd toho • toho • toho toho EXO' (WZB_60rb_21_3). Nächste vorhandene Variante desselben Lemmas: 'kröten' (Unterschied ŏ/ö). Die normalisierte Form löst heute schon auf dieses Lemma auf; der Typ hält die Schreibung fest.";WZB-Belege (insgesamt 1): WZB_60rb_21_3 | authority-files/variants.xml und lexicon.xml (Stand des Laufs)
ŏren;lemma_4447;1;ANLEGEN;"[klar] Entschieden an den Belegen: Lemma lemma_4447 ôr (NOM) passt in 'im , • Das du das k kvndest in die [ŏren] deiner kinder | vnd deiner kinder k' (WZB_62vb_26_3). Nächste vorhandene Variante desselben Lemmas: 'ören' (Unterschied ŏ/ö). Die normalisierte Form löst heute schon auf dieses Lemma auf; der Typ hält die Schreibung fest.";WZB-Belege (insgesamt 1): WZB_62vb_26_3 | authority-files/variants.xml und lexicon.xml (Stand des Laufs)
lŏste;lemma_3837;1;ANLEGEN;"[klar] Entschieden an den Belegen: Lemma lemma_3837 lœsen (VRB) passt in 'czu der lincken . • Und vnser herre [lŏste] an dem selben tage ous den henden d' (WZB_68vb_16_6). Nächste vorhandene Variante desselben Lemmas: 'löste' (Unterschied ŏ/ö). Die normalisierte Form löst heute schon auf dieses Lemma auf; der Typ hält die Schreibung fest.";WZB-Belege (insgesamt 1): WZB_68vb_16_6 | authority-files/variants.xml und lexicon.xml (Stand des Laufs)
rŏcke;lemma_4956;1;ANLEGEN;"[klar] Entschieden an den Belegen: Lemma lemma_4956 roc (NOM) passt in 'alt hin zu vnd tu in an die leinein [rŏcke] vnd gurte mit dem gurtel | vnd ouch' (WZB_85ra_8_6). Nächste vorhandene Variante desselben Lemmas: 'röcke' (Unterschied ŏ/ö). Die normalisierte Form löst heute schon auf dieses Lemma auf; der Typ hält die Schreibung fest.";WZB-Belege (insgesamt 1): WZB_85ra_8_6 | authority-files/variants.xml und lexicon.xml (Stand des Laufs)
gerŏte;lemma_4963;1;ANLEGEN;"[klar] Entschieden an den Belegen: Lemma lemma_4963 roeten (VRB) passt in 'bet • vnd pfelle vnd czigen har vnd [gerŏte] widers heute vnd iacinctisch geverb' (WZB_93ra_12_5). Nächste vorhandene Variante desselben Lemmas: 'gerötet' (Unterschied ŏ/ö, -/t). Die normalisierte Form löst heute schon auf dieses Lemma auf; der Typ hält die Schreibung fest.";WZB-Belege (insgesamt 1): WZB_93ra_12_5 | authority-files/variants.xml und lexicon.xml (Stand des Laufs)
gerŏten;lemma_4963;1;ANLEGEN;"[klar] Entschieden an den Belegen: Lemma lemma_4963 roeten (VRB) passt in 'die grunde , di vbirdecken von den [gerŏten] widers heuten • Und die ander vbir' (WZB_97va_33_3). Nächste vorhandene Variante desselben Lemmas: 'geroeten' (Unterschied ŏ/oe). Die normalisierte Form löst heute schon auf dieses Lemma auf; der Typ hält die Schreibung fest.";WZB-Belege (insgesamt 1): WZB_97va_33_3 | authority-files/variants.xml und lexicon.xml (Stand des Laufs)
rŏcken;lemma_4956;1;ANLEGEN;"[klar] Entschieden an den Belegen: Lemma lemma_4956 roc (NOM) passt in 's sie lagen gecleidet mit leineinen [rŏcken] | vnd wurfen sie ł hin fur , | als' (WZB_108ra_9_0). Nächste vorhandene Variante desselben Lemmas: 'röcken' (Unterschied ŏ/ö). Die normalisierte Form löst heute schon auf dieses Lemma auf; der Typ hält die Schreibung fest.";WZB-Belege (insgesamt 1): WZB_108ra_9_0 | authority-files/variants.xml und lexicon.xml (Stand des Laufs)
ŏls;lemma_4455;1;ANLEGEN;"[klar] Entschieden an den Belegen: Lemma lemma_4455 öl (NOM) passt in 'hant vnd seines fuzes . • Aber des [ŏls] ein teil tu her in seine linke hant' (WZB_113rb_7_6). Nächste vorhandene Variante desselben Lemmas: 'öls' (Unterschied ŏ/ö). Die normalisierte Form löst heute schon auf dieses Lemma auf; der Typ hält die Schreibung fest.";WZB-Belege (insgesamt 1): WZB_113rb_7_6 | authority-files/variants.xml und lexicon.xml (Stand des Laufs)
wŭnschet;lemma_7716;1;ANLEGEN;"[klar] Entschieden an den Belegen: Lemma lemma_7716 wünschen (VRB) passt in 'vorlasenheit vnd ire svnde . • Die [wŭnschet] her seinem houbte • vnd sendet in b' (WZB_116rb_10_6). Nächste vorhandene Variante desselben Lemmas: 'wnschet' (Unterschied ŭ/-). Die normalisierte Form löst heute schon auf dieses Lemma auf; der Typ hält die Schreibung fest.";WZB-Belege (insgesamt 1): WZB_116rb_10_6 | authority-files/variants.xml und lexicon.xml (Stand des Laufs)
abgŏten;lemma_39;1;ANLEGEN;"[klar] Entschieden an den Belegen: Lemma lemma_39 abgot (NOM) passt in 'ot . • Nicht ir keren sullit zu den [abgŏten] , • Noch machet euch gegosne gŏte' (WZB_118va_26_2). Nächste vorhandene Variante desselben Lemmas: 'abgöten' (Unterschied ŏ/ö). Die normalisierte Form löst heute schon auf dieses Lemma auf; der Typ hält die Schreibung fest.";WZB-Belege (insgesamt 1): WZB_118va_26_2 | authority-files/variants.xml und lexicon.xml (Stand des Laufs)
kŏrner;lemma_3409;1;ANLEGEN;"[klar] Entschieden an den Belegen: Lemma lemma_3409 korn (NOM) passt in 'trouben speierl vnd die ab gevallen [kŏrner] saltu nicht zusammen lesen , | svnd' (WZB_118vb_12_2). Nächste vorhandene Variante desselben Lemmas: 'körner' (Unterschied ŏ/ö). Die normalisierte Form löst heute schon auf dieses Lemma auf; der Typ hält die Schreibung fest.";WZB-Belege (insgesamt 1): WZB_118vb_12_2 | authority-files/variants.xml und lexicon.xml (Stand des Laufs)
lŏcher;lemma_3834;1;ANLEGEN;"[klar] Entschieden an den Belegen: Lemma lemma_3834 loch (NOM) passt in 'iner warczeichen , | noch gebranter [lŏcher] an euch machen . • Ich herre . • Ni' (WZB_119rb_20_0). Nächste vorhandene Variante desselben Lemmas: 'löcher' (Unterschied ŏ/ö). Die normalisierte Form löst heute schon auf dieses Lemma auf; der Typ hält die Schreibung fest.";WZB-Belege (insgesamt 1): WZB_119rb_20_0 | authority-files/variants.xml und lexicon.xml (Stand des Laufs)
vorkoufest;lemma_6879;1;ANLEGEN;[klar] Entschieden an den Belegen: Lemma lemma_6879 verkoufen (NOM,VRB) passt in 'seinem erbe . • Wenne du ichtesicht [vorkoufest] deinem purger oder koufest von im ,' (WZB_125vb_3_2). Nächste vorhandene Variante desselben Lemmas: 'vorkoufet' (Unterschied s/-).;WZB-Belege (insgesamt 1): WZB_125vb_3_2 | authority-files/variants.xml und lexicon.xml (Stand des Laufs)
hŏue;lemma_2816;1;ANLEGEN;"[klar] Entschieden an den Belegen: Lemma lemma_2816 höuwe (NOM) passt in 'n sint vor ir erbe vnder den . • Ir [hŏue] vor der stat sullen nicht vorkouft' (WZB_126va_6_3). Nächste vorhandene Variante desselben Lemmas: 'hue' (Unterschied ŏ/-). Die normalisierte Form löst heute schon auf dieses Lemma auf; der Typ hält die Schreibung fest.";WZB-Belege (insgesamt 1): WZB_126va_6_3 | authority-files/variants.xml und lexicon.xml (Stand des Laufs)
ŏpfeln;lemma_261;1;ANLEGEN;"[klar] Entschieden an den Belegen: Lemma lemma_261 apfel (NOM) passt in 're frucht • vnd die povm werden mit [ŏpfeln] erfullet . • Vnd begreiffen wirt de' (WZB_127rb_4_1). Nächste vorhandene Variante desselben Lemmas: 'öpfeln' (Unterschied ŏ/ö). Die normalisierte Form löst heute schon auf dieses Lemma auf; der Typ hält die Schreibung fest.";WZB-Belege (insgesamt 1): WZB_127rb_4_1 | authority-files/variants.xml und lexicon.xml (Stand des Laufs)
pŭrden;lemma_924;1;ANLEGEN;"[klar] Entschieden an den Belegen: Lemma lemma_924 bürde (NOM) passt in 'sie in der heilicheit dienen • Und [pŭrden] ouf iren eigen achsiln tragen . • D' (WZB_137va_25_0). Nächste vorhandene Variante desselben Lemmas: 'pürden' (Unterschied ŭ/ü). Die normalisierte Form löst heute schon auf dieses Lemma auf; der Typ hält die Schreibung fest.";WZB-Belege (insgesamt 1): WZB_137va_25_0 | authority-files/variants.xml und lexicon.xml (Stand des Laufs)
mŏrinne;lemma_4185;1;ANLEGEN;"[klar] Entschieden an den Belegen: Lemma lemma_4185 moerinne (NOM) passt in 'en wider durch sein housvrowe , die [mŏrinne] , vnd sprachen : • Hat nv vnser her' (WZB_145ra_16_3). Nächste vorhandene Variante desselben Lemmas: 'mörinne' (Unterschied ŏ/ö). Die normalisierte Form löst heute schon auf dieses Lemma auf; der Typ hält die Schreibung fest.";WZB-Belege (insgesamt 1): WZB_145ra_16_3 | authority-files/variants.xml und lexicon.xml (Stand des Laufs)
schŏpfet;lemma_5212;1;ANLEGEN;"[klar] Entschieden an den Belegen: Lemma lemma_5212 schepfen (VRB) passt in 'hvas , du , , vnd alle dein rat vnd [schŏpfet] fewer morgen • vnd legt dor ouf thi' (WZB_149va_24_5). Nächste vorhandene Variante desselben Lemmas: 'schöpfet' (Unterschied ŏ/ö). Die normalisierte Form löst heute schon auf dieses Lemma auf; der Typ hält die Schreibung fest.";WZB-Belege (insgesamt 1): WZB_149va_24_5 | authority-files/variants.xml und lexicon.xml (Stand des Laufs)
lŏsunge;lemma_12150;1;ANLEGEN;"[klar] Entschieden an den Belegen: Lemma lemma_12150 lôsunge (NOM) passt in 'vnrein ist , heisest losen . • Des [lŏsunge] | sol werden noch einem mened funf' (WZB_152va_5_5). Nächste vorhandene Variante desselben Lemmas: 'lôsunge' (Unterschied ŏ/ô). Die normalisierte Form löst heute schon auf dieses Lemma auf; der Typ hält die Schreibung fest.";WZB-Belege (insgesamt 1): WZB_152va_5_5 | authority-files/variants.xml und lexicon.xml (Stand des Laufs)
erslŭge;lemma_1648;1;ANLEGEN;"[klar] Entschieden an den Belegen: Lemma lemma_1648 erslahen (VRB) passt in 'e ich ein swert , | so das ich dich [erslŭge] . • Und die eslinne sprach : • Bin' (WZB_158ra_23_2). Nächste vorhandene Variante desselben Lemmas: 'erslüge' (Unterschied ŭ/ü). Die normalisierte Form löst heute schon auf dieses Lemma auf; der Typ hält die Schreibung fest.";WZB-Belege (insgesamt 1): WZB_158ra_23_2 | authority-files/variants.xml und lexicon.xml (Stand des Laufs)
hŏrer;lemma_20910;1;ANLEGEN;"[klar] Entschieden an den Belegen: Lemma lemma_20910 hoerære (NOM) passt in 't vorstopfet , • Gesprochen hat der [hŏrer] der rede gotis , | der die gesichte' (WZB_159vb_15_2). Nächste vorhandene Variante desselben Lemmas: 'hôraer' (Unterschied ŏ/ô, -/a). Die normalisierte Form löst heute schon auf dieses Lemma auf; der Typ hält die Schreibung fest.";WZB-Belege (insgesamt 1): WZB_159vb_15_2 | authority-files/variants.xml und lexicon.xml (Stand des Laufs)
frŭnt;lemma_7246;1;ANLEGEN;"[klar] Entschieden an den Belegen: Lemma lemma_7246 vriunt (NOM) passt in 'wenne der vluchtige vleuhet , | der [frŭnt] des vorderbten | mag in nicht getot' (WZB_173ra_29_4). Nächste vorhandene Variante desselben Lemmas: 'frünt' (Unterschied ŭ/ü). Die normalisierte Form löst heute schon auf dieses Lemma auf; der Typ hält die Schreibung fest.";WZB-Belege (insgesamt 1): WZB_173ra_29_4 | authority-files/variants.xml und lexicon.xml (Stand des Laufs)
tŏte;lemma_6118;1;PRUEFSEITE;[KI-Vorschlag: ANDERE_ZUORDNUNG:lemma_6133] [klar] Einziger Beleg WZB_181vb_24_1 'Nicht tŏte, nicht brich dein [Ehe]' ist der Imperativ von töten Eine Änderung von @lemmaRef wendet dieser Lauf nicht an, die Entscheidung liegt bei der Prüfseite.;WZB-Belege (insgesamt 1): WZB_181vb_24_1 | lemma_6118 tôt ist Adjektiv. lemma_6133 tœten führt tŏte bereits mit 43 Belegen. | authority-files/variants.xml und lexicon.xml (Stand des Laufs)
behŭt;lemma_467;1;ANLEGEN;"[klar] Entschieden an den Belegen: Lemma lemma_467 behüeten (VRB) passt in 'hat liep gehabt der herre | vnd hat [behŭt] den eit , | den her gesworn hat dei' (WZB_183vb_6_6). Nächste vorhandene Variante desselben Lemmas: 'behüt' (Unterschied ŭ/ü). Die normalisierte Form löst heute schon auf dieses Lemma auf; der Typ hält die Schreibung fest.";WZB-Belege (insgesamt 1): WZB_183vb_6_6 | authority-files/variants.xml und lexicon.xml (Stand des Laufs)
schŏpfers;lemma_5211;1;ANLEGEN;"[klar] Entschieden an den Belegen: Lemma lemma_5211 schepfære (NOM) passt in 'hast vorgessen des herren , deines [schŏpfers] . • Der herre hat das gesehen | vnd' (WZB_211ra_13_0). Nächste vorhandene Variante desselben Lemmas: 'schöpfers' (Unterschied ŏ/ö). Die normalisierte Form löst heute schon auf dieses Lemma auf; der Typ hält die Schreibung fest.";WZB-Belege (insgesamt 1): WZB_211ra_13_0 | authority-files/variants.xml und lexicon.xml (Stand des Laufs)
gekŏse;lemma_18760;1;ANLEGEN;"[klar] Entschieden an den Belegen: Lemma lemma_18760 gekoese (NOM) passt in 'er nicht ! • Die haben behutet dein [gekŏse] vnd deinen fride haben sie behalden' (WZB_212va_10_1). Nächste vorhandene Variante desselben Lemmas: 'geköse' (Unterschied ŏ/ö). Die normalisierte Form löst heute schon auf dieses Lemma auf; der Typ hält die Schreibung fest.";WZB-Belege (insgesamt 1): WZB_212va_10_1 | authority-files/variants.xml und lexicon.xml (Stand des Laufs)
dŏrfer;lemma_1201;1;ANLEGEN;"[klar] Entschieden an den Belegen: Lemma lemma_1201 dorf (NOM) passt in 'durch ire mageschefte stete vnd ir [dŏrfer] . • Und do her erfullet hette zu te' (WZB_234ra_29_5). Nächste vorhandene Variante desselben Lemmas: 'dörfer' (Unterschied ŏ/ö). Die normalisierte Form löst heute schon auf dieses Lemma auf; der Typ hält die Schreibung fest.";WZB-Belege (insgesamt 1): WZB_234ra_29_5 | authority-files/variants.xml und lexicon.xml (Stand des Laufs)
