xml_id;schreibung;lemma;typ;entscheidung;datei
WZB_179ra_5_5b;allen;lemma_106;type_260;VERKNUEPFEN;entscheidungen-nachtrag.csv
WZB_28rb_12_4;blŏde;lemma_764;type_372393;ANLEGEN;entscheidungen-nachtrag.csv
WZB_49vb_11_1;bŏse;lemma_788;type_372394;ANLEGEN;entscheidungen-nachtrag.csv
WZB_184ra_14_0;bŏse;lemma_788;type_372394;ANLEGEN;entscheidungen-nachtrag.csv
WZB_40ra_24_4;bŏsen;lemma_788;type_372395;ANLEGEN;entscheidungen-nachtrag.csv
WZB_127rb_15_6;bŏsen;lemma_788;type_372395;ANLEGEN;entscheidungen-nachtrag.csv
WZB_176ra_11_1;bŏsen;lemma_788;type_372395;ANLEGEN;entscheidungen-nachtrag.csv
WZB_192rb_5_0;bŏser;lemma_788;type_372396;ANLEGEN;entscheidungen-nachtrag.csv
WZB_7ra_27_3;bŏsten;lemma_788;type_372397;ANLEGEN;entscheidungen-nachtrag.csv
WZB_77va_23_1;bŏzen;lemma_788;type_372398;ANLEGEN;entscheidungen-nachtrag.csv
WZB_55rb_23_13b;cetera;lemma_33125;type_172354;VERKNUEPFEN;entscheidungen-nachtrag.csv
WZB_222ra_19_2b;czoch;lemma_7861;type_95154;VERKNUEPFEN;entscheidungen-nachtrag.csv
WZB_177ra_5_7;czŭgen;lemma_7861;type_372399;ANLEGEN;entscheidungen-nachtrag.csv
WZB_165vb_33_1b;den;lemma_1119;type_3506;VERKNUEPFEN;entscheidungen-nachtrag.csv
WZB_143vb_10_4b;einem;lemma_1331;type_4321;VERKNUEPFEN;entscheidungen-nachtrag.csv
WZB_184ra_15_6;einfŭren;lemma_46217;type_372400;ANLEGEN;entscheidungen-nachtrag.csv
WZB_158va_11_5;er;lemma_1517;type_4999;VERKNUEPFEN;entscheidungen-nachtrag.csv
WZB_127rb_20_1b;euch;lemma_56117;type_304773;VERKNUEPFEN;entscheidungen-nachtrag.csv
WZB_158va_11_5b;gabe;lemma_1839;type_81477;VERKNUEPFEN;entscheidungen-nachtrag.csv
WZB_182vb_15_6;gefŭret;lemma_7283;type_372401;ANLEGEN;entscheidungen-nachtrag.csv
WZB_183rb_19_2;gefŭret;lemma_7283;type_372401;ANLEGEN;entscheidungen-nachtrag.csv
WZB_57ra_6_1;gehŏrn;lemma_2885;type_372402;ANLEGEN;entscheidungen-nachtrag.csv
WZB_209va_13_2;gehŏrn;lemma_2885;type_372402;ANLEGEN;entscheidungen-nachtrag.csv
WZB_65ra_27_3;gehŏrt;lemma_2885;type_372403;ANLEGEN;entscheidungen-nachtrag.csv
WZB_182ra_17_4;geprŭfet;lemma_4744;type_372404;ANLEGEN;entscheidungen-nachtrag.csv
WZB_114ra_17_6;getŏtten;lemma_6133;type_372405;ANLEGEN;entscheidungen-nachtrag.csv
WZB_154rb_14_4b;got;lemma_2465;type_8253;VERKNUEPFEN;entscheidungen-nachtrag.csv
WZB_124rb_8_4b;gote;lemma_2465;type_8254;VERKNUEPFEN;entscheidungen-nachtrag.csv
WZB_14va_13_4;grŏslich;lemma_2536;type_372406;ANLEGEN;entscheidungen-nachtrag.csv
WZB_10rb_9_3;grŏsseren;lemma_2534;type_372407;ANLEGEN;entscheidungen-nachtrag.csv
WZB_68ra_14_3;grŏze;lemma_2534;type_372408;ANLEGEN;entscheidungen-nachtrag.csv
WZB_179ra_5_5;her;lemma_1517;type_78594;VERKNUEPFEN;entscheidungen-nachtrag.csv
WZB_154rb_14_4;herre;lemma_2684;type_9039;VERKNUEPFEN;entscheidungen-nachtrag.csv
WZB_124rb_8_4;herren;lemma_2684;type_9040;VERKNUEPFEN;entscheidungen-nachtrag.csv
WZB_13rb_3_2;hŏchste;lemma_2866;type_372409;ANLEGEN;entscheidungen-nachtrag.csv
WZB_210va_37_1;hŏchste;lemma_2866;type_372409;ANLEGEN;entscheidungen-nachtrag.csv
WZB_8ra_35_0;hŏher;lemma_2866;type_372410;ANLEGEN;entscheidungen-nachtrag.csv
WZB_13ra_32_4;hŏhsten;lemma_2866;type_372411;ANLEGEN;entscheidungen-nachtrag.csv
WZB_13ra_35_0;hŏhsten;lemma_2866;type_372411;ANLEGEN;entscheidungen-nachtrag.csv
WZB_18va_2_5;hŏrende;lemma_2885;type_372412;ANLEGEN;entscheidungen-nachtrag.csv
WZB_196rb_36_7;hŏrende;lemma_2885;type_372412;ANLEGEN;entscheidungen-nachtrag.csv
WZB_1vb_25_3;hŏrent;lemma_2885;type_372413;ANLEGEN;entscheidungen-nachtrag.csv
WZB_37vb_30_6;hŏrn;lemma_2885;type_372414;ANLEGEN;entscheidungen-nachtrag.csv
WZB_74ra_6_4;hŏrn;lemma_2885;type_372414;ANLEGEN;entscheidungen-nachtrag.csv
WZB_69va_2_2;in;lemma_3028;type_10369;VERKNUEPFEN;entscheidungen-nachtrag.csv
WZB_119rb_13_4;in;lemma_3028;type_10369;VERKNUEPFEN;entscheidungen-nachtrag.csv
WZB_227ra_19_1;in;lemma_3028;type_10369;VERKNUEPFEN;entscheidungen-nachtrag.csv
WZB_119va_21_2b;ir;lemma_56117;type_304747;VERKNUEPFEN;entscheidungen-nachtrag.csv
WZB_219va_16_0;ire;lemma_5454;type_82542;VERKNUEPFEN;entscheidungen-nachtrag.csv
WZB_162vb_9_1b;iren;lemma_5454;type_82545;VERKNUEPFEN;entscheidungen-nachtrag.csv
WZB_108vb_7_5;mŏcht;lemma_4240;type_372415;ANLEGEN;entscheidungen-nachtrag.csv
WZB_159ra_11_3;mŏcht;lemma_4240;type_372415;ANLEGEN;entscheidungen-nachtrag.csv
WZB_24va_12_1;mŏchte;lemma_4240;type_372416;ANLEGEN;entscheidungen-nachtrag.csv
WZB_206rb_16_3;mŏchte;lemma_4240;type_372416;ANLEGEN;entscheidungen-nachtrag.csv
WZB_137vb_12_4;mŏrser;lemma_26724;type_372417;ANLEGEN;entscheidungen-nachtrag.csv
WZB_154va_17_4;mŭge;lemma_4240;type_372418;ANLEGEN;entscheidungen-nachtrag.csv
WZB_182rb_10_0;mŭge;lemma_4240;type_372418;ANLEGEN;entscheidungen-nachtrag.csv
WZB_173vb_17_2;mŭgen;lemma_4240;type_372419;ANLEGEN;entscheidungen-nachtrag.csv
WZB_144ra_8_3;pŏsem;lemma_788;type_372420;ANLEGEN;entscheidungen-nachtrag.csv
WZB_205ra_5_2;pŏser;lemma_788;type_372421;ANLEGEN;entscheidungen-nachtrag.csv
WZB_33rb_9_3;rŏte;lemma_10840;type_372422;ANLEGEN;entscheidungen-nachtrag.csv
WZB_205va_30_2;rŏte;lemma_10840;type_372422;ANLEGEN;entscheidungen-nachtrag.csv
WZB_40ra_19_2;schŏnes;lemma_5280;type_372423;ANLEGEN;entscheidungen-nachtrag.csv
WZB_153ra_6_9;schŏnste;lemma_5280;type_372424;ANLEGEN;entscheidungen-nachtrag.csv
WZB_153va_5_4;schŭten;lemma_5328;type_372425;ANLEGEN;entscheidungen-nachtrag.csv
WZB_69va_2_2b;seiner;lemma_1517;type_86291;VERKNUEPFEN;entscheidungen-nachtrag.csv
WZB_135va_15_0b;sie;lemma_5454;type_19044;VERKNUEPFEN;entscheidungen-nachtrag.csv
WZB_178ra_32_6;slŭgen;lemma_5525;type_372426;ANLEGEN;entscheidungen-nachtrag.csv
WZB_155vb_8_0;stŭrben;lemma_5752;type_372427;ANLEGEN;entscheidungen-nachtrag.csv
WZB_148va_2_2;sŭzem;lemma_5864;type_372428;ANLEGEN;entscheidungen-nachtrag.csv
WZB_219va_16_0b;teil;lemma_6041;type_21278;VERKNUEPFEN;entscheidungen-nachtrag.csv
WZB_119rb_13_4b;trovme;lemma_6239;type_99490;VERKNUEPFEN;entscheidungen-nachtrag.csv
WZB_31ra_22_3;tŏrlichen;lemma_6117;type_372429;ANLEGEN;entscheidungen-nachtrag.csv
WZB_145va_5_0;tŏrlichen;lemma_6117;type_372429;ANLEGEN;entscheidungen-nachtrag.csv
WZB_31rb_2_4;tŏte;lemma_6133;type_372430;ANLEGEN;entscheidungen-nachtrag.csv
WZB_38ra_4_2;tŏte;lemma_6133;type_372430;ANLEGEN;entscheidungen-nachtrag.csv
WZB_44va_20_10;tŏte;lemma_6133;type_372430;ANLEGEN;entscheidungen-nachtrag.csv
WZB_67ra_8_5;tŏte;lemma_6133;type_372430;ANLEGEN;entscheidungen-nachtrag.csv
WZB_85ra_17_3;tŏte;lemma_6133;type_372430;ANLEGEN;entscheidungen-nachtrag.csv
WZB_101ra_6_6;tŏte;lemma_6133;type_372430;ANLEGEN;entscheidungen-nachtrag.csv
WZB_101vb_30_7;tŏte;lemma_6133;type_372430;ANLEGEN;entscheidungen-nachtrag.csv
WZB_102ra_14_2;tŏte;lemma_6133;type_372430;ANLEGEN;entscheidungen-nachtrag.csv
WZB_112vb_16_3;tŏte;lemma_6133;type_372430;ANLEGEN;entscheidungen-nachtrag.csv
WZB_153ra_35_4;tŏte;lemma_6133;type_372430;ANLEGEN;entscheidungen-nachtrag.csv
WZB_16ra_6_5;tŏtest;lemma_6133;type_372431;ANLEGEN;entscheidungen-nachtrag.csv
WZB_149vb_17_7;tŏttest;lemma_6133;type_372432;ANLEGEN;entscheidungen-nachtrag.csv
WZB_137ra_29_4;tŭ;lemma_6301;type_372433;ANLEGEN;entscheidungen-nachtrag.csv
WZB_187ra_30_8;tŭ;lemma_6301;type_372433;ANLEGEN;entscheidungen-nachtrag.csv
WZB_127rb_20_1;vor;lemma_7194;type_25545;VERKNUEPFEN;entscheidungen-nachtrag.csv
WZB_135va_15_0;vor;lemma_7194;type_25545;VERKNUEPFEN;entscheidungen-nachtrag.csv
WZB_222ra_19_2;vorwar;lemma_8989;type_80294;VERKNUEPFEN;entscheidungen-nachtrag.csv
WZB_68vb_14_2;vŏr;lemma_7194;type_372434;ANLEGEN;entscheidungen-nachtrag.csv
WZB_129ra_15_6;vŏr;lemma_7194;type_372434;ANLEGEN;entscheidungen-nachtrag.csv
WZB_224va_36_1;vŏr;lemma_7194;type_372434;ANLEGEN;entscheidungen-nachtrag.csv
WZB_47va_2_5;vŏrcht;lemma_7298;type_372435;ANLEGEN;entscheidungen-nachtrag.csv
WZB_75ra_2_6;vŏrchtet;lemma_7298;type_372436;ANLEGEN;entscheidungen-nachtrag.csv
WZB_181va_2_5;vŏrchtet;lemma_7298;type_372436;ANLEGEN;entscheidungen-nachtrag.csv
WZB_119va_21_2;wenne;lemma_7385;type_31024;VERKNUEPFEN;entscheidungen-nachtrag.csv
WZB_176ra_31_0;wŭrden;lemma_7489;type_372437;ANLEGEN;entscheidungen-nachtrag.csv
WZB_162vb_9_1;zu;lemma_7770;type_31260;VERKNUEPFEN;entscheidungen-nachtrag.csv
WZB_165vb_33_1;zu;lemma_7770;type_31260;VERKNUEPFEN;entscheidungen-nachtrag.csv
WZB_44vb_26_2;ŏrdenlich;lemma_4497;type_372438;ANLEGEN;entscheidungen-nachtrag.csv
WZB_136vb_22_2;ŏsterlichen;lemma_4451;type_372439;ANLEGEN;entscheidungen-nachtrag.csv
WZB_23vb_37_0;ŭmb;lemma_6422;type_372440;ANLEGEN;entscheidungen-nachtrag.csv
WZB_31va_3_5;ŭmb;lemma_6422;type_372440;ANLEGEN;entscheidungen-nachtrag.csv
WZB_33rb_31_4;ŭmb;lemma_6422;type_372440;ANLEGEN;entscheidungen-nachtrag.csv
WZB_127vb_5_0;ŭmme;lemma_6422;type_372441;ANLEGEN;entscheidungen-nachtrag.csv
WZB_164ra_5_4;ŭmme;lemma_6422;type_372441;ANLEGEN;entscheidungen-nachtrag.csv
WZB_218rb_16_0;ŭmme;lemma_6422;type_372441;ANLEGEN;entscheidungen-nachtrag.csv
WZB_118va_26_2;abgŏten;lemma_39;type_372442;ANLEGEN;entscheidungen.csv
WZB_127ra_26_2;abtgote;lemma_39;type_372443;ANLEGEN;entscheidungen.csv
WZB_160vb_6_0;abtgote;lemma_39;type_372443;ANLEGEN;entscheidungen.csv
WZB_171va_31_3;abtgote;lemma_39;type_372443;ANLEGEN;entscheidungen.csv
WZB_184rb_32_0;abtgote;lemma_39;type_372443;ANLEGEN;entscheidungen.csv
WZB_188vb_33_2;abtgote;lemma_39;type_372443;ANLEGEN;entscheidungen.csv
WZB_18va_27_6;achsil;lemma_92;type_372444;ANLEGEN;entscheidungen.csv
WZB_21ra_35_2;achsil;lemma_92;type_372444;ANLEGEN;entscheidungen.csv
WZB_21rb_12_0;achsil;lemma_92;type_372444;ANLEGEN;entscheidungen.csv
WZB_21va_9_1;achsil;lemma_92;type_372444;ANLEGEN;entscheidungen.csv
WZB_21va_36_1;achsil;lemma_92;type_372444;ANLEGEN;entscheidungen.csv
WZB_22rb_3_5;achsil;lemma_92;type_372444;ANLEGEN;entscheidungen.csv
WZB_22rb_8_3;achsil;lemma_92;type_372444;ANLEGEN;entscheidungen.csv
WZB_22rb_17_4;achsil;lemma_92;type_372444;ANLEGEN;entscheidungen.csv
WZB_39rb_29_2;achsil;lemma_92;type_372444;ANLEGEN;entscheidungen.csv
WZB_39va_36_4;achsil;lemma_92;type_372444;ANLEGEN;entscheidungen.csv
WZB_51vb_29_3;achsil;lemma_92;type_372444;ANLEGEN;entscheidungen.csv
WZB_93ra_6_2;achsil;lemma_92;type_372444;ANLEGEN;entscheidungen.csv
WZB_169ra_6_6;achsil;lemma_92;type_372444;ANLEGEN;entscheidungen.csv
WZB_129ra_22_0;achtunge;lemma_24378;type_372445;ANLEGEN;entscheidungen.csv
WZB_129rb_10_1;achtunge;lemma_24378;type_372445;ANLEGEN;entscheidungen.csv
WZB_129va_9_2;achtunge;lemma_24378;type_372445;ANLEGEN;entscheidungen.csv
WZB_129va_33_1;achtunge;lemma_24378;type_372445;ANLEGEN;entscheidungen.csv
WZB_129vb_7_0;achtunge;lemma_24378;type_372445;ANLEGEN;entscheidungen.csv
WZB_29ra_18_5;alraunen;lemma_31502;type_372446;ANLEGEN;entscheidungen.csv
WZB_29ra_21_5;alraunen;lemma_31502;type_372446;ANLEGEN;entscheidungen.csv
WZB_29ra_25_6;alraunen;lemma_31502;type_372446;ANLEGEN;entscheidungen.csv
WZB_29ra_29_0;alraunen;lemma_31502;type_372446;ANLEGEN;entscheidungen.csv
WZB_29ra_30_4;alraunen;lemma_31502;type_372446;ANLEGEN;entscheidungen.csv
WZB_29rb_2_2;alraunen;lemma_31502;type_372446;ANLEGEN;entscheidungen.csv
WZB_12ra_24_1;alters;lemma_156;type_372447;ANLEGEN;entscheidungen.csv
WZB_82ra_34_3;alters;lemma_156;type_372447;ANLEGEN;entscheidungen.csv
WZB_82rb_10_0;alters;lemma_156;type_372447;ANLEGEN;entscheidungen.csv
WZB_82rb_11_5;alters;lemma_156;type_372447;ANLEGEN;entscheidungen.csv
WZB_82rb_12_4;alters;lemma_156;type_372447;ANLEGEN;entscheidungen.csv
WZB_82rb_17_2;alters;lemma_156;type_372447;ANLEGEN;entscheidungen.csv
WZB_85rb_3_4;alters;lemma_156;type_372447;ANLEGEN;entscheidungen.csv
WZB_95vb_8_1;alters;lemma_156;type_372447;ANLEGEN;entscheidungen.csv
WZB_95vb_15_6;alters;lemma_156;type_372447;ANLEGEN;entscheidungen.csv
WZB_98vb_8_2;alters;lemma_156;type_372447;ANLEGEN;entscheidungen.csv
WZB_99rb_5_2;alters;lemma_156;type_372447;ANLEGEN;entscheidungen.csv
WZB_99va_7_1;alters;lemma_156;type_372447;ANLEGEN;entscheidungen.csv
WZB_99va_35_0;alters;lemma_156;type_372447;ANLEGEN;entscheidungen.csv
WZB_100rb_28_4;alters;lemma_156;type_372447;ANLEGEN;entscheidungen.csv
WZB_100va_21_2;alters;lemma_156;type_372447;ANLEGEN;entscheidungen.csv
WZB_100vb_8_2;alters;lemma_156;type_372447;ANLEGEN;entscheidungen.csv
WZB_101ra_17_0;alters;lemma_156;type_372447;ANLEGEN;entscheidungen.csv
WZB_101ra_22_5;alters;lemma_156;type_372447;ANLEGEN;entscheidungen.csv
WZB_101va_14_3;alters;lemma_156;type_372447;ANLEGEN;entscheidungen.csv
WZB_101va_18_5;alters;lemma_156;type_372447;ANLEGEN;entscheidungen.csv
WZB_101vb_13_2;alters;lemma_156;type_372447;ANLEGEN;entscheidungen.csv
WZB_101vb_35_1;alters;lemma_156;type_372447;ANLEGEN;entscheidungen.csv
WZB_102va_23_3;alters;lemma_156;type_372447;ANLEGEN;entscheidungen.csv
WZB_104ra_35_0;alters;lemma_156;type_372447;ANLEGEN;entscheidungen.csv
WZB_105vb_16_5;alters;lemma_156;type_372447;ANLEGEN;entscheidungen.csv
WZB_106ra_18_1;alters;lemma_156;type_372447;ANLEGEN;entscheidungen.csv
WZB_107rb_5_4;alters;lemma_156;type_372447;ANLEGEN;entscheidungen.csv
WZB_107rb_18_4;alters;lemma_156;type_372447;ANLEGEN;entscheidungen.csv
WZB_115vb_30_5;alters;lemma_156;type_372447;ANLEGEN;entscheidungen.csv
WZB_133va_19_4;alters;lemma_156;type_372447;ANLEGEN;entscheidungen.csv
WZB_133svb_29_3;alters;lemma_156;type_372447;ANLEGEN;entscheidungen.csv
WZB_137va_28_5;alters;lemma_156;type_372447;ANLEGEN;entscheidungen.csv
WZB_137va_34_5;alters;lemma_156;type_372447;ANLEGEN;entscheidungen.csv
WZB_139vb_31_4;alters;lemma_156;type_372447;ANLEGEN;entscheidungen.csv
WZB_140ra_25_1;alters;lemma_156;type_372447;ANLEGEN;entscheidungen.csv
WZB_152ra_8_0;alters;lemma_156;type_372447;ANLEGEN;entscheidungen.csv
WZB_152ra_17_2;alters;lemma_156;type_372447;ANLEGEN;entscheidungen.csv
WZB_223va_29_0;alters;lemma_156;type_372447;ANLEGEN;entscheidungen.csv
WZB_104vb_19_1;anruret;lemma_20574;type_372448;ANLEGEN;entscheidungen.csv
WZB_109va_14_1;anruret;lemma_20574;type_372448;ANLEGEN;entscheidungen.csv
WZB_109va_18_2;anruret;lemma_20574;type_372448;ANLEGEN;entscheidungen.csv
WZB_114rb_19_1;anruret;lemma_20574;type_372448;ANLEGEN;entscheidungen.csv
WZB_114va_8_0;anruret;lemma_20574;type_372448;ANLEGEN;entscheidungen.csv
WZB_114va_32_5;anruret;lemma_20574;type_372448;ANLEGEN;entscheidungen.csv
WZB_115ra_10_1;anruret;lemma_20574;type_372448;ANLEGEN;entscheidungen.csv
WZB_168ra_14_3;anruret;lemma_20574;type_372448;ANLEGEN;entscheidungen.csv
WZB_17ra_14_0;barmherczicheit;lemma_36009;type_372449;ANLEGEN;entscheidungen.csv
WZB_18ra_33_1;barmherczicheit;lemma_36009;type_372449;ANLEGEN;entscheidungen.csv
WZB_18vb_34_3;barmherczicheit;lemma_36009;type_372449;ANLEGEN;entscheidungen.csv
WZB_21ra_13_1;barmherczicheit;lemma_36009;type_372449;ANLEGEN;entscheidungen.csv
WZB_21ra_27_2;barmherczicheit;lemma_36009;type_372449;ANLEGEN;entscheidungen.csv
WZB_21va_26_0;barmherczicheit;lemma_36009;type_372449;ANLEGEN;entscheidungen.csv
WZB_22va_7_3;barmherczicheit;lemma_36009;type_372449;ANLEGEN;entscheidungen.csv
WZB_32va_19_5;barmherczicheit;lemma_36009;type_372449;ANLEGEN;entscheidungen.csv
WZB_41ra_35_6;barmherczicheit;lemma_36009;type_372449;ANLEGEN;entscheidungen.csv
WZB_50va_2_6;barmherczicheit;lemma_36009;type_372449;ANLEGEN;entscheidungen.csv
WZB_69rb_5_2;barmherczicheit;lemma_36009;type_372449;ANLEGEN;entscheidungen.csv
WZB_74va_7_7;barmherczicheit;lemma_36009;type_372449;ANLEGEN;entscheidungen.csv
WZB_91rb_7_1;barmherczicheit;lemma_36009;type_372449;ANLEGEN;entscheidungen.csv
WZB_147ra_35_2;barmherczicheit;lemma_36009;type_372449;ANLEGEN;entscheidungen.csv
WZB_147rb_9_0;barmherczicheit;lemma_36009;type_372449;ANLEGEN;entscheidungen.csv
WZB_181va_23_2;barmherczicheit;lemma_36009;type_372449;ANLEGEN;entscheidungen.csv
WZB_183vb_16_3;barmherczicheit;lemma_36009;type_372449;ANLEGEN;entscheidungen.csv
WZB_183vb_32_1;barmherczicheit;lemma_36009;type_372449;ANLEGEN;entscheidungen.csv
WZB_92rb_15_8;bedakte;lemma_433;type_372450;ANLEGEN;entscheidungen.csv
WZB_94va_9_3;bedakte;lemma_433;type_372450;ANLEGEN;entscheidungen.csv
WZB_94va_28_3;bedakte;lemma_433;type_372450;ANLEGEN;entscheidungen.csv
WZB_98vb_11_4;bedakte;lemma_433;type_372450;ANLEGEN;entscheidungen.csv
WZB_98vb_16_5;bedakte;lemma_433;type_372450;ANLEGEN;entscheidungen.csv
WZB_98vb_19_5;bedakte;lemma_433;type_372450;ANLEGEN;entscheidungen.csv
WZB_105va_23_5;bedakte;lemma_433;type_372450;ANLEGEN;entscheidungen.csv
WZB_141vb_10_5;bedakte;lemma_433;type_372450;ANLEGEN;entscheidungen.csv
WZB_215ra_12_3;bedakte;lemma_433;type_372450;ANLEGEN;entscheidungen.csv
WZB_238vb_5_3;bedakte;lemma_433;type_372450;ANLEGEN;entscheidungen.csv
WZB_82va_33_1;behaldende;lemma_453;type_372451;ANLEGEN;entscheidungen.csv
WZB_137vb_7_3;behaldende;lemma_453;type_372451;ANLEGEN;entscheidungen.csv
WZB_138va_21_1;behaldende;lemma_453;type_372451;ANLEGEN;entscheidungen.csv
WZB_153ra_19_4;behaldende;lemma_453;type_372451;ANLEGEN;entscheidungen.csv
WZB_185vb_12_4;behaldende;lemma_453;type_372451;ANLEGEN;entscheidungen.csv
WZB_198vb_29_1;behaldende;lemma_453;type_372451;ANLEGEN;entscheidungen.csv
WZB_182va_19_3;behutest;lemma_467;type_372452;ANLEGEN;entscheidungen.csv
WZB_183vb_29_8;behutest;lemma_467;type_372452;ANLEGEN;entscheidungen.csv
WZB_187rb_4_4;behutest;lemma_467;type_372452;ANLEGEN;entscheidungen.csv
WZB_192ra_22_0;behutest;lemma_467;type_372452;ANLEGEN;entscheidungen.csv
WZB_196ra_18_1;behutest;lemma_467;type_372452;ANLEGEN;entscheidungen.csv
WZB_203rb_5_4;behutest;lemma_467;type_372452;ANLEGEN;entscheidungen.csv
WZB_203rb_20_0;behutest;lemma_467;type_372452;ANLEGEN;entscheidungen.csv
WZB_204rb_10_2;behutest;lemma_467;type_372452;ANLEGEN;entscheidungen.csv
WZB_204va_9_0;behutest;lemma_467;type_372452;ANLEGEN;entscheidungen.csv
WZB_204vb_2_3;behutest;lemma_467;type_372452;ANLEGEN;entscheidungen.csv
WZB_204vb_10_3;behutest;lemma_467;type_372452;ANLEGEN;entscheidungen.csv
WZB_206rb_35_4;behutest;lemma_467;type_372452;ANLEGEN;entscheidungen.csv
WZB_208va_8_3;behutest;lemma_467;type_372452;ANLEGEN;entscheidungen.csv
WZB_208vb_7_0;behutest;lemma_467;type_372452;ANLEGEN;entscheidungen.csv
WZB_214rb_11_0;behutest;lemma_467;type_372452;ANLEGEN;entscheidungen.csv
WZB_214rb_19_5;behutest;lemma_467;type_372452;ANLEGEN;entscheidungen.csv
WZB_183vb_6_6;behŭt;lemma_467;type_372453;ANLEGEN;entscheidungen.csv
WZB_13va_14_0;benvmet;lemma_516;type_372454;ANLEGEN;entscheidungen.csv
WZB_54va_26_5;benvmet;lemma_516;type_372454;ANLEGEN;entscheidungen.csv
WZB_82va_29_2;benvmet;lemma_516;type_372454;ANLEGEN;entscheidungen.csv
WZB_147vb_7_1;benvmet;lemma_516;type_372454;ANLEGEN;entscheidungen.csv
WZB_173va_32_6;benvmet;lemma_516;type_372454;ANLEGEN;entscheidungen.csv
WZB_61vb_13_6;besasen;lemma_582;type_372455;ANLEGEN;entscheidungen.csv
WZB_156va_7_5;besasen;lemma_582;type_372455;ANLEGEN;entscheidungen.csv
WZB_156vb_9_3;besasen;lemma_582;type_372455;ANLEGEN;entscheidungen.csv
WZB_157ra_7_3;besasen;lemma_582;type_372455;ANLEGEN;entscheidungen.csv
WZB_181ra_19_2;besasen;lemma_582;type_372455;ANLEGEN;entscheidungen.csv
WZB_217va_17_3;besasen;lemma_582;type_372455;ANLEGEN;entscheidungen.csv
WZB_231va_6_0;besasen;lemma_582;type_372455;ANLEGEN;entscheidungen.csv
WZB_233ra_29_0;besasen;lemma_582;type_372455;ANLEGEN;entscheidungen.csv
WZB_234ra_24_0;besasen;lemma_582;type_372455;ANLEGEN;entscheidungen.csv
WZB_236ra_11_5;besasen;lemma_582;type_372455;ANLEGEN;entscheidungen.csv
WZB_77va_30_7;besee;lemma_61071;type_372456;ANLEGEN;entscheidungen.csv
WZB_119ra_15_1;besee;lemma_61071;type_372456;ANLEGEN;entscheidungen.csv
WZB_125rb_21_5;besee;lemma_61071;type_372456;ANLEGEN;entscheidungen.csv
WZB_125rb_27_6;besee;lemma_61071;type_372456;ANLEGEN;entscheidungen.csv
WZB_199ra_2_5;besee;lemma_61071;type_372456;ANLEGEN;entscheidungen.csv
WZB_47va_31_4;besiczest;lemma_582;type_372457;ANLEGEN;entscheidungen.csv
WZB_47vb_3_2;besiczest;lemma_582;type_372457;ANLEGEN;entscheidungen.csv
WZB_78rb_33_0;besiczest;lemma_582;type_372457;ANLEGEN;entscheidungen.csv
WZB_183ra_20_3;besiczest;lemma_582;type_372457;ANLEGEN;entscheidungen.csv
WZB_185rb_23_2;besiczest;lemma_582;type_372457;ANLEGEN;entscheidungen.csv
WZB_185va_14_3;besiczest;lemma_582;type_372457;ANLEGEN;entscheidungen.csv
WZB_188vb_22_4;besiczest;lemma_582;type_372457;ANLEGEN;entscheidungen.csv
WZB_190ra_13_1;besiczest;lemma_582;type_372457;ANLEGEN;entscheidungen.csv
WZB_193vb_8_2;besiczest;lemma_582;type_372457;ANLEGEN;entscheidungen.csv
WZB_194rb_31_6;besiczest;lemma_582;type_372457;ANLEGEN;entscheidungen.csv
WZB_195va_29_0;besiczest;lemma_582;type_372457;ANLEGEN;entscheidungen.csv
WZB_14va_26_2;besiczunge;lemma_44139;type_372458;ANLEGEN;entscheidungen.csv
WZB_20rb_15_5;besiczunge;lemma_44139;type_372458;ANLEGEN;entscheidungen.csv
WZB_20va_19_2;besiczunge;lemma_44139;type_372458;ANLEGEN;entscheidungen.csv
WZB_20va_28_7;besiczunge;lemma_44139;type_372458;ANLEGEN;entscheidungen.csv
WZB_49vb_17_4;besiczunge;lemma_44139;type_372458;ANLEGEN;entscheidungen.csv
WZB_50rb_4_3;besiczunge;lemma_44139;type_372458;ANLEGEN;entscheidungen.csv
WZB_50va_35_3;besiczunge;lemma_44139;type_372458;ANLEGEN;entscheidungen.csv
WZB_52rb_16_0;besiczunge;lemma_44139;type_372458;ANLEGEN;entscheidungen.csv
WZB_52vb_25_4;besiczunge;lemma_44139;type_372458;ANLEGEN;entscheidungen.csv
WZB_113va_16_4;besiczunge;lemma_44139;type_372458;ANLEGEN;entscheidungen.csv
WZB_125va_25_4;besiczunge;lemma_44139;type_372458;ANLEGEN;entscheidungen.csv
WZB_126rb_4_3;besiczunge;lemma_44139;type_372458;ANLEGEN;entscheidungen.csv
WZB_129rb_23_4;besiczunge;lemma_44139;type_372458;ANLEGEN;entscheidungen.csv
WZB_129va_32_3;besiczunge;lemma_44139;type_372458;ANLEGEN;entscheidungen.csv
WZB_152vb_3_2;besiczunge;lemma_44139;type_372458;ANLEGEN;entscheidungen.csv
WZB_160va_2_6;besiczunge;lemma_44139;type_372458;ANLEGEN;entscheidungen.csv
WZB_163ra_32_0;besiczunge;lemma_44139;type_372458;ANLEGEN;entscheidungen.csv
WZB_163rb_34_1;besiczunge;lemma_44139;type_372458;ANLEGEN;entscheidungen.csv
WZB_169rb_23_4;besiczunge;lemma_44139;type_372458;ANLEGEN;entscheidungen.csv
WZB_169vb_22_3;besiczunge;lemma_44139;type_372458;ANLEGEN;entscheidungen.csv
WZB_170rb_10_0;besiczunge;lemma_44139;type_372458;ANLEGEN;entscheidungen.csv
WZB_171vb_4_2;besiczunge;lemma_44139;type_372458;ANLEGEN;entscheidungen.csv
WZB_171vb_12_2;besiczunge;lemma_44139;type_372458;ANLEGEN;entscheidungen.csv
WZB_173vb_26_4;besiczunge;lemma_44139;type_372458;ANLEGEN;entscheidungen.csv
WZB_174rb_13_1;besiczunge;lemma_44139;type_372458;ANLEGEN;entscheidungen.csv
WZB_174rb_31_1;besiczunge;lemma_44139;type_372458;ANLEGEN;entscheidungen.csv
WZB_176va_33_3;besiczunge;lemma_44139;type_372458;ANLEGEN;entscheidungen.csv
WZB_177ra_3_1;besiczunge;lemma_44139;type_372458;ANLEGEN;entscheidungen.csv
WZB_178vb_33_0;besiczunge;lemma_44139;type_372458;ANLEGEN;entscheidungen.csv
WZB_187ra_17_0;besiczunge;lemma_44139;type_372458;ANLEGEN;entscheidungen.csv
WZB_187ra_19_0;besiczunge;lemma_44139;type_372458;ANLEGEN;entscheidungen.csv
WZB_189rb_5_4;besiczunge;lemma_44139;type_372458;ANLEGEN;entscheidungen.csv
WZB_189rb_31_1;besiczunge;lemma_44139;type_372458;ANLEGEN;entscheidungen.csv
WZB_191vb_21_0;besiczunge;lemma_44139;type_372458;ANLEGEN;entscheidungen.csv
WZB_191vb_28_1;besiczunge;lemma_44139;type_372458;ANLEGEN;entscheidungen.csv
WZB_192ra_19_3;besiczunge;lemma_44139;type_372458;ANLEGEN;entscheidungen.csv
WZB_195va_34_3;besiczunge;lemma_44139;type_372458;ANLEGEN;entscheidungen.csv
WZB_197rb_10_8;besiczunge;lemma_44139;type_372458;ANLEGEN;entscheidungen.csv
WZB_198va_32_4;besiczunge;lemma_44139;type_372458;ANLEGEN;entscheidungen.csv
WZB_214va_24_3;besiczunge;lemma_44139;type_372458;ANLEGEN;entscheidungen.csv
WZB_227ra_27_3;besiczunge;lemma_44139;type_372458;ANLEGEN;entscheidungen.csv
WZB_227rb_5_4;besiczunge;lemma_44139;type_372458;ANLEGEN;entscheidungen.csv
WZB_227vb_11_1;besiczunge;lemma_44139;type_372458;ANLEGEN;entscheidungen.csv
WZB_228ra_21_0;besiczunge;lemma_44139;type_372458;ANLEGEN;entscheidungen.csv
WZB_228ra_25_1;besiczunge;lemma_44139;type_372458;ANLEGEN;entscheidungen.csv
WZB_228rb_22_9;besiczunge;lemma_44139;type_372458;ANLEGEN;entscheidungen.csv
WZB_228rb_26_3;besiczunge;lemma_44139;type_372458;ANLEGEN;entscheidungen.csv
WZB_228va_11_0;besiczunge;lemma_44139;type_372458;ANLEGEN;entscheidungen.csv
WZB_228va_16_1;besiczunge;lemma_44139;type_372458;ANLEGEN;entscheidungen.csv
WZB_228va_27_4;besiczunge;lemma_44139;type_372458;ANLEGEN;entscheidungen.csv
WZB_228vb_2_2;besiczunge;lemma_44139;type_372458;ANLEGEN;entscheidungen.csv
WZB_228vb_17_1;besiczunge;lemma_44139;type_372458;ANLEGEN;entscheidungen.csv
WZB_229ra_15_6;besiczunge;lemma_44139;type_372458;ANLEGEN;entscheidungen.csv
WZB_229rb_8_0;besiczunge;lemma_44139;type_372458;ANLEGEN;entscheidungen.csv
WZB_230rb_4_2;besiczunge;lemma_44139;type_372458;ANLEGEN;entscheidungen.csv
WZB_230vb_27_1;besiczunge;lemma_44139;type_372458;ANLEGEN;entscheidungen.csv
WZB_231rb_14_4;besiczunge;lemma_44139;type_372458;ANLEGEN;entscheidungen.csv
WZB_231va_25_3;besiczunge;lemma_44139;type_372458;ANLEGEN;entscheidungen.csv
WZB_231vb_25_0;besiczunge;lemma_44139;type_372458;ANLEGEN;entscheidungen.csv
WZB_232ra_22_3;besiczunge;lemma_44139;type_372458;ANLEGEN;entscheidungen.csv
WZB_232rb_13_0;besiczunge;lemma_44139;type_372458;ANLEGEN;entscheidungen.csv
WZB_232vb_29_2;besiczunge;lemma_44139;type_372458;ANLEGEN;entscheidungen.csv
WZB_233ra_10_3;besiczunge;lemma_44139;type_372458;ANLEGEN;entscheidungen.csv
WZB_233ra_16_1;besiczunge;lemma_44139;type_372458;ANLEGEN;entscheidungen.csv
WZB_233ra_26_2;besiczunge;lemma_44139;type_372458;ANLEGEN;entscheidungen.csv
WZB_233rb_6_1;besiczunge;lemma_44139;type_372458;ANLEGEN;entscheidungen.csv
WZB_233va_6_0;besiczunge;lemma_44139;type_372458;ANLEGEN;entscheidungen.csv
WZB_233va_32_8;besiczunge;lemma_44139;type_372458;ANLEGEN;entscheidungen.csv
WZB_234ra_5_1;besiczunge;lemma_44139;type_372458;ANLEGEN;entscheidungen.csv
WZB_234ra_11_4;besiczunge;lemma_44139;type_372458;ANLEGEN;entscheidungen.csv
WZB_234ra_27_5;besiczunge;lemma_44139;type_372458;ANLEGEN;entscheidungen.csv
WZB_234ra_33_2;besiczunge;lemma_44139;type_372458;ANLEGEN;entscheidungen.csv
WZB_235va_3_1;besiczunge;lemma_44139;type_372458;ANLEGEN;entscheidungen.csv
WZB_236ra_4_11;besiczunge;lemma_44139;type_372458;ANLEGEN;entscheidungen.csv
WZB_236rb_6_1;besiczunge;lemma_44139;type_372458;ANLEGEN;entscheidungen.csv
WZB_236va_10_1;besiczunge;lemma_44139;type_372458;ANLEGEN;entscheidungen.csv
WZB_237ra_2_2;besiczunge;lemma_44139;type_372458;ANLEGEN;entscheidungen.csv
WZB_239vb_18_1;besiczunge;lemma_44139;type_372458;ANLEGEN;entscheidungen.csv
WZB_50vb_10_4;besiczungen;lemma_44139;type_372459;ANLEGEN;entscheidungen.csv
WZB_61va_33_2;besiczungen;lemma_44139;type_372459;ANLEGEN;entscheidungen.csv
WZB_61va_34_4;besiczungen;lemma_44139;type_372459;ANLEGEN;entscheidungen.csv
WZB_172vb_13_9;besiczungen;lemma_44139;type_372459;ANLEGEN;entscheidungen.csv
WZB_173ra_13_3;besiczungen;lemma_44139;type_372459;ANLEGEN;entscheidungen.csv
WZB_234rb_5_2;besiczungen;lemma_44139;type_372459;ANLEGEN;entscheidungen.csv
WZB_235ra_12_0;besiczungen;lemma_44139;type_372459;ANLEGEN;entscheidungen.csv
WZB_194vb_26_4;besiczvnge;lemma_44139;type_372460;ANLEGEN;entscheidungen.csv
WZB_226vb_2_5;besiczvnge;lemma_44139;type_372460;ANLEGEN;entscheidungen.csv
WZB_228va_32_3;besiczvnge;lemma_44139;type_372460;ANLEGEN;entscheidungen.csv
WZB_231ra_26_5;besiczvnge;lemma_44139;type_372460;ANLEGEN;entscheidungen.csv
WZB_231rb_16_7;besiczvnge;lemma_44139;type_372460;ANLEGEN;entscheidungen.csv
WZB_237va_30_4;besiczvnge;lemma_44139;type_372460;ANLEGEN;entscheidungen.csv
WZB_239va_34_5;besiczvnge;lemma_44139;type_372460;ANLEGEN;entscheidungen.csv
WZB_239vb_3_5;besiczvnge;lemma_44139;type_372460;ANLEGEN;entscheidungen.csv
WZB_14va_37_0;besneiden;lemma_586;type_372461;ANLEGEN;entscheidungen.csv
WZB_34vb_3_1;besneiden;lemma_586;type_372461;ANLEGEN;entscheidungen.csv
WZB_34vb_25_0;besneiden;lemma_586;type_372461;ANLEGEN;entscheidungen.csv
WZB_66rb_26_2;besneiden;lemma_586;type_372461;ANLEGEN;entscheidungen.csv
WZB_119rb_15_2;besneiden;lemma_586;type_372461;ANLEGEN;entscheidungen.csv
WZB_12rb_27_1;bleibende;lemma_504;type_372462;ANLEGEN;entscheidungen.csv
WZB_28va_26_3;bleibende;lemma_504;type_372462;ANLEGEN;entscheidungen.csv
WZB_112ra_17_2;bleibende;lemma_504;type_372462;ANLEGEN;entscheidungen.csv
WZB_123va_26_1;bleibende;lemma_504;type_372462;ANLEGEN;entscheidungen.csv
WZB_157rb_20_1;bleibende;lemma_504;type_372462;ANLEGEN;entscheidungen.csv
WZB_222vb_19_1;bleibende;lemma_504;type_372462;ANLEGEN;entscheidungen.csv
WZB_229ra_32_1;bleibende;lemma_504;type_372462;ANLEGEN;entscheidungen.csv
WZB_25vb_11_8;blŏse;lemma_9823;type_372463;ANLEGEN;entscheidungen.csv
WZB_52ra_28_7;brustil;lemma_909;type_372464;ANLEGEN;entscheidungen.csv
WZB_105ra_27_3;brustil;lemma_909;type_372464;ANLEGEN;entscheidungen.csv
WZB_105ra_33_1;brustil;lemma_909;type_372464;ANLEGEN;entscheidungen.csv
WZB_105rb_3_6;brustil;lemma_909;type_372464;ANLEGEN;entscheidungen.csv
WZB_106va_18_3;brustil;lemma_909;type_372464;ANLEGEN;entscheidungen.csv
WZB_108rb_34_6;brustil;lemma_909;type_372464;ANLEGEN;entscheidungen.csv
WZB_74ra_10_1;busovnen;lemma_961;type_372465;ANLEGEN;entscheidungen.csv
WZB_74ra_23_4;busovnen;lemma_961;type_372465;ANLEGEN;entscheidungen.csv
WZB_74vb_14_1;busovnen;lemma_961;type_372465;ANLEGEN;entscheidungen.csv
WZB_125va_14_3;busovnen;lemma_961;type_372465;ANLEGEN;entscheidungen.csv
WZB_142ra_28_0;busovnen;lemma_961;type_372465;ANLEGEN;entscheidungen.csv
WZB_142ra_32_2;busovnen;lemma_961;type_372465;ANLEGEN;entscheidungen.csv
WZB_142rb_10_1;busovnen;lemma_961;type_372465;ANLEGEN;entscheidungen.csv
WZB_142rb_14_4;busovnen;lemma_961;type_372465;ANLEGEN;entscheidungen.csv
WZB_142va_3_0;busovnen;lemma_961;type_372465;ANLEGEN;entscheidungen.csv
WZB_142va_9_4;busovnen;lemma_961;type_372465;ANLEGEN;entscheidungen.csv
WZB_142va_17_2;busovnen;lemma_961;type_372465;ANLEGEN;entscheidungen.csv
WZB_142va_18_1;busovnen;lemma_961;type_372465;ANLEGEN;entscheidungen.csv
WZB_167va_12_4;busovnen;lemma_961;type_372465;ANLEGEN;entscheidungen.csv
WZB_218va_3_1;busovnen;lemma_961;type_372465;ANLEGEN;entscheidungen.csv
WZB_218va_9_3;busovnen;lemma_961;type_372465;ANLEGEN;entscheidungen.csv
WZB_218va_10_5;busovnen;lemma_961;type_372465;ANLEGEN;entscheidungen.csv
WZB_218va_25_1;busovnen;lemma_961;type_372465;ANLEGEN;entscheidungen.csv
WZB_218va_33_4;busovnen;lemma_961;type_372465;ANLEGEN;entscheidungen.csv
WZB_218vb_18_2;busovnen;lemma_961;type_372465;ANLEGEN;entscheidungen.csv
WZB_218vb_26_1;busovnen;lemma_961;type_372465;ANLEGEN;entscheidungen.csv
WZB_218vb_36_3;busovnen;lemma_961;type_372465;ANLEGEN;entscheidungen.csv
WZB_219ra_21_0;busovnen;lemma_961;type_372465;ANLEGEN;entscheidungen.csv
WZB_32vb_3_3;bŏcke;lemma_784;type_372466;ANLEGEN;entscheidungen.csv
WZB_5ra_31_2;bŏses;lemma_788;type_372467;ANLEGEN;entscheidungen.csv
WZB_32ra_24_1;bŏses;lemma_788;type_372467;ANLEGEN;entscheidungen.csv
WZB_38va_4_6;bŏses;lemma_788;type_372467;ANLEGEN;entscheidungen.csv
WZB_53ra_21_2;bŏses;lemma_788;type_372467;ANLEGEN;entscheidungen.csv
WZB_12rb_30_1;bŏze;lemma_788;type_372468;ANLEGEN;entscheidungen.csv
WZB_16va_10_4;bŏze;lemma_788;type_372468;ANLEGEN;entscheidungen.csv
WZB_40ra_35_0;bŏze;lemma_788;type_372468;ANLEGEN;entscheidungen.csv
WZB_44va_19_5;bŏze;lemma_788;type_372468;ANLEGEN;entscheidungen.csv
WZB_53ra_3_0;bŏze;lemma_788;type_372468;ANLEGEN;entscheidungen.csv
WZB_61rb_17_2;bŏze;lemma_788;type_372468;ANLEGEN;entscheidungen.csv
WZB_62va_16_4;bŏze;lemma_788;type_372468;ANLEGEN;entscheidungen.csv
WZB_89ra_12_3;bŏze;lemma_788;type_372468;ANLEGEN;entscheidungen.csv
WZB_20vb_37_4;camel;lemma_13480;type_372469;ANLEGEN;entscheidungen.csv
WZB_21ra_5_3;camel;lemma_13480;type_372469;ANLEGEN;entscheidungen.csv
WZB_22vb_37_1;camel;lemma_13480;type_372469;ANLEGEN;entscheidungen.csv
WZB_61va_28_4;camel;lemma_13480;type_372469;ANLEGEN;entscheidungen.csv
WZB_108vb_24_3;camel;lemma_13480;type_372469;ANLEGEN;entscheidungen.csv
WZB_11vb_15_5;camelen;lemma_13480;type_372470;ANLEGEN;entscheidungen.csv
WZB_21rb_21_3;camelen;lemma_13480;type_372470;ANLEGEN;entscheidungen.csv
WZB_21va_6_1;camelen;lemma_13480;type_372470;ANLEGEN;entscheidungen.csv
WZB_21vb_7_2;camelen;lemma_13480;type_372470;ANLEGEN;entscheidungen.csv
WZB_21vb_11_4;camelen;lemma_13480;type_372470;ANLEGEN;entscheidungen.csv
WZB_21vb_13_1;camelen;lemma_13480;type_372470;ANLEGEN;entscheidungen.csv
WZB_21vb_15_4;camelen;lemma_13480;type_372470;ANLEGEN;entscheidungen.csv
WZB_21vb_28_2;camelen;lemma_13480;type_372470;ANLEGEN;entscheidungen.csv
WZB_22ra_32_1;camelen;lemma_13480;type_372470;ANLEGEN;entscheidungen.csv
WZB_22rb_10_0;camelen;lemma_13480;type_372470;ANLEGEN;entscheidungen.csv
WZB_22rb_12_2;camelen;lemma_13480;type_372470;ANLEGEN;entscheidungen.csv
WZB_22vb_21_3;camelen;lemma_13480;type_372470;ANLEGEN;entscheidungen.csv
WZB_22vb_35_1;camelen;lemma_13480;type_372470;ANLEGEN;entscheidungen.csv
WZB_30rb_11_2;camelen;lemma_13480;type_372470;ANLEGEN;entscheidungen.csv
WZB_30vb_16_1;camelen;lemma_13480;type_372470;ANLEGEN;entscheidungen.csv
WZB_32va_8_1;camelen;lemma_13480;type_372470;ANLEGEN;entscheidungen.csv
WZB_32vb_5_4;camelen;lemma_13480;type_372470;ANLEGEN;entscheidungen.csv
WZB_38rb_6_5;camelen;lemma_13480;type_372470;ANLEGEN;entscheidungen.csv
WZB_112va_10_3;cedrein;lemma_31075;type_372471;ANLEGEN;entscheidungen.csv
WZB_112va_16_0;cedrein;lemma_31075;type_372471;ANLEGEN;entscheidungen.csv
WZB_114ra_10_2;cedrein;lemma_31075;type_372471;ANLEGEN;entscheidungen.csv
WZB_114ra_14_5;cedrein;lemma_31075;type_372471;ANLEGEN;entscheidungen.csv
WZB_114ra_25_2;cedrein;lemma_31075;type_372471;ANLEGEN;entscheidungen.csv
WZB_80va_29_1;centner;lemma_12261;type_372472;ANLEGEN;entscheidungen.csv
WZB_95rb_35_5;centner;lemma_12261;type_372472;ANLEGEN;entscheidungen.csv
WZB_96va_6_3;centner;lemma_12261;type_372472;ANLEGEN;entscheidungen.csv
WZB_96va_11_2;centner;lemma_12261;type_372472;ANLEGEN;entscheidungen.csv
WZB_96va_24_0;centner;lemma_12261;type_372472;ANLEGEN;entscheidungen.csv
WZB_96vb_3_0;centner;lemma_12261;type_372472;ANLEGEN;entscheidungen.csv
WZB_57vb_14_3;clouben;lemma_3371;type_372473;ANLEGEN;entscheidungen.csv
WZB_57vb_35_1;clouben;lemma_3371;type_372473;ANLEGEN;entscheidungen.csv
WZB_123va_27_2;clouben;lemma_3371;type_372473;ANLEGEN;entscheidungen.csv
WZB_125rb_33_4;clouben;lemma_3371;type_372473;ANLEGEN;entscheidungen.csv
WZB_125va_35_1;clouben;lemma_3371;type_372473;ANLEGEN;entscheidungen.csv
WZB_153va_3_3;clouben;lemma_3371;type_372473;ANLEGEN;entscheidungen.csv
WZB_127rb_12_5;creissen;lemma_3453;type_372474;ANLEGEN;entscheidungen.csv
WZB_172rb_3_4;creissen;lemma_3453;type_372474;ANLEGEN;entscheidungen.csv
WZB_178va_34_1;creissen;lemma_3453;type_372474;ANLEGEN;entscheidungen.csv
WZB_193ra_11_2;creissen;lemma_3453;type_372474;ANLEGEN;entscheidungen.csv
WZB_205va_21_0;creissen;lemma_3453;type_372474;ANLEGEN;entscheidungen.csv
WZB_227ra_21_1;creissen;lemma_3453;type_372474;ANLEGEN;entscheidungen.csv
WZB_227va_23_4;creissen;lemma_3453;type_372474;ANLEGEN;entscheidungen.csv
WZB_228ra_7_1;creissen;lemma_3453;type_372474;ANLEGEN;entscheidungen.csv
WZB_228va_3_2;creissen;lemma_3453;type_372474;ANLEGEN;entscheidungen.csv
WZB_229va_18_2;creissen;lemma_3453;type_372474;ANLEGEN;entscheidungen.csv
WZB_230rb_8_2;creissen;lemma_3453;type_372474;ANLEGEN;entscheidungen.csv
WZB_230vb_20_1;creissen;lemma_3453;type_372474;ANLEGEN;entscheidungen.csv
WZB_231va_18_1;creissen;lemma_3453;type_372474;ANLEGEN;entscheidungen.csv
WZB_232ra_36_2;creissen;lemma_3453;type_372474;ANLEGEN;entscheidungen.csv
WZB_238va_19_0;creissen;lemma_3453;type_372474;ANLEGEN;entscheidungen.csv
WZB_60va_6_3;croten;lemma_3485;type_372475;ANLEGEN;entscheidungen.csv
WZB_60va_9_0;croten;lemma_3485;type_372475;ANLEGEN;entscheidungen.csv
WZB_60va_21_0;croten;lemma_3485;type_372475;ANLEGEN;entscheidungen.csv
WZB_60vb_3_1;croten;lemma_3485;type_372475;ANLEGEN;entscheidungen.csv
WZB_60vb_5_8;croten;lemma_3485;type_372475;ANLEGEN;entscheidungen.csv
WZB_85va_14_0;czagil;lemma_7750;type_372476;ANLEGEN;entscheidungen.csv
WZB_100va_25_3;czagil;lemma_7750;type_372476;ANLEGEN;entscheidungen.csv
WZB_104ra_36_4;czagil;lemma_7750;type_372476;ANLEGEN;entscheidungen.csv
WZB_106rb_12_3;czagil;lemma_7750;type_372476;ANLEGEN;entscheidungen.csv
WZB_107va_25_1;czagil;lemma_7750;type_372476;ANLEGEN;entscheidungen.csv
WZB_122rb_35_5;czagil;lemma_7750;type_372476;ANLEGEN;entscheidungen.csv
WZB_199vb_25_0;czagil;lemma_7750;type_372476;ANLEGEN;entscheidungen.csv
WZB_64va_12_8;czale;lemma_7755;type_372477;ANLEGEN;entscheidungen.csv
WZB_78rb_14_4;czale;lemma_7755;type_372477;ANLEGEN;entscheidungen.csv
WZB_96va_9_4;czale;lemma_7755;type_372477;ANLEGEN;entscheidungen.csv
WZB_127ra_12_4;czale;lemma_7755;type_372477;ANLEGEN;entscheidungen.csv
WZB_130ra_37_1;czale;lemma_7755;type_372477;ANLEGEN;entscheidungen.csv
WZB_183va_19_6;czale;lemma_7755;type_372477;ANLEGEN;entscheidungen.csv
WZB_202va_30_4;czale;lemma_7755;type_372477;ANLEGEN;entscheidungen.csv
WZB_133rb_11_2;czalte;lemma_7793;type_372478;ANLEGEN;entscheidungen.csv
WZB_133sra_13_7;czalte;lemma_7793;type_372478;ANLEGEN;entscheidungen.csv
WZB_134va_20_1;czalte;lemma_7793;type_372478;ANLEGEN;entscheidungen.csv
WZB_135ra_5_1;czalte;lemma_7793;type_372478;ANLEGEN;entscheidungen.csv
WZB_221rb_20_1;czalte;lemma_7793;type_372478;ANLEGEN;entscheidungen.csv
WZB_75vb_34_4;czan;lemma_7764;type_372479;ANLEGEN;entscheidungen.csv
WZB_75vb_34_6;czan;lemma_7764;type_372479;ANLEGEN;entscheidungen.csv
WZB_76ra_8_0;czan;lemma_7764;type_372479;ANLEGEN;entscheidungen.csv
WZB_125ra_31_0;czan;lemma_7764;type_372479;ANLEGEN;entscheidungen.csv
WZB_196va_5_6;czan;lemma_7764;type_372479;ANLEGEN;entscheidungen.csv
WZB_196va_6_1;czan;lemma_7764;type_372479;ANLEGEN;entscheidungen.csv
WZB_71va_3_2;czehende;lemma_7780;type_372480;ANLEGEN;entscheidungen.csv
WZB_102vb_1_1;czehende;lemma_7780;type_372480;ANLEGEN;entscheidungen.csv
WZB_103vb_10_3;czehende;lemma_7780;type_372480;ANLEGEN;entscheidungen.csv
WZB_130ra_12_3;czehende;lemma_7780;type_372480;ANLEGEN;entscheidungen.csv
WZB_135va_15_2;czehende;lemma_7780;type_372480;ANLEGEN;entscheidungen.csv
WZB_148rb_22_5;czehende;lemma_7780;type_372480;ANLEGEN;entscheidungen.csv
WZB_152vb_25_5;czehende;lemma_7780;type_372480;ANLEGEN;entscheidungen.csv
WZB_164ra_34_0;czehende;lemma_7780;type_372480;ANLEGEN;entscheidungen.csv
WZB_191va_22_0;czehende;lemma_7780;type_372480;ANLEGEN;entscheidungen.csv
WZB_199vb_30_4;czehende;lemma_7780;type_372480;ANLEGEN;entscheidungen.csv
WZB_11rb_19_3;czeige;lemma_7784;type_372481;ANLEGEN;entscheidungen.csv
WZB_62ra_21_4;czeige;lemma_7784;type_372481;ANLEGEN;entscheidungen.csv
WZB_73ra_2_7;czeige;lemma_7784;type_372481;ANLEGEN;entscheidungen.csv
WZB_79va_17_1;czeige;lemma_7784;type_372481;ANLEGEN;entscheidungen.csv
WZB_90va_21_6;czeige;lemma_7784;type_372481;ANLEGEN;entscheidungen.csv
WZB_188va_28_1;czeige;lemma_7784;type_372481;ANLEGEN;entscheidungen.csv
WZB_220va_8_1;czeige;lemma_7784;type_372481;ANLEGEN;entscheidungen.csv
WZB_19rb_15_1;czeigen;lemma_7784;type_372482;ANLEGEN;entscheidungen.csv
WZB_56vb_36_3;czeigen;lemma_7784;type_372482;ANLEGEN;entscheidungen.csv
WZB_67rb_11_1;czeigen;lemma_7784;type_372482;ANLEGEN;entscheidungen.csv
WZB_90vb_11_2;czeigen;lemma_7784;type_372482;ANLEGEN;entscheidungen.csv
WZB_179ra_13_0;czeigen;lemma_7784;type_372482;ANLEGEN;entscheidungen.csv
WZB_194rb_9_1;czeigen;lemma_7784;type_372482;ANLEGEN;entscheidungen.csv
WZB_40va_7_0;czeigte;lemma_7784;type_372483;ANLEGEN;entscheidungen.csv
WZB_69vb_9_0;czeigte;lemma_7784;type_372483;ANLEGEN;entscheidungen.csv
WZB_140va_4_4;czeigte;lemma_7784;type_372483;ANLEGEN;entscheidungen.csv
WZB_179va_34_6;czeigte;lemma_7784;type_372483;ANLEGEN;entscheidungen.csv
WZB_184va_24_3;czeigte;lemma_7784;type_372483;ANLEGEN;entscheidungen.csv
WZB_213rb_20_7;czeigte;lemma_7784;type_372483;ANLEGEN;entscheidungen.csv
WZB_217vb_13_0;czeigte;lemma_7784;type_372483;ANLEGEN;entscheidungen.csv
WZB_123rb_18_0;czelen;lemma_7793;type_372484;ANLEGEN;entscheidungen.csv
WZB_125va_10_0;czelen;lemma_7793;type_372484;ANLEGEN;entscheidungen.csv
WZB_130rb_15_4;czelen;lemma_7793;type_372484;ANLEGEN;entscheidungen.csv
WZB_131va_6_1;czelen;lemma_7793;type_372484;ANLEGEN;entscheidungen.csv
WZB_134rb_32_5;czelen;lemma_7793;type_372484;ANLEGEN;entscheidungen.csv
WZB_134vb_28_5;czelen;lemma_7793;type_372484;ANLEGEN;entscheidungen.csv
WZB_193rb_14_1;czelen;lemma_7793;type_372484;ANLEGEN;entscheidungen.csv
WZB_10rb_28_0;czeucht;lemma_7861;type_372485;ANLEGEN;entscheidungen.csv
WZB_12rb_21_0;czeucht;lemma_7861;type_372485;ANLEGEN;entscheidungen.csv
WZB_23va_18_0;czeucht;lemma_7861;type_372485;ANLEGEN;entscheidungen.csv
WZB_33ra_8_1;czeucht;lemma_7861;type_372485;ANLEGEN;entscheidungen.csv
WZB_35vb_7_8;czeucht;lemma_7861;type_372485;ANLEGEN;entscheidungen.csv
WZB_35vb_22_3;czeucht;lemma_7861;type_372485;ANLEGEN;entscheidungen.csv
WZB_44va_25_3;czeucht;lemma_7861;type_372485;ANLEGEN;entscheidungen.csv
WZB_126va_37_1;czeucht;lemma_7861;type_372485;ANLEGEN;entscheidungen.csv
WZB_146ra_19_0;czeucht;lemma_7861;type_372485;ANLEGEN;entscheidungen.csv
WZB_226va_7_1;czeucht;lemma_7861;type_372485;ANLEGEN;entscheidungen.csv
WZB_78rb_24_2;czeuhest;lemma_7861;type_372486;ANLEGEN;entscheidungen.csv
WZB_176ra_22_6;czeuhest;lemma_7861;type_372486;ANLEGEN;entscheidungen.csv
WZB_185rb_21_3;czeuhest;lemma_7861;type_372486;ANLEGEN;entscheidungen.csv
WZB_188ra_14_3;czeuhest;lemma_7861;type_372486;ANLEGEN;entscheidungen.csv
WZB_188va_33_0;czeuhest;lemma_7861;type_372486;ANLEGEN;entscheidungen.csv
WZB_190ra_12_3;czeuhest;lemma_7861;type_372486;ANLEGEN;entscheidungen.csv
WZB_196va_9_3;czeuhest;lemma_7861;type_372486;ANLEGEN;entscheidungen.csv
WZB_197ra_21_1;czeuhest;lemma_7861;type_372486;ANLEGEN;entscheidungen.csv
WZB_198ra_17_5;czeuhest;lemma_7861;type_372486;ANLEGEN;entscheidungen.csv
WZB_200va_3_0;czeuhest;lemma_7861;type_372486;ANLEGEN;entscheidungen.csv
WZB_203va_12_2;czeuhest;lemma_7861;type_372486;ANLEGEN;entscheidungen.csv
WZB_206va_32_0;czeuhest;lemma_7861;type_372486;ANLEGEN;entscheidungen.csv
WZB_208vb_19_3;czeuhest;lemma_7861;type_372486;ANLEGEN;entscheidungen.csv
WZB_214rb_27_1;czeuhest;lemma_7861;type_372486;ANLEGEN;entscheidungen.csv
WZB_100va_37_4;czige;lemma_26851;type_372487;ANLEGEN;entscheidungen.csv
WZB_101vb_27_4;czige;lemma_26851;type_372487;ANLEGEN;entscheidungen.csv
WZB_122va_20_1;czige;lemma_26851;type_372487;ANLEGEN;entscheidungen.csv
WZB_189vb_15_5;czige;lemma_26851;type_372487;ANLEGEN;entscheidungen.csv
WZB_191ra_26_8;czige;lemma_26851;type_372487;ANLEGEN;entscheidungen.csv
WZB_10va_9_4;czigel;lemma_11848;type_372488;ANLEGEN;entscheidungen.csv
WZB_10va_11_2;czigel;lemma_11848;type_372488;ANLEGEN;entscheidungen.csv
WZB_53vb_23_4;czigel;lemma_11848;type_372488;ANLEGEN;entscheidungen.csv
WZB_57vb_13_2;czigel;lemma_11848;type_372488;ANLEGEN;entscheidungen.csv
WZB_57vb_15_3;czigel;lemma_11848;type_372488;ANLEGEN;entscheidungen.csv
WZB_58ra_9_3;czigel;lemma_11848;type_372488;ANLEGEN;entscheidungen.csv
WZB_58ra_14_2;czigel;lemma_11848;type_372488;ANLEGEN;entscheidungen.csv
WZB_58rb_5_2;czigel;lemma_11848;type_372488;ANLEGEN;entscheidungen.csv
WZB_13va_24_6;czigen;lemma_26851;type_372489;ANLEGEN;entscheidungen.csv
WZB_29vb_8_3;czigen;lemma_26851;type_372489;ANLEGEN;entscheidungen.csv
WZB_29vb_12_15;czigen;lemma_26851;type_372489;ANLEGEN;entscheidungen.csv
WZB_29vb_17_5;czigen;lemma_26851;type_372489;ANLEGEN;entscheidungen.csv
WZB_31va_14_3;czigen;lemma_26851;type_372489;ANLEGEN;entscheidungen.csv
WZB_32vb_3_0;czigen;lemma_26851;type_372489;ANLEGEN;entscheidungen.csv
WZB_64vb_5_0;czigen;lemma_26851;type_372489;ANLEGEN;entscheidungen.csv
WZB_79va_3_3;czigen;lemma_26851;type_372489;ANLEGEN;entscheidungen.csv
WZB_92va_23_4;czigen;lemma_26851;type_372489;ANLEGEN;entscheidungen.csv
WZB_93ra_12_2;czigen;lemma_26851;type_372489;ANLEGEN;entscheidungen.csv
WZB_93ra_21_4;czigen;lemma_26851;type_372489;ANLEGEN;entscheidungen.csv
WZB_93vb_37_1;czigen;lemma_26851;type_372489;ANLEGEN;entscheidungen.csv
WZB_99va_4_1;czigen;lemma_26851;type_372489;ANLEGEN;entscheidungen.csv
WZB_101vb_4_5;czigen;lemma_26851;type_372489;ANLEGEN;entscheidungen.csv
WZB_102va_7_1;czigen;lemma_26851;type_372489;ANLEGEN;entscheidungen.csv
WZB_105ra_3_2;czigen;lemma_26851;type_372489;ANLEGEN;entscheidungen.csv
WZB_107va_9_0;czigen;lemma_26851;type_372489;ANLEGEN;entscheidungen.csv
WZB_108va_17_7;czigen;lemma_26851;type_372489;ANLEGEN;entscheidungen.csv
WZB_115vb_5_5;czigen;lemma_26851;type_372489;ANLEGEN;entscheidungen.csv
WZB_115vb_11_2;czigen;lemma_26851;type_372489;ANLEGEN;entscheidungen.csv
WZB_116ra_10_0;czigen;lemma_26851;type_372489;ANLEGEN;entscheidungen.csv
WZB_116rb_6_4;czigen;lemma_26851;type_372489;ANLEGEN;entscheidungen.csv
WZB_116rb_14_5;czigen;lemma_26851;type_372489;ANLEGEN;entscheidungen.csv
WZB_116va_16_2;czigen;lemma_26851;type_372489;ANLEGEN;entscheidungen.csv
WZB_117ra_2_5;czigen;lemma_26851;type_372489;ANLEGEN;entscheidungen.csv
WZB_123va_7_2;czigen;lemma_26851;type_372489;ANLEGEN;entscheidungen.csv
WZB_130ra_11_6;czigen;lemma_26851;type_372489;ANLEGEN;entscheidungen.csv
WZB_138ra_19_2;czigen;lemma_26851;type_372489;ANLEGEN;entscheidungen.csv
WZB_138rb_26_2;czigen;lemma_26851;type_372489;ANLEGEN;entscheidungen.csv
WZB_138va_10_0;czigen;lemma_26851;type_372489;ANLEGEN;entscheidungen.csv
WZB_138va_13_1;czigen;lemma_26851;type_372489;ANLEGEN;entscheidungen.csv
WZB_138vb_33_6;czigen;lemma_26851;type_372489;ANLEGEN;entscheidungen.csv
WZB_148vb_15_0;czigen;lemma_26851;type_372489;ANLEGEN;entscheidungen.csv
WZB_148vb_30_0;czigen;lemma_26851;type_372489;ANLEGEN;entscheidungen.csv
WZB_164vb_26_2;czigen;lemma_26851;type_372489;ANLEGEN;entscheidungen.csv
WZB_165ra_24_5;czigen;lemma_26851;type_372489;ANLEGEN;entscheidungen.csv
WZB_165rb_15_2;czigen;lemma_26851;type_372489;ANLEGEN;entscheidungen.csv
WZB_165va_27_2;czigen;lemma_26851;type_372489;ANLEGEN;entscheidungen.csv
WZB_165vb_21_5;czigen;lemma_26851;type_372489;ANLEGEN;entscheidungen.csv
WZB_165vb_34_6;czigen;lemma_26851;type_372489;ANLEGEN;entscheidungen.csv
WZB_166ra_10_1;czigen;lemma_26851;type_372489;ANLEGEN;entscheidungen.csv
WZB_166rb_2_1;czigen;lemma_26851;type_372489;ANLEGEN;entscheidungen.csv
WZB_166rb_14_1;czigen;lemma_26851;type_372489;ANLEGEN;entscheidungen.csv
WZB_166rb_26_3;czigen;lemma_26851;type_372489;ANLEGEN;entscheidungen.csv
WZB_166va_3_4;czigen;lemma_26851;type_372489;ANLEGEN;entscheidungen.csv
WZB_166va_19_4;czigen;lemma_26851;type_372489;ANLEGEN;entscheidungen.csv
WZB_168ra_20_1;czigen;lemma_26851;type_372489;ANLEGEN;entscheidungen.csv
WZB_189va_12_5;czigen;lemma_26851;type_372489;ANLEGEN;entscheidungen.csv
WZB_192vb_21_3;czigen;lemma_26851;type_372489;ANLEGEN;entscheidungen.csv
WZB_137vb_17_3;czigenpock;lemma_784;type_372490;ANLEGEN;entscheidungen.csv
WZB_138vb_10_3;czigenpock;lemma_784;type_372490;ANLEGEN;entscheidungen.csv
WZB_138vb_30_3;czigenpock;lemma_784;type_372490;ANLEGEN;entscheidungen.csv
WZB_139ra_17_1;czigenpock;lemma_784;type_372490;ANLEGEN;entscheidungen.csv
WZB_139vb_5_0;czigenpock;lemma_784;type_372490;ANLEGEN;entscheidungen.csv
WZB_139vb_24_3;czigenpock;lemma_784;type_372490;ANLEGEN;entscheidungen.csv
WZB_139vb_27_4;czigenpock;lemma_784;type_372490;ANLEGEN;entscheidungen.csv
WZB_164va_35_5;czigenpock;lemma_784;type_372490;ANLEGEN;entscheidungen.csv
WZB_138rb_29_4;czigenpocke;lemma_784;type_372491;ANLEGEN;entscheidungen.csv
WZB_138vb_14_0;czigenpocke;lemma_784;type_372491;ANLEGEN;entscheidungen.csv
WZB_139rb_20_6;czigenpocke;lemma_784;type_372491;ANLEGEN;entscheidungen.csv
WZB_139va_8_4;czigenpocke;lemma_784;type_372491;ANLEGEN;entscheidungen.csv
WZB_139vb_7_6;czigenpocke;lemma_784;type_372491;ANLEGEN;entscheidungen.csv
WZB_140ra_18_6;czigenpocke;lemma_784;type_372491;ANLEGEN;entscheidungen.csv
WZB_140ra_22_3;czigenpocke;lemma_784;type_372491;ANLEGEN;entscheidungen.csv
WZB_12rb_13_4;czihe;lemma_7861;type_372492;ANLEGEN;entscheidungen.csv
WZB_22va_33_4;czihe;lemma_7861;type_372492;ANLEGEN;entscheidungen.csv
WZB_22vb_2_5;czihe;lemma_7861;type_372492;ANLEGEN;entscheidungen.csv
WZB_22vb_6_1;czihe;lemma_7861;type_372492;ANLEGEN;entscheidungen.csv
WZB_29va_10_8;czihe;lemma_7861;type_372492;ANLEGEN;entscheidungen.csv
WZB_29va_15_4;czihe;lemma_7861;type_372492;ANLEGEN;entscheidungen.csv
WZB_32ra_22_5;czihe;lemma_7861;type_372492;ANLEGEN;entscheidungen.csv
WZB_44vb_13_7;czihe;lemma_7861;type_372492;ANLEGEN;entscheidungen.csv
WZB_44vb_16_1;czihe;lemma_7861;type_372492;ANLEGEN;entscheidungen.csv
WZB_46vb_34_5;czihe;lemma_7861;type_372492;ANLEGEN;entscheidungen.csv
WZB_47ra_30_2;czihe;lemma_7861;type_372492;ANLEGEN;entscheidungen.csv
WZB_158rb_17_3;czihe;lemma_7861;type_372492;ANLEGEN;entscheidungen.csv
WZB_179ra_19_1;czihe;lemma_7861;type_372492;ANLEGEN;entscheidungen.csv
WZB_180ra_7_5;czihe;lemma_7861;type_372492;ANLEGEN;entscheidungen.csv
WZB_180va_22_1;czihe;lemma_7861;type_372492;ANLEGEN;entscheidungen.csv
WZB_11va_20_1;czihende;lemma_7861;type_372493;ANLEGEN;entscheidungen.csv
WZB_48va_18_4;czihende;lemma_7861;type_372493;ANLEGEN;entscheidungen.csv
WZB_53rb_7_1;czihende;lemma_7861;type_372493;ANLEGEN;entscheidungen.csv
WZB_65vb_20_5;czihende;lemma_7861;type_372493;ANLEGEN;entscheidungen.csv
WZB_98vb_8_4;czihende;lemma_7861;type_372493;ANLEGEN;entscheidungen.csv
WZB_130vb_4_1;czihende;lemma_7861;type_372493;ANLEGEN;entscheidungen.csv
WZB_147rb_10_4;czihende;lemma_7861;type_372493;ANLEGEN;entscheidungen.csv
WZB_160rb_15_6;czihende;lemma_7861;type_372493;ANLEGEN;entscheidungen.csv
WZB_179rb_9_4;czihende;lemma_7861;type_372493;ANLEGEN;entscheidungen.csv
WZB_185va_16_5;czihende;lemma_7861;type_372493;ANLEGEN;entscheidungen.csv
WZB_188vb_7_6;czihende;lemma_7861;type_372493;ANLEGEN;entscheidungen.csv
WZB_190ra_16_5;czihende;lemma_7861;type_372493;ANLEGEN;entscheidungen.csv
WZB_207va_9_4;czihende;lemma_7861;type_372493;ANLEGEN;entscheidungen.csv
WZB_212ra_15_3;czihende;lemma_7861;type_372493;ANLEGEN;entscheidungen.csv
WZB_224ra_34_3;czihende;lemma_7861;type_372493;ANLEGEN;entscheidungen.csv
WZB_232va_17_1;czihende;lemma_7861;type_372493;ANLEGEN;entscheidungen.csv
WZB_232va_23_1;czihende;lemma_7861;type_372493;ANLEGEN;entscheidungen.csv
WZB_232vb_11_5;czihende;lemma_7861;type_372493;ANLEGEN;entscheidungen.csv
WZB_236vb_9_1;czihende;lemma_7861;type_372493;ANLEGEN;entscheidungen.csv
WZB_32vb_13_2;czihet;lemma_7861;type_372494;ANLEGEN;entscheidungen.csv
WZB_43va_3_2;czihet;lemma_7861;type_372494;ANLEGEN;entscheidungen.csv
WZB_43vb_29_1;czihet;lemma_7861;type_372494;ANLEGEN;entscheidungen.csv
WZB_44ra_10_3;czihet;lemma_7861;type_372494;ANLEGEN;entscheidungen.csv
WZB_44va_29_3;czihet;lemma_7861;type_372494;ANLEGEN;entscheidungen.csv
WZB_46vb_29_3;czihet;lemma_7861;type_372494;ANLEGEN;entscheidungen.csv
WZB_47va_21_10;czihet;lemma_7861;type_372494;ANLEGEN;entscheidungen.csv
WZB_48ra_6_3;czihet;lemma_7861;type_372494;ANLEGEN;entscheidungen.csv
WZB_48ra_17_2;czihet;lemma_7861;type_372494;ANLEGEN;entscheidungen.csv
WZB_56rb_4_3;czihet;lemma_7861;type_372494;ANLEGEN;entscheidungen.csv
WZB_56rb_13_1;czihet;lemma_7861;type_372494;ANLEGEN;entscheidungen.csv
WZB_65vb_14_5;czihet;lemma_7861;type_372494;ANLEGEN;entscheidungen.csv
WZB_66va_23_4;czihet;lemma_7861;type_372494;ANLEGEN;entscheidungen.csv
WZB_142va_5_7;czihet;lemma_7861;type_372494;ANLEGEN;entscheidungen.csv
WZB_145vb_30_0;czihet;lemma_7861;type_372494;ANLEGEN;entscheidungen.csv
WZB_148ra_5_3;czihet;lemma_7861;type_372494;ANLEGEN;entscheidungen.csv
WZB_150rb_15_3;czihet;lemma_7861;type_372494;ANLEGEN;entscheidungen.csv
WZB_151ra_15_0;czihet;lemma_7861;type_372494;ANLEGEN;entscheidungen.csv
WZB_169vb_26_4;czihet;lemma_7861;type_372494;ANLEGEN;entscheidungen.csv
WZB_174vb_29_6;czihet;lemma_7861;type_372494;ANLEGEN;entscheidungen.csv
WZB_176rb_11_5;czihet;lemma_7861;type_372494;ANLEGEN;entscheidungen.csv
WZB_177rb_13_7;czihet;lemma_7861;type_372494;ANLEGEN;entscheidungen.csv
WZB_186rb_24_0;czihet;lemma_7861;type_372494;ANLEGEN;entscheidungen.csv
WZB_188ra_8_7;czihet;lemma_7861;type_372494;ANLEGEN;entscheidungen.csv
WZB_188va_26_5;czihet;lemma_7861;type_372494;ANLEGEN;entscheidungen.csv
WZB_209va_17_1;czihet;lemma_7861;type_372494;ANLEGEN;entscheidungen.csv
WZB_214va_14_5;czihet;lemma_7861;type_372494;ANLEGEN;entscheidungen.csv
WZB_215ra_8_4;czihet;lemma_7861;type_372494;ANLEGEN;entscheidungen.csv
WZB_215rb_29_1;czihet;lemma_7861;type_372494;ANLEGEN;entscheidungen.csv
WZB_215rb_33_3;czihet;lemma_7861;type_372494;ANLEGEN;entscheidungen.csv
WZB_216ra_9_4;czihet;lemma_7861;type_372494;ANLEGEN;entscheidungen.csv
WZB_221ra_27_6;czihet;lemma_7861;type_372494;ANLEGEN;entscheidungen.csv
WZB_224ra_2_3;czihet;lemma_7861;type_372494;ANLEGEN;entscheidungen.csv
WZB_236rb_4_5;czihet;lemma_7861;type_372494;ANLEGEN;entscheidungen.csv
WZB_237ra_2_6;czihet;lemma_7861;type_372494;ANLEGEN;entscheidungen.csv
WZB_31va_3_2;czorne;lemma_7897;type_372495;ANLEGEN;entscheidungen.csv
WZB_69ra_17_4;czorne;lemma_7897;type_372495;ANLEGEN;entscheidungen.csv
WZB_77ra_22_3;czorne;lemma_7897;type_372495;ANLEGEN;entscheidungen.csv
WZB_88vb_21_5;czorne;lemma_7897;type_372495;ANLEGEN;entscheidungen.csv
WZB_88vb_34_6;czorne;lemma_7897;type_372495;ANLEGEN;entscheidungen.csv
WZB_128ra_27_0;czorne;lemma_7897;type_372495;ANLEGEN;entscheidungen.csv
WZB_161ra_10_2;czorne;lemma_7897;type_372495;ANLEGEN;entscheidungen.csv
WZB_180rb_10_1;czorne;lemma_7897;type_372495;ANLEGEN;entscheidungen.csv
WZB_185va_28_0;czorne;lemma_7897;type_372495;ANLEGEN;entscheidungen.csv
WZB_191ra_4_4;czorne;lemma_7897;type_372495;ANLEGEN;entscheidungen.csv
WZB_207vb_22_3;czorne;lemma_7897;type_372495;ANLEGEN;entscheidungen.csv
WZB_207vb_27_2;czorne;lemma_7897;type_372495;ANLEGEN;entscheidungen.csv
WZB_208ra_9_1;czorne;lemma_7897;type_372495;ANLEGEN;entscheidungen.csv
WZB_211ra_4_4;czorne;lemma_7897;type_372495;ANLEGEN;entscheidungen.csv
WZB_211ra_29_2;czorne;lemma_7897;type_372495;ANLEGEN;entscheidungen.csv
WZB_211rb_17_5;czorne;lemma_7897;type_372495;ANLEGEN;entscheidungen.csv
WZB_234va_5_3;czorne;lemma_7897;type_372495;ANLEGEN;entscheidungen.csv
WZB_74va_3_4;czorniger;lemma_7898;type_372496;ANLEGEN;entscheidungen.csv
WZB_180rb_3_4;czorniger;lemma_7898;type_372496;ANLEGEN;entscheidungen.csv
WZB_181va_18_6;czorniger;lemma_7898;type_372496;ANLEGEN;entscheidungen.csv
WZB_183ra_4_6;czorniger;lemma_7898;type_372496;ANLEGEN;entscheidungen.csv
WZB_239rb_12_1;czorniger;lemma_7898;type_372496;ANLEGEN;entscheidungen.csv
WZB_59vb_6_1;czouberer;lemma_7903;type_372497;ANLEGEN;entscheidungen.csv
WZB_60ra_21_2;czouberer;lemma_7903;type_372497;ANLEGEN;entscheidungen.csv
WZB_60vb_26_4;czouberer;lemma_7903;type_372497;ANLEGEN;entscheidungen.csv
WZB_60vb_32_2;czouberer;lemma_7903;type_372497;ANLEGEN;entscheidungen.csv
WZB_61vb_31_2;czouberer;lemma_7903;type_372497;ANLEGEN;entscheidungen.csv
WZB_77ra_8_6;czouberer;lemma_7903;type_372497;ANLEGEN;entscheidungen.csv
WZB_119vb_34_1;czouberer;lemma_7903;type_372497;ANLEGEN;entscheidungen.csv
WZB_157ra_28_2;czouberer;lemma_7903;type_372497;ANLEGEN;entscheidungen.csv
WZB_195ra_35_0;czouberer;lemma_7903;type_372497;ANLEGEN;entscheidungen.csv
WZB_195rb_12_3;czouberer;lemma_7903;type_372497;ANLEGEN;entscheidungen.csv
WZB_228rb_19_1;czouberer;lemma_7903;type_372497;ANLEGEN;entscheidungen.csv
WZB_16vb_22_3;czweier;lemma_7929;type_372498;ANLEGEN;entscheidungen.csv
WZB_33va_8_0;czweier;lemma_7929;type_372498;ANLEGEN;entscheidungen.csv
WZB_80ra_11_1;czweier;lemma_7929;type_372498;ANLEGEN;entscheidungen.csv
WZB_94vb_18_4;czweier;lemma_7929;type_372498;ANLEGEN;entscheidungen.csv
WZB_95ra_15_1;czweier;lemma_7929;type_372498;ANLEGEN;entscheidungen.csv
WZB_115rb_35_2;czweier;lemma_7929;type_372498;ANLEGEN;entscheidungen.csv
WZB_144ra_30_4;czweier;lemma_7929;type_372498;ANLEGEN;entscheidungen.csv
WZB_144vb_9_5;czweier;lemma_7929;type_372498;ANLEGEN;entscheidungen.csv
WZB_148rb_33_2;czweier;lemma_7929;type_372498;ANLEGEN;entscheidungen.csv
WZB_157vb_16_5;czweier;lemma_7929;type_372498;ANLEGEN;entscheidungen.csv
WZB_181ra_21_2;czweier;lemma_7929;type_372498;ANLEGEN;entscheidungen.csv
WZB_194ra_6_2;czweier;lemma_7929;type_372498;ANLEGEN;entscheidungen.csv
WZB_196rb_18_0;czweier;lemma_7929;type_372498;ANLEGEN;entscheidungen.csv
WZB_11ra_8_3;czweihundert;lemma_7931;type_372499;ANLEGEN;entscheidungen.csv
WZB_11ra_12_7;czweihundert;lemma_7931;type_372499;ANLEGEN;entscheidungen.csv
WZB_11rb_12_6;czweihundert;lemma_7931;type_372499;ANLEGEN;entscheidungen.csv
WZB_32vb_2_3;czweihundert;lemma_7931;type_372499;ANLEGEN;entscheidungen.csv
WZB_87rb_14_1;czweihundert;lemma_7931;type_372499;ANLEGEN;entscheidungen.csv
WZB_87rb_16_3;czweihundert;lemma_7931;type_372499;ANLEGEN;entscheidungen.csv
WZB_131ra_27_0;czweihundert;lemma_7931;type_372499;ANLEGEN;entscheidungen.csv
WZB_133sra_18_1;czweihundert;lemma_7931;type_372499;ANLEGEN;entscheidungen.csv
WZB_150vb_7_0;czweihundert;lemma_7931;type_372499;ANLEGEN;entscheidungen.csv
WZB_161va_25_0;czweihundert;lemma_7931;type_372499;ANLEGEN;entscheidungen.csv
WZB_220va_17_2;czweihundert;lemma_7931;type_372499;ANLEGEN;entscheidungen.csv
WZB_12ra_22_4;czwisschen;lemma_13093;type_372500;ANLEGEN;entscheidungen.csv
WZB_13vb_22_4;czwisschen;lemma_13093;type_372500;ANLEGEN;entscheidungen.csv
WZB_30ra_17_3;czwisschen;lemma_13093;type_372500;ANLEGEN;entscheidungen.csv
WZB_32ra_9_6;czwisschen;lemma_13093;type_372500;ANLEGEN;entscheidungen.csv
WZB_84rb_14_4;czwisschen;lemma_13093;type_372500;ANLEGEN;entscheidungen.csv
WZB_88ra_32_4;czwisschen;lemma_13093;type_372500;ANLEGEN;entscheidungen.csv
WZB_88rb_15_5;czwisschen;lemma_13093;type_372500;ANLEGEN;entscheidungen.csv
WZB_193rb_24_6;czwisschen;lemma_13093;type_372500;ANLEGEN;entscheidungen.csv
WZB_76va_6_3;czwiualdig;lemma_7952;type_372501;ANLEGEN;entscheidungen.csv
WZB_76va_25_6;czwiualdig;lemma_7952;type_372501;ANLEGEN;entscheidungen.csv
WZB_76vb_3_7;czwiualdig;lemma_7952;type_372501;ANLEGEN;entscheidungen.csv
WZB_83va_21_2;czwiualdig;lemma_7952;type_372501;ANLEGEN;entscheidungen.csv
WZB_97ra_16_1;czwiualdig;lemma_7952;type_372501;ANLEGEN;entscheidungen.csv
WZB_20va_24_2;czwiualdigen;lemma_7952;type_372502;ANLEGEN;entscheidungen.csv
WZB_23rb_21_2;czwiualdigen;lemma_7952;type_372502;ANLEGEN;entscheidungen.csv
WZB_52rb_10_3;czwiualdigen;lemma_7952;type_372502;ANLEGEN;entscheidungen.csv
WZB_52vb_23_3;czwiualdigen;lemma_7952;type_372502;ANLEGEN;entscheidungen.csv
WZB_196ra_25_1;czwiualdigen;lemma_7952;type_372502;ANLEGEN;entscheidungen.csv
WZB_109va_6_6;derlei;lemma_3685;type_372503;ANLEGEN;entscheidungen.csv
WZB_109va_32_4;derlei;lemma_3685;type_372503;ANLEGEN;entscheidungen.csv
WZB_114va_37_2;derlei;lemma_3685;type_372503;ANLEGEN;entscheidungen.csv
WZB_133vb_23_3;derlei;lemma_3685;type_372503;ANLEGEN;entscheidungen.csv
WZB_154ra_16_0;derlei;lemma_3685;type_372503;ANLEGEN;entscheidungen.csv
WZB_155vb_14_4;derlei;lemma_3685;type_372503;ANLEGEN;entscheidungen.csv
WZB_173va_16_2;derlei;lemma_3685;type_372503;ANLEGEN;entscheidungen.csv
WZB_180ra_20_1;derlei;lemma_3685;type_372503;ANLEGEN;entscheidungen.csv
WZB_19va_15_1;dorouf;lemma_1089;type_372504;ANLEGEN;entscheidungen.csv
WZB_27va_21_7;dorouf;lemma_1089;type_372504;ANLEGEN;entscheidungen.csv
WZB_31rb_14_5;dorouf;lemma_1089;type_372504;ANLEGEN;entscheidungen.csv
WZB_75ra_18_4;dorouf;lemma_1089;type_372504;ANLEGEN;entscheidungen.csv
WZB_79vb_8_1;dorouf;lemma_1089;type_372504;ANLEGEN;entscheidungen.csv
WZB_87rb_3_0;dorouf;lemma_1089;type_372504;ANLEGEN;entscheidungen.csv
WZB_98va_28_0;dorouf;lemma_1089;type_372504;ANLEGEN;entscheidungen.csv
WZB_99rb_14_0;dorouf;lemma_1089;type_372504;ANLEGEN;entscheidungen.csv
WZB_100ra_4_3;dorouf;lemma_1089;type_372504;ANLEGEN;entscheidungen.csv
WZB_124va_18_6;dorouf;lemma_1089;type_372504;ANLEGEN;entscheidungen.csv
WZB_150ra_22_3;dorouf;lemma_1089;type_372504;ANLEGEN;entscheidungen.csv
WZB_151ra_21_4;dorouf;lemma_1089;type_372504;ANLEGEN;entscheidungen.csv
WZB_203vb_2_2;dorouf;lemma_1089;type_372504;ANLEGEN;entscheidungen.csv
WZB_222rb_11_2;dorouf;lemma_1089;type_372504;ANLEGEN;entscheidungen.csv
WZB_237rb_14_4;dorouf;lemma_1089;type_372504;ANLEGEN;entscheidungen.csv
WZB_41rb_17_2;dorous;lemma_1090;type_372505;ANLEGEN;entscheidungen.csv
WZB_71vb_4_1;dorous;lemma_1090;type_372505;ANLEGEN;entscheidungen.csv
WZB_89va_2_8;dorous;lemma_1090;type_372505;ANLEGEN;entscheidungen.csv
WZB_124va_14_0;dorous;lemma_1090;type_372505;ANLEGEN;entscheidungen.csv
WZB_143vb_11_4;dorous;lemma_1090;type_372505;ANLEGEN;entscheidungen.csv
WZB_154va_22_6;dorous;lemma_1090;type_372505;ANLEGEN;entscheidungen.csv
WZB_2rb_23_2;dorumbe;lemma_30703;type_372506;ANLEGEN;entscheidungen.csv
WZB_3va_23_2;dorumbe;lemma_30703;type_372506;ANLEGEN;entscheidungen.csv
WZB_3vb_13_2;dorumbe;lemma_30703;type_372506;ANLEGEN;entscheidungen.csv
WZB_4ra_22_0;dorumbe;lemma_30703;type_372506;ANLEGEN;entscheidungen.csv
WZB_4ra_32_5;dorumbe;lemma_30703;type_372506;ANLEGEN;entscheidungen.csv
WZB_5ra_6_3;dorumbe;lemma_30703;type_372506;ANLEGEN;entscheidungen.csv
WZB_5va_32_2;dorumbe;lemma_30703;type_372506;ANLEGEN;entscheidungen.csv
WZB_5vb_13_6;dorumbe;lemma_30703;type_372506;ANLEGEN;entscheidungen.csv
WZB_7va_21_2;dorumbe;lemma_30703;type_372506;ANLEGEN;entscheidungen.csv
WZB_7vb_9_4;dorumbe;lemma_30703;type_372506;ANLEGEN;entscheidungen.csv
WZB_9ra_3_0;dorumbe;lemma_30703;type_372506;ANLEGEN;entscheidungen.csv
WZB_10rb_18_3;dorumbe;lemma_30703;type_372506;ANLEGEN;entscheidungen.csv
WZB_10va_28_1;dorumbe;lemma_30703;type_372506;ANLEGEN;entscheidungen.csv
WZB_11va_33_3;dorumbe;lemma_30703;type_372506;ANLEGEN;entscheidungen.csv
WZB_12ra_13_0;dorumbe;lemma_30703;type_372506;ANLEGEN;entscheidungen.csv
WZB_12rb_3_5;dorumbe;lemma_30703;type_372506;ANLEGEN;entscheidungen.csv
WZB_14ra_26_1;dorumbe;lemma_30703;type_372506;ANLEGEN;entscheidungen.csv
WZB_15va_25_1;dorumbe;lemma_30703;type_372506;ANLEGEN;entscheidungen.csv
WZB_17vb_17_5;dorumbe;lemma_30703;type_372506;ANLEGEN;entscheidungen.csv
WZB_17vb_33_5;dorumbe;lemma_30703;type_372506;ANLEGEN;entscheidungen.csv
WZB_18ra_2_1;dorumbe;lemma_30703;type_372506;ANLEGEN;entscheidungen.csv
WZB_18ra_12_1;dorumbe;lemma_30703;type_372506;ANLEGEN;entscheidungen.csv
WZB_18va_5_0;dorumbe;lemma_30703;type_372506;ANLEGEN;entscheidungen.csv
WZB_19rb_15_4;dorumbe;lemma_30703;type_372506;ANLEGEN;entscheidungen.csv
WZB_19vb_4_4;dorumbe;lemma_30703;type_372506;ANLEGEN;entscheidungen.csv
WZB_21ra_18_5;dorumbe;lemma_30703;type_372506;ANLEGEN;entscheidungen.csv
WZB_22va_6_4;dorumbe;lemma_30703;type_372506;ANLEGEN;entscheidungen.csv
WZB_22vb_20_0;dorumbe;lemma_30703;type_372506;ANLEGEN;entscheidungen.csv
WZB_24vb_15_0;dorumbe;lemma_30703;type_372506;ANLEGEN;entscheidungen.csv
WZB_25rb_5_3;dorumbe;lemma_30703;type_372506;ANLEGEN;entscheidungen.csv
WZB_26vb_26_1;dorumbe;lemma_30703;type_372506;ANLEGEN;entscheidungen.csv
WZB_27ra_31_0;dorumbe;lemma_30703;type_372506;ANLEGEN;entscheidungen.csv
WZB_27vb_2_6;dorumbe;lemma_30703;type_372506;ANLEGEN;entscheidungen.csv
WZB_28rb_6_1;dorumbe;lemma_30703;type_372506;ANLEGEN;entscheidungen.csv
WZB_28rb_21_5;dorumbe;lemma_30703;type_372506;ANLEGEN;entscheidungen.csv
WZB_28va_14_0;dorumbe;lemma_30703;type_372506;ANLEGEN;entscheidungen.csv
WZB_28vb_35_1;dorumbe;lemma_30703;type_372506;ANLEGEN;entscheidungen.csv
WZB_29ra_11_0;dorumbe;lemma_30703;type_372506;ANLEGEN;entscheidungen.csv
WZB_29ra_14_3;dorumbe;lemma_30703;type_372506;ANLEGEN;entscheidungen.csv
WZB_29rb_18_0;dorumbe;lemma_30703;type_372506;ANLEGEN;entscheidungen.csv
WZB_29vb_28_4;dorumbe;lemma_30703;type_372506;ANLEGEN;entscheidungen.csv
WZB_30vb_12_2;dorumbe;lemma_30703;type_372506;ANLEGEN;entscheidungen.csv
WZB_31va_12_5;dorumbe;lemma_30703;type_372506;ANLEGEN;entscheidungen.csv
WZB_31vb_9_0;dorumbe;lemma_30703;type_372506;ANLEGEN;entscheidungen.csv
WZB_32ra_5_3;dorumbe;lemma_30703;type_372506;ANLEGEN;entscheidungen.csv
WZB_32ra_25_9;dorumbe;lemma_30703;type_372506;ANLEGEN;entscheidungen.csv
WZB_35rb_27_3;dorumbe;lemma_30703;type_372506;ANLEGEN;entscheidungen.csv
WZB_35vb_20_5;dorumbe;lemma_30703;type_372506;ANLEGEN;entscheidungen.csv
WZB_37va_11_5;dorumbe;lemma_30703;type_372506;ANLEGEN;entscheidungen.csv
WZB_37vb_32_1;dorumbe;lemma_30703;type_372506;ANLEGEN;entscheidungen.csv
WZB_38ra_20_2;dorumbe;lemma_30703;type_372506;ANLEGEN;entscheidungen.csv
WZB_38rb_8_2;dorumbe;lemma_30703;type_372506;ANLEGEN;entscheidungen.csv
WZB_38vb_22_7;dorumbe;lemma_30703;type_372506;ANLEGEN;entscheidungen.csv
WZB_38vb_34_1;dorumbe;lemma_30703;type_372506;ANLEGEN;entscheidungen.csv
WZB_39rb_31_4;dorumbe;lemma_30703;type_372506;ANLEGEN;entscheidungen.csv
WZB_39vb_25_0;dorumbe;lemma_30703;type_372506;ANLEGEN;entscheidungen.csv
WZB_40va_31_1;dorumbe;lemma_30703;type_372506;ANLEGEN;entscheidungen.csv
WZB_41ra_21_6;dorumbe;lemma_30703;type_372506;ANLEGEN;entscheidungen.csv
WZB_42va_20_3;dorumbe;lemma_30703;type_372506;ANLEGEN;entscheidungen.csv
WZB_42vb_6_1;dorumbe;lemma_30703;type_372506;ANLEGEN;entscheidungen.csv
WZB_43rb_13_2;dorumbe;lemma_30703;type_372506;ANLEGEN;entscheidungen.csv
WZB_43va_7_0;dorumbe;lemma_30703;type_372506;ANLEGEN;entscheidungen.csv
WZB_44vb_12_3;dorumbe;lemma_30703;type_372506;ANLEGEN;entscheidungen.csv
WZB_45ra_12_0;dorumbe;lemma_30703;type_372506;ANLEGEN;entscheidungen.csv
WZB_45ra_35_1;dorumbe;lemma_30703;type_372506;ANLEGEN;entscheidungen.csv
WZB_45va_18_7;dorumbe;lemma_30703;type_372506;ANLEGEN;entscheidungen.csv
WZB_45vb_19_5;dorumbe;lemma_30703;type_372506;ANLEGEN;entscheidungen.csv
WZB_47ra_12_9;dorumbe;lemma_30703;type_372506;ANLEGEN;entscheidungen.csv
WZB_47rb_5_1;dorumbe;lemma_30703;type_372506;ANLEGEN;entscheidungen.csv
WZB_48rb_3_2;dorumbe;lemma_30703;type_372506;ANLEGEN;entscheidungen.csv
WZB_49va_9_3;dorumbe;lemma_30703;type_372506;ANLEGEN;entscheidungen.csv
WZB_50ra_2_1;dorumbe;lemma_30703;type_372506;ANLEGEN;entscheidungen.csv
WZB_50ra_25_5;dorumbe;lemma_30703;type_372506;ANLEGEN;entscheidungen.csv
WZB_50rb_5_2;dorumbe;lemma_30703;type_372506;ANLEGEN;entscheidungen.csv
WZB_50rb_24_1;dorumbe;lemma_30703;type_372506;ANLEGEN;entscheidungen.csv
WZB_50va_12_0;dorumbe;lemma_30703;type_372506;ANLEGEN;entscheidungen.csv
WZB_50vb_2_0;dorumbe;lemma_30703;type_372506;ANLEGEN;entscheidungen.csv
WZB_52vb_17_9;dorumbe;lemma_30703;type_372506;ANLEGEN;entscheidungen.csv
WZB_52vb_19_4;dorumbe;lemma_30703;type_372506;ANLEGEN;entscheidungen.csv
WZB_54ra_18_0;dorumbe;lemma_30703;type_372506;ANLEGEN;entscheidungen.csv
WZB_54ra_19_2;dorumbe;lemma_30703;type_372506;ANLEGEN;entscheidungen.csv
WZB_56vb_22_1;dorumbe;lemma_30703;type_372506;ANLEGEN;entscheidungen.csv
WZB_57ra_15_0;dorumbe;lemma_30703;type_372506;ANLEGEN;entscheidungen.csv
WZB_57vb_19_1;dorumbe;lemma_30703;type_372506;ANLEGEN;entscheidungen.csv
WZB_57vb_25_0;dorumbe;lemma_30703;type_372506;ANLEGEN;entscheidungen.csv
WZB_58va_16_0;dorumbe;lemma_30703;type_372506;ANLEGEN;entscheidungen.csv
WZB_59vb_36_0;dorumbe;lemma_30703;type_372506;ANLEGEN;entscheidungen.csv
WZB_62ra_20_1;dorumbe;lemma_30703;type_372506;ANLEGEN;entscheidungen.csv
WZB_63va_17_1;dorumbe;lemma_30703;type_372506;ANLEGEN;entscheidungen.csv
WZB_64ra_22_2;dorumbe;lemma_30703;type_372506;ANLEGEN;entscheidungen.csv
WZB_67ra_15_6;dorumbe;lemma_30703;type_372506;ANLEGEN;entscheidungen.csv
WZB_67ra_22_0;dorumbe;lemma_30703;type_372506;ANLEGEN;entscheidungen.csv
WZB_67va_30_1;dorumbe;lemma_30703;type_372506;ANLEGEN;entscheidungen.csv
WZB_68va_24_4;dorumbe;lemma_30703;type_372506;ANLEGEN;entscheidungen.csv
WZB_69va_3_2;dorumbe;lemma_30703;type_372506;ANLEGEN;entscheidungen.csv
WZB_71va_19_2;dorumbe;lemma_30703;type_372506;ANLEGEN;entscheidungen.csv
WZB_72vb_14_3;dorumbe;lemma_30703;type_372506;ANLEGEN;entscheidungen.csv
WZB_75ra_3_4;dorumbe;lemma_30703;type_372506;ANLEGEN;entscheidungen.csv
WZB_90ra_34_0;dorumbe;lemma_30703;type_372506;ANLEGEN;entscheidungen.csv
WZB_55ra_16_3;dorvber;lemma_1091;type_372507;ANLEGEN;entscheidungen.csv
WZB_76ra_20_4;dorvber;lemma_1091;type_372507;ANLEGEN;entscheidungen.csv
WZB_98rb_19_5;dorvber;lemma_1091;type_372507;ANLEGEN;entscheidungen.csv
WZB_105va_19_1;dorvber;lemma_1091;type_372507;ANLEGEN;entscheidungen.csv
WZB_133sva_5_1;dorvber;lemma_1091;type_372507;ANLEGEN;entscheidungen.csv
WZB_133svb_12_4;dorvber;lemma_1091;type_372507;ANLEGEN;entscheidungen.csv
WZB_184ra_35_4;dorvber;lemma_1091;type_372507;ANLEGEN;entscheidungen.csv
WZB_206va_13_6;dorvber;lemma_1091;type_372507;ANLEGEN;entscheidungen.csv
WZB_1ra_17_6;dorvmbe;lemma_30703;type_372508;ANLEGEN;entscheidungen.csv
WZB_1va_20_5;dorvmbe;lemma_30703;type_372508;ANLEGEN;entscheidungen.csv
WZB_4va_18_7;dorvmbe;lemma_30703;type_372508;ANLEGEN;entscheidungen.csv
WZB_5ra_31_5;dorvmbe;lemma_30703;type_372508;ANLEGEN;entscheidungen.csv
WZB_9ra_14_7;dorvmbe;lemma_30703;type_372508;ANLEGEN;entscheidungen.csv
WZB_17ra_30_4;dorvmbe;lemma_30703;type_372508;ANLEGEN;entscheidungen.csv
WZB_17vb_15_8;dorvmbe;lemma_30703;type_372508;ANLEGEN;entscheidungen.csv
WZB_18vb_31_3;dorvmbe;lemma_30703;type_372508;ANLEGEN;entscheidungen.csv
WZB_23vb_21_7;dorvmbe;lemma_30703;type_372508;ANLEGEN;entscheidungen.csv
WZB_24ra_7_8;dorvmbe;lemma_30703;type_372508;ANLEGEN;entscheidungen.csv
WZB_24rb_15_4;dorvmbe;lemma_30703;type_372508;ANLEGEN;entscheidungen.csv
WZB_24va_28_6;dorvmbe;lemma_30703;type_372508;ANLEGEN;entscheidungen.csv
WZB_25va_19_10;dorvmbe;lemma_30703;type_372508;ANLEGEN;entscheidungen.csv
WZB_26ra_5_6;dorvmbe;lemma_30703;type_372508;ANLEGEN;entscheidungen.csv
WZB_26va_32_5;dorvmbe;lemma_30703;type_372508;ANLEGEN;entscheidungen.csv
WZB_26vb_8_6;dorvmbe;lemma_30703;type_372508;ANLEGEN;entscheidungen.csv
WZB_30ra_18_7;dorvmbe;lemma_30703;type_372508;ANLEGEN;entscheidungen.csv
WZB_30va_34_5;dorvmbe;lemma_30703;type_372508;ANLEGEN;entscheidungen.csv
WZB_33rb_10_6;dorvmbe;lemma_30703;type_372508;ANLEGEN;entscheidungen.csv
WZB_42ra_30_5;dorvmbe;lemma_30703;type_372508;ANLEGEN;entscheidungen.csv
WZB_49va_4_3;dorvmbe;lemma_30703;type_372508;ANLEGEN;entscheidungen.csv
WZB_50rb_2_5;dorvmbe;lemma_30703;type_372508;ANLEGEN;entscheidungen.csv
WZB_52va_26_12;dorvmbe;lemma_30703;type_372508;ANLEGEN;entscheidungen.csv
WZB_53va_14_5;dorvmbe;lemma_30703;type_372508;ANLEGEN;entscheidungen.csv
WZB_55rb_35_5;dorvmbe;lemma_30703;type_372508;ANLEGEN;entscheidungen.csv
WZB_58rb_2_6;dorvmbe;lemma_30703;type_372508;ANLEGEN;entscheidungen.csv
WZB_58va_33_4;dorvmbe;lemma_30703;type_372508;ANLEGEN;entscheidungen.csv
WZB_59vb_23_6;dorvmbe;lemma_30703;type_372508;ANLEGEN;entscheidungen.csv
WZB_61vb_7_7;dorvmbe;lemma_30703;type_372508;ANLEGEN;entscheidungen.csv
WZB_82va_21_1;doum;lemma_1243;type_372509;ANLEGEN;entscheidungen.csv
WZB_82va_26_2;doum;lemma_1243;type_372509;ANLEGEN;entscheidungen.csv
WZB_82va_28_0;doum;lemma_1243;type_372509;ANLEGEN;entscheidungen.csv
WZB_82va_32_2;doum;lemma_1243;type_372509;ANLEGEN;entscheidungen.csv
WZB_82vb_2_0;doum;lemma_1243;type_372509;ANLEGEN;entscheidungen.csv
WZB_82vb_16_3;doum;lemma_1243;type_372509;ANLEGEN;entscheidungen.csv
WZB_86va_11_4;doum;lemma_1243;type_372509;ANLEGEN;entscheidungen.csv
WZB_86va_14_0;doum;lemma_1243;type_372509;ANLEGEN;entscheidungen.csv
WZB_93vb_17_0;doum;lemma_1243;type_372509;ANLEGEN;entscheidungen.csv
WZB_94ra_4_0;doum;lemma_1243;type_372509;ANLEGEN;entscheidungen.csv
WZB_94ra_28_3;doum;lemma_1243;type_372509;ANLEGEN;entscheidungen.csv
WZB_94vb_2_5;doum;lemma_1243;type_372509;ANLEGEN;entscheidungen.csv
WZB_95ra_17_4;doum;lemma_1243;type_372509;ANLEGEN;entscheidungen.csv
WZB_95vb_26_4;doum;lemma_1243;type_372509;ANLEGEN;entscheidungen.csv
WZB_96ra_2_1;doum;lemma_1243;type_372509;ANLEGEN;entscheidungen.csv
WZB_96ra_7_1;doum;lemma_1243;type_372509;ANLEGEN;entscheidungen.csv
WZB_96ra_8_3;doum;lemma_1243;type_372509;ANLEGEN;entscheidungen.csv
WZB_96ra_13_4;doum;lemma_1243;type_372509;ANLEGEN;entscheidungen.csv
WZB_96rb_11_2;doum;lemma_1243;type_372509;ANLEGEN;entscheidungen.csv
WZB_178va_18_3;doum;lemma_1243;type_372509;ANLEGEN;entscheidungen.csv
WZB_85va_2_3;dovmen;lemma_1243;type_372510;ANLEGEN;entscheidungen.csv
WZB_106rb_3_1;dovmen;lemma_1243;type_372510;ANLEGEN;entscheidungen.csv
WZB_106rb_8_3;dovmen;lemma_1243;type_372510;ANLEGEN;entscheidungen.csv
WZB_112vb_30_6;dovmen;lemma_1243;type_372510;ANLEGEN;entscheidungen.csv
WZB_113ra_6_2;dovmen;lemma_1243;type_372510;ANLEGEN;entscheidungen.csv
WZB_113rb_5_7;dovmen;lemma_1243;type_372510;ANLEGEN;entscheidungen.csv
WZB_113rb_15_0;dovmen;lemma_1243;type_372510;ANLEGEN;entscheidungen.csv
WZB_6vb_6_0;dreihundert;lemma_1220;type_372511;ANLEGEN;entscheidungen.csv
WZB_9vb_17_2;dreihundert;lemma_1220;type_372511;ANLEGEN;entscheidungen.csv
WZB_10vb_15_6;dreihundert;lemma_1220;type_372511;ANLEGEN;entscheidungen.csv
WZB_48ra_28_7;dreihundert;lemma_1220;type_372511;ANLEGEN;entscheidungen.csv
WZB_132ra_24_2;dreihundert;lemma_1220;type_372511;ANLEGEN;entscheidungen.csv
WZB_133srb_9_2;dreihundert;lemma_1220;type_372511;ANLEGEN;entscheidungen.csv
WZB_162ra_12_4;dreihundert;lemma_1220;type_372511;ANLEGEN;entscheidungen.csv
WZB_168vb_15_5;dreihundert;lemma_1220;type_372511;ANLEGEN;entscheidungen.csv
WZB_6va_21_15;dreissick;lemma_1222;type_372512;ANLEGEN;entscheidungen.csv
WZB_7rb_28_4;dreissick;lemma_1222;type_372512;ANLEGEN;entscheidungen.csv
WZB_11ra_5_2;dreissick;lemma_1222;type_372512;ANLEGEN;entscheidungen.csv
WZB_11ra_10_4;dreissick;lemma_1222;type_372512;ANLEGEN;entscheidungen.csv
WZB_11ra_13_9;dreissick;lemma_1222;type_372512;ANLEGEN;entscheidungen.csv
WZB_11ra_18_3;dreissick;lemma_1222;type_372512;ANLEGEN;entscheidungen.csv
WZB_16ra_33_0;dreissick;lemma_1222;type_372512;ANLEGEN;entscheidungen.csv
WZB_23va_12_0;dreissick;lemma_1222;type_372512;ANLEGEN;entscheidungen.csv
WZB_32vb_6_2;dreissick;lemma_1222;type_372512;ANLEGEN;entscheidungen.csv
WZB_38rb_21_0;dreissick;lemma_1222;type_372512;ANLEGEN;entscheidungen.csv
WZB_48vb_15_2;dreissick;lemma_1222;type_372512;ANLEGEN;entscheidungen.csv
WZB_58vb_31_0;dreissik;lemma_1222;type_372513;ANLEGEN;entscheidungen.csv
WZB_59ra_11_0;dreissik;lemma_1222;type_372513;ANLEGEN;entscheidungen.csv
WZB_129ra_9_6;dreissik;lemma_1222;type_372513;ANLEGEN;entscheidungen.csv
WZB_129rb_27_5;dreissik;lemma_1222;type_372513;ANLEGEN;entscheidungen.csv
WZB_138ra_29_6;dreissik;lemma_1222;type_372513;ANLEGEN;entscheidungen.csv
WZB_138rb_14_2;dreissik;lemma_1222;type_372513;ANLEGEN;entscheidungen.csv
WZB_138vb_19_3;dreissik;lemma_1222;type_372513;ANLEGEN;entscheidungen.csv
WZB_139ra_5_2;dreissik;lemma_1222;type_372513;ANLEGEN;entscheidungen.csv
WZB_139rb_5_2;dreissik;lemma_1222;type_372513;ANLEGEN;entscheidungen.csv
WZB_155rb_28_3;dreissik;lemma_1222;type_372513;ANLEGEN;entscheidungen.csv
WZB_162vb_6_3;dreissik;lemma_1222;type_372513;ANLEGEN;entscheidungen.csv
WZB_168va_21_0;dreissik;lemma_1222;type_372513;ANLEGEN;entscheidungen.csv
WZB_168va_28_0;dreissik;lemma_1222;type_372513;ANLEGEN;entscheidungen.csv
WZB_168va_33_5;dreissik;lemma_1222;type_372513;ANLEGEN;entscheidungen.csv
WZB_168va_35_4;dreissik;lemma_1222;type_372513;ANLEGEN;entscheidungen.csv
WZB_168vb_6_0;dreissik;lemma_1222;type_372513;ANLEGEN;entscheidungen.csv
WZB_168vb_19_1;dreissik;lemma_1222;type_372513;ANLEGEN;entscheidungen.csv
WZB_168vb_20_4;dreissik;lemma_1222;type_372513;ANLEGEN;entscheidungen.csv
WZB_213va_17_0;dreissik;lemma_1222;type_372513;ANLEGEN;entscheidungen.csv
WZB_219vb_14_3;dreissik;lemma_1222;type_372513;ANLEGEN;entscheidungen.csv
WZB_221ra_24_0;dreissik;lemma_1222;type_372513;ANLEGEN;entscheidungen.csv
WZB_227va_12_4;dreissik;lemma_1222;type_372513;ANLEGEN;entscheidungen.csv
WZB_230rb_17_4;dreissik;lemma_1222;type_372513;ANLEGEN;entscheidungen.csv
WZB_230vb_6_1;dreissik;lemma_1222;type_372513;ANLEGEN;entscheidungen.csv
WZB_62va_17_6;dŏner;lemma_1198;type_372514;ANLEGEN;entscheidungen.csv
WZB_62va_25_3;dŏner;lemma_1198;type_372514;ANLEGEN;entscheidungen.csv
WZB_62vb_7_6;dŏner;lemma_1198;type_372514;ANLEGEN;entscheidungen.csv
WZB_62vb_12_6;dŏner;lemma_1198;type_372514;ANLEGEN;entscheidungen.csv
WZB_234ra_29_5;dŏrfer;lemma_1201;type_372515;ANLEGEN;entscheidungen.csv
WZB_5ra_14_3;dŏrner;lemma_1202;type_372516;ANLEGEN;entscheidungen.csv
WZB_35ra_13_4;eckern;lemma_51;type_372517;ANLEGEN;entscheidungen.csv
WZB_40ra_14_1;eckern;lemma_51;type_372517;ANLEGEN;entscheidungen.csv
WZB_60vb_7_5;eckern;lemma_51;type_372517;ANLEGEN;entscheidungen.csv
WZB_62va_5_0;eckern;lemma_51;type_372517;ANLEGEN;entscheidungen.csv
WZB_63ra_14_2;eckern;lemma_51;type_372517;ANLEGEN;entscheidungen.csv
WZB_76va_17_5;eckern;lemma_51;type_372517;ANLEGEN;entscheidungen.csv
WZB_117ra_11_2;eckern;lemma_51;type_372517;ANLEGEN;entscheidungen.csv
WZB_188rb_2_0;eckern;lemma_51;type_372517;ANLEGEN;entscheidungen.csv
WZB_13vb_26_8;egiptischen;lemma_18910;type_372518;ANLEGEN;entscheidungen.csv
WZB_43rb_21_0;egiptischen;lemma_18910;type_372518;ANLEGEN;entscheidungen.csv
WZB_48ra_21_1;egiptischen;lemma_18910;type_372518;ANLEGEN;entscheidungen.csv
WZB_50ra_31_1;egiptischen;lemma_18910;type_372518;ANLEGEN;entscheidungen.csv
WZB_54ra_8_4;egiptischen;lemma_18910;type_372518;ANLEGEN;entscheidungen.csv
WZB_54va_35_0;egiptischen;lemma_18910;type_372518;ANLEGEN;entscheidungen.csv
WZB_60ra_4_2;egiptischen;lemma_18910;type_372518;ANLEGEN;entscheidungen.csv
WZB_60va_7_5;egiptischen;lemma_18910;type_372518;ANLEGEN;entscheidungen.csv
WZB_65ra_2_1;egiptischen;lemma_18910;type_372518;ANLEGEN;entscheidungen.csv
WZB_72vb_7_1;egiptischen;lemma_18910;type_372518;ANLEGEN;entscheidungen.csv
WZB_110ra_16_3;egiptischen;lemma_18910;type_372518;ANLEGEN;entscheidungen.csv
WZB_124vb_12_3;egiptischen;lemma_18910;type_372518;ANLEGEN;entscheidungen.csv
WZB_172ra_27_3;egiptischen;lemma_18910;type_372518;ANLEGEN;entscheidungen.csv
WZB_183vb_12_3;egiptischen;lemma_18910;type_372518;ANLEGEN;entscheidungen.csv
WZB_82va_35_1;eingange;lemma_3034;type_372519;ANLEGEN;entscheidungen.csv
WZB_94va_22_2;eingange;lemma_3034;type_372519;ANLEGEN;entscheidungen.csv
WZB_97vb_10_3;eingange;lemma_3034;type_372519;ANLEGEN;entscheidungen.csv
WZB_97vb_17_2;eingange;lemma_3034;type_372519;ANLEGEN;entscheidungen.csv
WZB_98ra_12_4;eingange;lemma_3034;type_372519;ANLEGEN;entscheidungen.csv
WZB_98va_23_4;eingange;lemma_3034;type_372519;ANLEGEN;entscheidungen.csv
WZB_100rb_25_2;eingange;lemma_3034;type_372519;ANLEGEN;entscheidungen.csv
WZB_101rb_3_2;eingange;lemma_3034;type_372519;ANLEGEN;entscheidungen.csv
WZB_134rb_14_5;eingange;lemma_3034;type_372519;ANLEGEN;entscheidungen.csv
WZB_134rb_17_5;eingange;lemma_3034;type_372519;ANLEGEN;entscheidungen.csv
WZB_136va_13_3;eingange;lemma_3034;type_372519;ANLEGEN;entscheidungen.csv
WZB_145ra_32_2;eingange;lemma_3034;type_372519;ANLEGEN;entscheidungen.csv
WZB_150rb_23_2;eingange;lemma_3034;type_372519;ANLEGEN;entscheidungen.csv
WZB_180vb_14_0;eingange;lemma_3034;type_372519;ANLEGEN;entscheidungen.csv
WZB_185rb_16_1;eingange;lemma_3034;type_372519;ANLEGEN;entscheidungen.csv
WZB_195rb_8_2;eingange;lemma_3034;type_372519;ANLEGEN;entscheidungen.csv
WZB_209va_28_4;eingange;lemma_3034;type_372519;ANLEGEN;entscheidungen.csv
WZB_215rb_4_1;eingange;lemma_3034;type_372519;ANLEGEN;entscheidungen.csv
WZB_20va_35_0;eldisten;lemma_155;type_372520;ANLEGEN;entscheidungen.csv
WZB_127va_13_0;eldisten;lemma_155;type_372520;ANLEGEN;entscheidungen.csv
WZB_197vb_2_6;eldisten;lemma_155;type_372520;ANLEGEN;entscheidungen.csv
WZB_198va_9_4;eldisten;lemma_155;type_372520;ANLEGEN;entscheidungen.csv
WZB_199ra_29_2;eldisten;lemma_155;type_372520;ANLEGEN;entscheidungen.csv
WZB_199rb_6_1;eldisten;lemma_155;type_372520;ANLEGEN;entscheidungen.csv
WZB_202ra_7_3;eldisten;lemma_155;type_372520;ANLEGEN;entscheidungen.csv
WZB_209rb_9_4;eldisten;lemma_155;type_372520;ANLEGEN;entscheidungen.csv
WZB_221rb_21_5;eldisten;lemma_155;type_372520;ANLEGEN;entscheidungen.csv
WZB_234va_11_0;eldisten;lemma_155;type_372520;ANLEGEN;entscheidungen.csv
WZB_110rb_16_1;enczuntem;lemma_1511;type_372521;ANLEGEN;entscheidungen.csv
WZB_113ra_30_2;enczuntem;lemma_1511;type_372521;ANLEGEN;entscheidungen.csv
WZB_115vb_7_3;enczuntem;lemma_1511;type_372521;ANLEGEN;entscheidungen.csv
WZB_122rb_9_0;enczuntem;lemma_1511;type_372521;ANLEGEN;entscheidungen.csv
WZB_138rb_4_4;enczuntem;lemma_1511;type_372521;ANLEGEN;entscheidungen.csv
WZB_237rb_13_4;enczuntem;lemma_1511;type_372521;ANLEGEN;entscheidungen.csv
WZB_237rb_29_0;enczuntem;lemma_1511;type_372521;ANLEGEN;entscheidungen.csv
WZB_237rb_37_0;enczuntem;lemma_1511;type_372521;ANLEGEN;entscheidungen.csv
WZB_19va_7_0;enczunten;lemma_1511;type_372522;ANLEGEN;entscheidungen.csv
WZB_19va_10_1;enczunten;lemma_1511;type_372522;ANLEGEN;entscheidungen.csv
WZB_85va_35_2;enczunten;lemma_1511;type_372522;ANLEGEN;entscheidungen.csv
WZB_87rb_33_0;enczunten;lemma_1511;type_372522;ANLEGEN;entscheidungen.csv
WZB_88ra_15_2;enczunten;lemma_1511;type_372522;ANLEGEN;entscheidungen.csv
WZB_92vb_17_3;enczunten;lemma_1511;type_372522;ANLEGEN;entscheidungen.csv
WZB_95va_29_2;enczunten;lemma_1511;type_372522;ANLEGEN;entscheidungen.csv
WZB_98ra_15_0;enczunten;lemma_1511;type_372522;ANLEGEN;entscheidungen.csv
WZB_98ra_25_3;enczunten;lemma_1511;type_372522;ANLEGEN;entscheidungen.csv
WZB_99rb_21_0;enczunten;lemma_1511;type_372522;ANLEGEN;entscheidungen.csv
WZB_99va_25_5;enczunten;lemma_1511;type_372522;ANLEGEN;entscheidungen.csv
WZB_100va_5_2;enczunten;lemma_1511;type_372522;ANLEGEN;entscheidungen.csv
WZB_101rb_15_5;enczunten;lemma_1511;type_372522;ANLEGEN;entscheidungen.csv
WZB_101va_19_2;enczunten;lemma_1511;type_372522;ANLEGEN;entscheidungen.csv
WZB_101vb_8_0;enczunten;lemma_1511;type_372522;ANLEGEN;entscheidungen.csv
WZB_101vb_14_0;enczunten;lemma_1511;type_372522;ANLEGEN;entscheidungen.csv
WZB_101vb_31_5;enczunten;lemma_1511;type_372522;ANLEGEN;entscheidungen.csv
WZB_102ra_16_0;enczunten;lemma_1511;type_372522;ANLEGEN;entscheidungen.csv
WZB_102va_15_0;enczunten;lemma_1511;type_372522;ANLEGEN;entscheidungen.csv
WZB_102va_29_0;enczunten;lemma_1511;type_372522;ANLEGEN;entscheidungen.csv
WZB_103rb_4_8;enczunten;lemma_1511;type_372522;ANLEGEN;entscheidungen.csv
WZB_104rb_20_0;enczunten;lemma_1511;type_372522;ANLEGEN;entscheidungen.csv
WZB_106va_13_3;enczunten;lemma_1511;type_372522;ANLEGEN;entscheidungen.csv
WZB_107vb_1_3;enczunten;lemma_1511;type_372522;ANLEGEN;entscheidungen.csv
WZB_142va_19_0;enczunten;lemma_1511;type_372522;ANLEGEN;entscheidungen.csv
WZB_63vb_29_2;enczuntes;lemma_1511;type_372523;ANLEGEN;entscheidungen.csv
WZB_72vb_15_3;enczuntes;lemma_1511;type_372523;ANLEGEN;entscheidungen.csv
WZB_75ra_19_1;enczuntes;lemma_1511;type_372523;ANLEGEN;entscheidungen.csv
WZB_78vb_4_1;enczuntes;lemma_1511;type_372523;ANLEGEN;entscheidungen.csv
WZB_88vb_2_2;enczuntes;lemma_1511;type_372523;ANLEGEN;entscheidungen.csv
WZB_98va_28_2;enczuntes;lemma_1511;type_372523;ANLEGEN;entscheidungen.csv
WZB_99vb_10_1;enczuntes;lemma_1511;type_372523;ANLEGEN;entscheidungen.csv
WZB_106ra_28_0;enczuntes;lemma_1511;type_372523;ANLEGEN;entscheidungen.csv
WZB_107va_11_2;enczuntes;lemma_1511;type_372523;ANLEGEN;entscheidungen.csv
WZB_107va_17_2;enczuntes;lemma_1511;type_372523;ANLEGEN;entscheidungen.csv
WZB_110va_13_0;enczuntes;lemma_1511;type_372523;ANLEGEN;entscheidungen.csv
WZB_116va_9_2;enczuntes;lemma_1511;type_372523;ANLEGEN;entscheidungen.csv
WZB_117rb_10_1;enczuntes;lemma_1511;type_372523;ANLEGEN;entscheidungen.csv
WZB_124ra_11_0;enczuntes;lemma_1511;type_372523;ANLEGEN;entscheidungen.csv
WZB_124ra_14_1;enczuntes;lemma_1511;type_372523;ANLEGEN;entscheidungen.csv
WZB_124ra_23_1;enczuntes;lemma_1511;type_372523;ANLEGEN;entscheidungen.csv
WZB_165rb_3_2;enczuntes;lemma_1511;type_372523;ANLEGEN;entscheidungen.csv
WZB_189ra_7_1;enczuntes;lemma_1511;type_372523;ANLEGEN;entscheidungen.csv
WZB_222rb_12_0;enczuntes;lemma_1511;type_372523;ANLEGEN;entscheidungen.csv
WZB_19rb_13_3;enczvnten;lemma_1511;type_372524;ANLEGEN;entscheidungen.csv
WZB_19rb_19_5;enczvnten;lemma_1511;type_372524;ANLEGEN;entscheidungen.csv
WZB_19rb_31_2;enczvnten;lemma_1511;type_372524;ANLEGEN;entscheidungen.csv
WZB_101vb_35_4;enczvnten;lemma_1511;type_372524;ANLEGEN;entscheidungen.csv
WZB_107ra_5_4;enczvnten;lemma_1511;type_372524;ANLEGEN;entscheidungen.csv
WZB_85rb_36_1;endliste;lemma_22669;type_372525;ANLEGEN;entscheidungen.csv
WZB_106rb_1_2;endliste;lemma_22669;type_372525;ANLEGEN;entscheidungen.csv
WZB_106rb_7_1;endliste;lemma_22669;type_372525;ANLEGEN;entscheidungen.csv
WZB_112vb_28_4;endliste;lemma_22669;type_372525;ANLEGEN;entscheidungen.csv
WZB_113ra_4_0;endliste;lemma_22669;type_372525;ANLEGEN;entscheidungen.csv
WZB_113rb_12_6;endliste;lemma_22669;type_372525;ANLEGEN;entscheidungen.csv
WZB_84rb_5_4;endlisten;lemma_22669;type_372526;ANLEGEN;entscheidungen.csv
WZB_154vb_17_1;endlisten;lemma_22669;type_372526;ANLEGEN;entscheidungen.csv
WZB_205vb_29_1;endlisten;lemma_22669;type_372526;ANLEGEN;entscheidungen.csv
WZB_213rb_26_2;endlisten;lemma_22669;type_372526;ANLEGEN;entscheidungen.csv
WZB_228va_7_4;endlisten;lemma_22669;type_372526;ANLEGEN;entscheidungen.csv
WZB_229va_10_1;endlisten;lemma_22669;type_372526;ANLEGEN;entscheidungen.csv
WZB_230rb_7_1;endlisten;lemma_22669;type_372526;ANLEGEN;entscheidungen.csv
WZB_232vb_8_3;endlisten;lemma_22669;type_372526;ANLEGEN;entscheidungen.csv
WZB_74va_22_1;entvn;lemma_8268;type_372527;ANLEGEN;entscheidungen.csv
WZB_123vb_3_3;entvn;lemma_8268;type_372527;ANLEGEN;entscheidungen.csv
WZB_124ra_9_5;entvn;lemma_8268;type_372527;ANLEGEN;entscheidungen.csv
WZB_124ra_18_1;entvn;lemma_8268;type_372527;ANLEGEN;entscheidungen.csv
WZB_164vb_13_2;entvn;lemma_8268;type_372527;ANLEGEN;entscheidungen.csv
WZB_165ra_4_3;entvn;lemma_8268;type_372527;ANLEGEN;entscheidungen.csv
WZB_165ra_10_6;entvn;lemma_8268;type_372527;ANLEGEN;entscheidungen.csv
WZB_165ra_35_6;entvn;lemma_8268;type_372527;ANLEGEN;entscheidungen.csv
WZB_165va_13_1;entvn;lemma_8268;type_372527;ANLEGEN;entscheidungen.csv
WZB_165vb_3_2;entvn;lemma_8268;type_372527;ANLEGEN;entscheidungen.csv
WZB_166va_10_5;entvn;lemma_8268;type_372527;ANLEGEN;entscheidungen.csv
WZB_167ra_29_3;entvn;lemma_8268;type_372527;ANLEGEN;entscheidungen.csv
WZB_5va_8_1;erczurnet;lemma_1718;type_372528;ANLEGEN;entscheidungen.csv
WZB_40vb_5_5;erczurnet;lemma_1718;type_372528;ANLEGEN;entscheidungen.csv
WZB_108va_20_1;erczurnet;lemma_1718;type_372528;ANLEGEN;entscheidungen.csv
WZB_183va_5_4;erczurnet;lemma_1718;type_372528;ANLEGEN;entscheidungen.csv
WZB_186rb_8_3;erczurnet;lemma_1718;type_372528;ANLEGEN;entscheidungen.csv
WZB_196ra_4_0;erczurnet;lemma_1718;type_372528;ANLEGEN;entscheidungen.csv
WZB_208ra_3_1;erczurnet;lemma_1718;type_372528;ANLEGEN;entscheidungen.csv
WZB_209vb_4_6;erczurnet;lemma_1718;type_372528;ANLEGEN;entscheidungen.csv
WZB_82ra_27_0;erein;lemma_1285;type_372529;ANLEGEN;entscheidungen.csv
WZB_94va_29_5;erein;lemma_1285;type_372529;ANLEGEN;entscheidungen.csv
WZB_95vb_6_3;erein;lemma_1285;type_372529;ANLEGEN;entscheidungen.csv
WZB_96ra_19_4;erein;lemma_1285;type_372529;ANLEGEN;entscheidungen.csv
WZB_96rb_20_0;erein;lemma_1285;type_372529;ANLEGEN;entscheidungen.csv
WZB_127vb_21_4;erein;lemma_1285;type_372529;ANLEGEN;entscheidungen.csv
WZB_205ra_8_6;erein;lemma_1285;type_372529;ANLEGEN;entscheidungen.csv
WZB_6ra_25_3;ereine;lemma_1285;type_372530;ANLEGEN;entscheidungen.csv
WZB_81ra_34_2;ereine;lemma_1285;type_372530;ANLEGEN;entscheidungen.csv
WZB_82rb_2_0;ereine;lemma_1285;type_372530;ANLEGEN;entscheidungen.csv
WZB_82rb_8_3;ereine;lemma_1285;type_372530;ANLEGEN;entscheidungen.csv
WZB_82vb_19_5;ereine;lemma_1285;type_372530;ANLEGEN;entscheidungen.csv
WZB_95vb_2_5;ereine;lemma_1285;type_372530;ANLEGEN;entscheidungen.csv
WZB_95vb_27_4;ereine;lemma_1285;type_372530;ANLEGEN;entscheidungen.csv
WZB_150vb_24_4;ereine;lemma_1285;type_372530;ANLEGEN;entscheidungen.csv
WZB_155vb_24_0;ereine;lemma_1285;type_372530;ANLEGEN;entscheidungen.csv
WZB_155vb_28_2;ereine;lemma_1285;type_372530;ANLEGEN;entscheidungen.csv
WZB_219rb_16_2;ereine;lemma_1285;type_372530;ANLEGEN;entscheidungen.csv
WZB_82rb_14_4;ereinen;lemma_1285;type_372531;ANLEGEN;entscheidungen.csv
WZB_82va_8_3;ereinen;lemma_1285;type_372531;ANLEGEN;entscheidungen.csv
WZB_82va_15_3;ereinen;lemma_1285;type_372531;ANLEGEN;entscheidungen.csv
WZB_87ra_27_5;ereinen;lemma_1285;type_372531;ANLEGEN;entscheidungen.csv
WZB_92vb_18_2;ereinen;lemma_1285;type_372531;ANLEGEN;entscheidungen.csv
WZB_95va_36_2;ereinen;lemma_1285;type_372531;ANLEGEN;entscheidungen.csv
WZB_95vb_13_4;ereinen;lemma_1285;type_372531;ANLEGEN;entscheidungen.csv
WZB_95vb_19_4;ereinen;lemma_1285;type_372531;ANLEGEN;entscheidungen.csv
WZB_96rb_15_3;ereinen;lemma_1285;type_372531;ANLEGEN;entscheidungen.csv
WZB_96vb_7_2;ereinen;lemma_1285;type_372531;ANLEGEN;entscheidungen.csv
WZB_97vb_11_4;ereinen;lemma_1285;type_372531;ANLEGEN;entscheidungen.csv
WZB_28vb_33_4;erhŏret;lemma_1576;type_372532;ANLEGEN;entscheidungen.csv
WZB_32va_25_6;erlŏse;lemma_1611;type_372533;ANLEGEN;entscheidungen.csv
WZB_158ra_23_2;erslŭge;lemma_1648;type_372534;ANLEGEN;entscheidungen.csv
WZB_26rb_21_7;erstgeborne;lemma_34610;type_372535;ANLEGEN;entscheidungen.csv
WZB_38vb_19_7;erstgeborne;lemma_34610;type_372535;ANLEGEN;entscheidungen.csv
WZB_48va_35_4;erstgeborne;lemma_34610;type_372535;ANLEGEN;entscheidungen.csv
WZB_51rb_17_2;erstgeborne;lemma_34610;type_372535;ANLEGEN;entscheidungen.csv
WZB_66vb_31_1;erstgeborne;lemma_34610;type_372535;ANLEGEN;entscheidungen.csv
WZB_19rb_10_0;erstgebornen;lemma_34610;type_372536;ANLEGEN;entscheidungen.csv
WZB_38vb_17_2;erstgebornen;lemma_34610;type_372536;ANLEGEN;entscheidungen.csv
WZB_57rb_19_1;erstgebornen;lemma_34610;type_372536;ANLEGEN;entscheidungen.csv
WZB_58vb_19_0;erstgebornen;lemma_34610;type_372536;ANLEGEN;entscheidungen.csv
WZB_65va_34_1;erstgebornen;lemma_34610;type_372536;ANLEGEN;entscheidungen.csv
WZB_65vb_3_6;erstgebornen;lemma_34610;type_372536;ANLEGEN;entscheidungen.csv
WZB_64rb_5_0;erstgepornen;lemma_34610;type_372537;ANLEGEN;entscheidungen.csv
WZB_133sra_22_1;erstgepornen;lemma_34610;type_372537;ANLEGEN;entscheidungen.csv
WZB_133srb_7_3;erstgepornen;lemma_34610;type_372537;ANLEGEN;entscheidungen.csv
WZB_140vb_15_2;erstgepornen;lemma_34610;type_372537;ANLEGEN;entscheidungen.csv
WZB_140vb_18_2;erstgepornen;lemma_34610;type_372537;ANLEGEN;entscheidungen.csv
WZB_189ra_11_2;erstgepornen;lemma_34610;type_372537;ANLEGEN;entscheidungen.csv
WZB_189va_20_2;erstgepornen;lemma_34610;type_372537;ANLEGEN;entscheidungen.csv
WZB_198rb_13_1;erstgepornen;lemma_34610;type_372537;ANLEGEN;entscheidungen.csv
WZB_198rb_17_0;erstgepornen;lemma_34610;type_372537;ANLEGEN;entscheidungen.csv
WZB_201vb_24_2;erstgepornen;lemma_34610;type_372537;ANLEGEN;entscheidungen.csv
WZB_212vb_25_1;erstgepornen;lemma_34610;type_372537;ANLEGEN;entscheidungen.csv
WZB_219va_13_2;erstgepornen;lemma_34610;type_372537;ANLEGEN;entscheidungen.csv
WZB_231ra_24_0;erstgepornen;lemma_34610;type_372537;ANLEGEN;entscheidungen.csv
WZB_45va_13_3;esiln;lemma_1723;type_372538;ANLEGEN;entscheidungen.csv
WZB_46ra_21_2;esiln;lemma_1723;type_372538;ANLEGEN;entscheidungen.csv
WZB_168va_2_5;esiln;lemma_1723;type_372538;ANLEGEN;entscheidungen.csv
WZB_168va_10_1;esiln;lemma_1723;type_372538;ANLEGEN;entscheidungen.csv
WZB_168va_36_1;esiln;lemma_1723;type_372538;ANLEGEN;entscheidungen.csv
WZB_168vb_21_1;esiln;lemma_1723;type_372538;ANLEGEN;entscheidungen.csv
WZB_11vb_15_3;eslinne;lemma_27421;type_372539;ANLEGEN;entscheidungen.csv
WZB_48ra_35_0;eslinne;lemma_27421;type_372539;ANLEGEN;entscheidungen.csv
WZB_51vb_14_7;eslinne;lemma_27421;type_372539;ANLEGEN;entscheidungen.csv
WZB_157vb_3_2;eslinne;lemma_27421;type_372539;ANLEGEN;entscheidungen.csv
WZB_157vb_8_1;eslinne;lemma_27421;type_372539;ANLEGEN;entscheidungen.csv
WZB_157vb_10_1;eslinne;lemma_27421;type_372539;ANLEGEN;entscheidungen.csv
WZB_158ra_9_2;eslinne;lemma_27421;type_372539;ANLEGEN;entscheidungen.csv
WZB_158ra_15_2;eslinne;lemma_27421;type_372539;ANLEGEN;entscheidungen.csv
WZB_158ra_23_7;eslinne;lemma_27421;type_372539;ANLEGEN;entscheidungen.csv
WZB_158rb_4_2;eslinne;lemma_27421;type_372539;ANLEGEN;entscheidungen.csv
WZB_158rb_9_2;eslinne;lemma_27421;type_372539;ANLEGEN;entscheidungen.csv
WZB_2rb_32_2;et;lemma_78608;type_372540;ANLEGEN;entscheidungen.csv
WZB_2rb_32_4;et;lemma_78608;type_372540;ANLEGEN;entscheidungen.csv
WZB_55rb_23_10;et;lemma_78608;type_372540;ANLEGEN;entscheidungen.csv
WZB_55rb_23_13;et;lemma_78608;type_372540;ANLEGEN;entscheidungen.csv
WZB_76rb_20_6;et;lemma_78608;type_372540;ANLEGEN;entscheidungen.csv
WZB_89vb_21_4;et;lemma_78608;type_372540;ANLEGEN;entscheidungen.csv
WZB_95va_26_4;et;lemma_78608;type_372540;ANLEGEN;entscheidungen.csv
WZB_112rb_16_5;et;lemma_78608;type_372540;ANLEGEN;entscheidungen.csv
WZB_122vb_6_7;et;lemma_78608;type_372540;ANLEGEN;entscheidungen.csv
WZB_143rb_26_3;et;lemma_78608;type_372540;ANLEGEN;entscheidungen.csv
WZB_145ra_12_5;et;lemma_78608;type_372540;ANLEGEN;entscheidungen.csv
WZB_151vb_10_5;et;lemma_78608;type_372540;ANLEGEN;entscheidungen.csv
WZB_157ra_8_4;et;lemma_78608;type_372540;ANLEGEN;entscheidungen.csv
WZB_181ra_31_6;et;lemma_78608;type_372540;ANLEGEN;entscheidungen.csv
WZB_213vb_19_5;et;lemma_78608;type_372540;ANLEGEN;entscheidungen.csv
WZB_217va_9_4;et;lemma_78608;type_372540;ANLEGEN;entscheidungen.csv
WZB_232ra_13_6;et;lemma_78608;type_372540;ANLEGEN;entscheidungen.csv
WZB_9ra_25_1;ew̆er;lemma_56117;type_372541;ANLEGEN;entscheidungen.csv
WZB_9ra_25_4;ew̆er;lemma_56117;type_372541;ANLEGEN;entscheidungen.csv
WZB_15rb_23_5;ew̆er;lemma_56117;type_372541;ANLEGEN;entscheidungen.csv
WZB_20rb_7_0;ew̆er;lemma_56117;type_372541;ANLEGEN;entscheidungen.csv
WZB_43vb_30_2;ew̆er;lemma_56117;type_372541;ANLEGEN;entscheidungen.csv
WZB_45ra_16_0;ew̆er;lemma_56117;type_372541;ANLEGEN;entscheidungen.csv
WZB_48ra_6_0;ew̆er;lemma_56117;type_372541;ANLEGEN;entscheidungen.csv
WZB_70va_6_6;ew̆er;lemma_56117;type_372541;ANLEGEN;entscheidungen.csv
WZB_75ra_21_6;ew̆er;lemma_56117;type_372541;ANLEGEN;entscheidungen.csv
WZB_77ra_25_3;ew̆er;lemma_56117;type_372541;ANLEGEN;entscheidungen.csv
WZB_78va_5_5;ew̆er;lemma_56117;type_372541;ANLEGEN;entscheidungen.csv
WZB_89va_37_1;ew̆er;lemma_56117;type_372541;ANLEGEN;entscheidungen.csv
WZB_176ra_32_0;ew̆er;lemma_56117;type_372541;ANLEGEN;entscheidungen.csv
WZB_232ra_26_7;ew̆er;lemma_56117;type_372541;ANLEGEN;entscheidungen.csv
WZB_237ra_2_1;ew̆er;lemma_56117;type_372541;ANLEGEN;entscheidungen.csv
WZB_238rb_5_1;ew̆er;lemma_56117;type_372541;ANLEGEN;entscheidungen.csv
WZB_10va_10_4;few̆er;lemma_7108;type_372542;ANLEGEN;entscheidungen.csv
WZB_17ra_36_1;few̆er;lemma_7108;type_372542;ANLEGEN;entscheidungen.csv
WZB_64vb_16_4;few̆er;lemma_7108;type_372542;ANLEGEN;entscheidungen.csv
WZB_64vb_21_3;few̆er;lemma_7108;type_372542;ANLEGEN;entscheidungen.csv
WZB_64vb_27_2;few̆er;lemma_7108;type_372542;ANLEGEN;entscheidungen.csv
WZB_76va_15_1;few̆er;lemma_7108;type_372542;ANLEGEN;entscheidungen.csv
WZB_76va_19_2;few̆er;lemma_7108;type_372542;ANLEGEN;entscheidungen.csv
WZB_79rb_18_0;few̆er;lemma_7108;type_372542;ANLEGEN;entscheidungen.csv
WZB_89va_2_3;few̆er;lemma_7108;type_372542;ANLEGEN;entscheidungen.csv
WZB_98vb_28_4;few̆er;lemma_7108;type_372542;ANLEGEN;entscheidungen.csv
WZB_99va_17_0;few̆er;lemma_7108;type_372542;ANLEGEN;entscheidungen.csv
WZB_100rb_5_7;few̆er;lemma_7108;type_372542;ANLEGEN;entscheidungen.csv
WZB_100va_4_1;few̆er;lemma_7108;type_372542;ANLEGEN;entscheidungen.csv
WZB_103rb_14_0;few̆er;lemma_7108;type_372542;ANLEGEN;entscheidungen.csv
WZB_103va_2_6;few̆er;lemma_7108;type_372542;ANLEGEN;entscheidungen.csv
WZB_103va_10_1;few̆er;lemma_7108;type_372542;ANLEGEN;entscheidungen.csv
WZB_103vb_25_4;few̆er;lemma_7108;type_372542;ANLEGEN;entscheidungen.csv
WZB_107va_4_4;few̆er;lemma_7108;type_372542;ANLEGEN;entscheidungen.csv
WZB_107vb_10_1;few̆er;lemma_7108;type_372542;ANLEGEN;entscheidungen.csv
WZB_107vb_21_1;few̆er;lemma_7108;type_372542;ANLEGEN;entscheidungen.csv
WZB_107vb_23_2;few̆er;lemma_7108;type_372542;ANLEGEN;entscheidungen.csv
WZB_115vb_36_2;few̆er;lemma_7108;type_372542;ANLEGEN;entscheidungen.csv
WZB_116va_26_4;few̆er;lemma_7108;type_372542;ANLEGEN;entscheidungen.csv
WZB_168ra_32_3;few̆er;lemma_7108;type_372542;ANLEGEN;entscheidungen.csv
WZB_220vb_15_0;few̆er;lemma_7108;type_372542;ANLEGEN;entscheidungen.csv
WZB_13vb_22_2;few̆ers;lemma_7108;type_372543;ANLEGEN;entscheidungen.csv
WZB_67rb_19_0;few̆ers;lemma_7108;type_372543;ANLEGEN;entscheidungen.csv
WZB_95vb_4_2;few̆ers;lemma_7108;type_372543;ANLEGEN;entscheidungen.csv
WZB_100va_35_2;few̆ers;lemma_7108;type_372543;ANLEGEN;entscheidungen.csv
WZB_182ra_16_5;few̆ers;lemma_7108;type_372543;ANLEGEN;entscheidungen.csv
WZB_185vb_15_5;few̆ers;lemma_7108;type_372543;ANLEGEN;entscheidungen.csv
WZB_186vb_12_1;few̆ers;lemma_7108;type_372543;ANLEGEN;entscheidungen.csv
WZB_29vb_6_4;fleckecht;lemma_68428;type_372544;ANLEGEN;entscheidungen.csv
WZB_29vb_13_5;fleckecht;lemma_68428;type_372544;ANLEGEN;entscheidungen.csv
WZB_29vb_20_2;fleckecht;lemma_68428;type_372544;ANLEGEN;entscheidungen.csv
WZB_30va_21_0;fleckecht;lemma_68428;type_372544;ANLEGEN;entscheidungen.csv
WZB_30va_29_2;fleckecht;lemma_68428;type_372544;ANLEGEN;entscheidungen.csv
WZB_7rb_37_1;flute;lemma_7152;type_372545;ANLEGEN;entscheidungen.csv
WZB_7vb_13_1;flute;lemma_7152;type_372545;ANLEGEN;entscheidungen.csv
WZB_7vb_18_3;flute;lemma_7152;type_372545;ANLEGEN;entscheidungen.csv
WZB_7vb_28_1;flute;lemma_7152;type_372545;ANLEGEN;entscheidungen.csv
WZB_8ra_22_4;flute;lemma_7152;type_372545;ANLEGEN;entscheidungen.csv
WZB_9rb_26_3;flute;lemma_7152;type_372545;ANLEGEN;entscheidungen.csv
WZB_9va_7_5;flute;lemma_7152;type_372545;ANLEGEN;entscheidungen.csv
WZB_9vb_16_3;flute;lemma_7152;type_372545;ANLEGEN;entscheidungen.csv
WZB_9vb_24_3;flute;lemma_7152;type_372545;ANLEGEN;entscheidungen.csv
WZB_10vb_8_3;flute;lemma_7152;type_372545;ANLEGEN;entscheidungen.csv
WZB_107va_19_5;friedsamen;lemma_15793;type_372546;ANLEGEN;entscheidungen.csv
WZB_107vb_2_3;friedsamen;lemma_15793;type_372546;ANLEGEN;entscheidungen.csv
WZB_136vb_21_1;friedsamen;lemma_15793;type_372546;ANLEGEN;entscheidungen.csv
WZB_136vb_32_2;friedsamen;lemma_15793;type_372546;ANLEGEN;entscheidungen.csv
WZB_137ra_8_1;friedsamen;lemma_15793;type_372546;ANLEGEN;entscheidungen.csv
WZB_137vb_19_4;friedsamen;lemma_15793;type_372546;ANLEGEN;entscheidungen.csv
WZB_138ra_21_2;friedsamen;lemma_15793;type_372546;ANLEGEN;entscheidungen.csv
WZB_138rb_7_2;friedsamen;lemma_15793;type_372546;ANLEGEN;entscheidungen.csv
WZB_138rb_28_0;friedsamen;lemma_15793;type_372546;ANLEGEN;entscheidungen.csv
WZB_138vb_12_3;friedsamen;lemma_15793;type_372546;ANLEGEN;entscheidungen.csv
WZB_138vb_32_3;friedsamen;lemma_15793;type_372546;ANLEGEN;entscheidungen.csv
WZB_139ra_18_6;friedsamen;lemma_15793;type_372546;ANLEGEN;entscheidungen.csv
WZB_139rb_19_1;friedsamen;lemma_15793;type_372546;ANLEGEN;entscheidungen.csv
WZB_139va_7_1;friedsamen;lemma_15793;type_372546;ANLEGEN;entscheidungen.csv
WZB_139vb_6_3;friedsamen;lemma_15793;type_372546;ANLEGEN;entscheidungen.csv
WZB_139vb_26_1;friedsamen;lemma_15793;type_372546;ANLEGEN;entscheidungen.csv
WZB_140ra_20_2;friedsamen;lemma_15793;type_372546;ANLEGEN;entscheidungen.csv
WZB_142va_20_1;friedsamen;lemma_15793;type_372546;ANLEGEN;entscheidungen.csv
WZB_148rb_21_1;friedsamen;lemma_15793;type_372546;ANLEGEN;entscheidungen.csv
WZB_148rb_29_4;friedsamen;lemma_15793;type_372546;ANLEGEN;entscheidungen.csv
WZB_124ra_34_0;frŭchte;lemma_7273;type_372547;ANLEGEN;entscheidungen.csv
WZB_126ra_7_0;frŭchte;lemma_7273;type_372547;ANLEGEN;entscheidungen.csv
WZB_173ra_29_4;frŭnt;lemma_7246;type_372548;ANLEGEN;entscheidungen.csv
WZB_122vb_27_1;funfczehenden;lemma_7291;type_372549;ANLEGEN;entscheidungen.csv
WZB_124ra_3_2;funfczehenden;lemma_7291;type_372549;ANLEGEN;entscheidungen.csv
WZB_124ra_31_0;funfczehenden;lemma_7291;type_372549;ANLEGEN;entscheidungen.csv
WZB_164vb_7_3;funfczehenden;lemma_7291;type_372549;ANLEGEN;entscheidungen.csv
WZB_165va_34_4;funfczehenden;lemma_7291;type_372549;ANLEGEN;entscheidungen.csv
WZB_170vb_6_2;funfczehenden;lemma_7291;type_372549;ANLEGEN;entscheidungen.csv
WZB_125va_19_2;funfczigste;lemma_37908;type_372550;ANLEGEN;entscheidungen.csv
WZB_125va_29_3;funfczigste;lemma_37908;type_372550;ANLEGEN;entscheidungen.csv
WZB_141ra_20_0;funfczigste;lemma_37908;type_372550;ANLEGEN;entscheidungen.csv
WZB_168va_8_1;funfczigste;lemma_37908;type_372550;ANLEGEN;entscheidungen.csv
WZB_174ra_16_1;funfczigste;lemma_37908;type_372550;ANLEGEN;entscheidungen.csv
WZB_133srb_23_0;funfczigsten;lemma_37908;type_372551;ANLEGEN;entscheidungen.csv
WZB_134va_25_5;funfczigsten;lemma_37908;type_372551;ANLEGEN;entscheidungen.csv
WZB_134vb_5_3;funfczigsten;lemma_37908;type_372551;ANLEGEN;entscheidungen.csv
WZB_134vb_18_0;funfczigsten;lemma_37908;type_372551;ANLEGEN;entscheidungen.csv
WZB_134vb_33_3;funfczigsten;lemma_37908;type_372551;ANLEGEN;entscheidungen.csv
WZB_81vb_5_6;furhank;lemma_30875;type_372552;ANLEGEN;entscheidungen.csv
WZB_81vb_18_3;furhank;lemma_30875;type_372552;ANLEGEN;entscheidungen.csv
WZB_81vb_20_0;furhank;lemma_30875;type_372552;ANLEGEN;entscheidungen.csv
WZB_82ra_14_0;furhank;lemma_30875;type_372552;ANLEGEN;entscheidungen.csv
WZB_82ra_24_4;furhank;lemma_30875;type_372552;ANLEGEN;entscheidungen.csv
WZB_85va_3_3;fuzes;lemma_7320;type_372553;ANLEGEN;entscheidungen.csv
WZB_106rb_4_4;fuzes;lemma_7320;type_372553;ANLEGEN;entscheidungen.csv
WZB_112vb_31_6;fuzes;lemma_7320;type_372553;ANLEGEN;entscheidungen.csv
WZB_113ra_7_2;fuzes;lemma_7320;type_372553;ANLEGEN;entscheidungen.csv
WZB_113rb_7_1;fuzes;lemma_7320;type_372553;ANLEGEN;entscheidungen.csv
WZB_113rb_16_0;fuzes;lemma_7320;type_372553;ANLEGEN;entscheidungen.csv
WZB_121rb_20_4;fuzes;lemma_7320;type_372553;ANLEGEN;entscheidungen.csv
WZB_53rb_20_4;fŭnf;lemma_7285;type_372554;ANLEGEN;entscheidungen.csv
WZB_112vb_19_0;ganczenczunte;lemma_1511;type_372555;ANLEGEN;entscheidungen.csv
WZB_164rb_5_3;ganczenczunte;lemma_1511;type_372555;ANLEGEN;entscheidungen.csv
WZB_164va_32_0;ganczenczunte;lemma_1511;type_372555;ANLEGEN;entscheidungen.csv
WZB_165ra_27_0;ganczenczunte;lemma_1511;type_372555;ANLEGEN;entscheidungen.csv
WZB_165rb_18_5;ganczenczunte;lemma_1511;type_372555;ANLEGEN;entscheidungen.csv
WZB_165va_32_0;ganczenczunte;lemma_1511;type_372555;ANLEGEN;entscheidungen.csv
WZB_165vb_23_1;ganczenczunte;lemma_1511;type_372555;ANLEGEN;entscheidungen.csv
WZB_165vb_36_2;ganczenczunte;lemma_1511;type_372555;ANLEGEN;entscheidungen.csv
WZB_166rb_3_4;ganczenczunte;lemma_1511;type_372555;ANLEGEN;entscheidungen.csv
WZB_166rb_15_4;ganczenczunte;lemma_1511;type_372555;ANLEGEN;entscheidungen.csv
WZB_166rb_28_2;ganczenczunte;lemma_1511;type_372555;ANLEGEN;entscheidungen.csv
WZB_166va_5_1;ganczenczunte;lemma_1511;type_372555;ANLEGEN;entscheidungen.csv
WZB_166va_21_2;ganczenczunte;lemma_1511;type_372555;ANLEGEN;entscheidungen.csv
WZB_237ra_26_3;ganczenczunte;lemma_1511;type_372555;ANLEGEN;entscheidungen.csv
WZB_237rb_18_3;ganczenczunte;lemma_1511;type_372555;ANLEGEN;entscheidungen.csv
WZB_115rb_15_3;ganczenczuntem;lemma_1511;type_372556;ANLEGEN;entscheidungen.csv
WZB_115va_15_1;ganczenczuntem;lemma_1511;type_372556;ANLEGEN;entscheidungen.csv
WZB_123rb_1_3;ganczenczuntem;lemma_1511;type_372556;ANLEGEN;entscheidungen.csv
WZB_123va_3_3;ganczenczuntem;lemma_1511;type_372556;ANLEGEN;entscheidungen.csv
WZB_136va_17_1;ganczenczuntem;lemma_1511;type_372556;ANLEGEN;entscheidungen.csv
WZB_136vb_29_5;ganczenczuntem;lemma_1511;type_372556;ANLEGEN;entscheidungen.csv
WZB_137vb_16_5;ganczenczuntem;lemma_1511;type_372556;ANLEGEN;entscheidungen.csv
WZB_138ra_18_1;ganczenczuntem;lemma_1511;type_372556;ANLEGEN;entscheidungen.csv
WZB_138rb_25_1;ganczenczuntem;lemma_1511;type_372556;ANLEGEN;entscheidungen.csv
WZB_138va_9_0;ganczenczuntem;lemma_1511;type_372556;ANLEGEN;entscheidungen.csv
WZB_138vb_9_4;ganczenczuntem;lemma_1511;type_372556;ANLEGEN;entscheidungen.csv
WZB_138vb_29_4;ganczenczuntem;lemma_1511;type_372556;ANLEGEN;entscheidungen.csv
WZB_139ra_16_1;ganczenczuntem;lemma_1511;type_372556;ANLEGEN;entscheidungen.csv
WZB_139rb_16_2;ganczenczuntem;lemma_1511;type_372556;ANLEGEN;entscheidungen.csv
WZB_139va_4_2;ganczenczuntem;lemma_1511;type_372556;ANLEGEN;entscheidungen.csv
WZB_139vb_3_5;ganczenczuntem;lemma_1511;type_372556;ANLEGEN;entscheidungen.csv
WZB_139vb_23_2;ganczenczuntem;lemma_1511;type_372556;ANLEGEN;entscheidungen.csv
WZB_140ra_16_0;ganczenczuntem;lemma_1511;type_372556;ANLEGEN;entscheidungen.csv
WZB_140vb_2_5;ganczenczuntem;lemma_1511;type_372556;ANLEGEN;entscheidungen.csv
WZB_148rb_12_2;ganczenczuntem;lemma_1511;type_372556;ANLEGEN;entscheidungen.csv
WZB_148rb_28_4;ganczenczuntem;lemma_1511;type_372556;ANLEGEN;entscheidungen.csv
WZB_148vb_9_5;ganczenczuntem;lemma_1511;type_372556;ANLEGEN;entscheidungen.csv
WZB_164vb_2_1;ganczenczuntem;lemma_1511;type_372556;ANLEGEN;entscheidungen.csv
WZB_98va_25_3;ganczenczunten;lemma_1511;type_372557;ANLEGEN;entscheidungen.csv
WZB_99va_22_2;ganczenczunten;lemma_1511;type_372557;ANLEGEN;entscheidungen.csv
WZB_101rb_2_1;ganczenczunten;lemma_1511;type_372557;ANLEGEN;entscheidungen.csv
WZB_102ra_19_3;ganczenczunten;lemma_1511;type_372557;ANLEGEN;entscheidungen.csv
WZB_105rb_20_1;ganczenczunten;lemma_1511;type_372557;ANLEGEN;entscheidungen.csv
WZB_106ra_13_0;ganczenczunten;lemma_1511;type_372557;ANLEGEN;entscheidungen.csv
WZB_107ra_12_1;ganczenczunten;lemma_1511;type_372557;ANLEGEN;entscheidungen.csv
WZB_107rb_15_5;ganczenczunten;lemma_1511;type_372557;ANLEGEN;entscheidungen.csv
WZB_158va_29_0;ganczenczunten;lemma_1511;type_372557;ANLEGEN;entscheidungen.csv
WZB_158vb_12_3;ganczenczunten;lemma_1511;type_372557;ANLEGEN;entscheidungen.csv
WZB_159rb_10_2;ganczenczunten;lemma_1511;type_372557;ANLEGEN;entscheidungen.csv
WZB_164ra_31_0;ganczenczunten;lemma_1511;type_372557;ANLEGEN;entscheidungen.csv
WZB_164va_5_3;ganczenczunten;lemma_1511;type_372557;ANLEGEN;entscheidungen.csv
WZB_164vb_35_0;ganczenczunten;lemma_1511;type_372557;ANLEGEN;entscheidungen.csv
WZB_166va_27_2;ganczenczunten;lemma_1511;type_372557;ANLEGEN;entscheidungen.csv
WZB_99ra_11_6;ganczenczuntes;lemma_1511;type_372558;ANLEGEN;entscheidungen.csv
WZB_103va_7_2;ganczenczuntes;lemma_1511;type_372558;ANLEGEN;entscheidungen.csv
WZB_123vb_13_1;ganczenczuntes;lemma_1511;type_372558;ANLEGEN;entscheidungen.csv
WZB_148va_4_2;ganczenczuntes;lemma_1511;type_372558;ANLEGEN;entscheidungen.csv
WZB_165ra_11_5;ganczenczuntes;lemma_1511;type_372558;ANLEGEN;entscheidungen.csv
WZB_165va_14_2;ganczenczuntes;lemma_1511;type_372558;ANLEGEN;entscheidungen.csv
WZB_165vb_6_2;ganczenczuntes;lemma_1511;type_372558;ANLEGEN;entscheidungen.csv
WZB_166va_11_0;ganczenczuntes;lemma_1511;type_372558;ANLEGEN;entscheidungen.csv
WZB_189rb_18_4;ganczenczuntes;lemma_1511;type_372558;ANLEGEN;entscheidungen.csv
WZB_189rb_33_1;ganczenczuntes;lemma_1511;type_372558;ANLEGEN;entscheidungen.csv
WZB_203vb_2_3;ganczenczuntes;lemma_1511;type_372558;ANLEGEN;entscheidungen.csv
WZB_83rb_25_4;gebleichter;lemma_744;type_372559;ANLEGEN;entscheidungen.csv
WZB_93vb_9_3;gebleichter;lemma_744;type_372559;ANLEGEN;entscheidungen.csv
WZB_94va_25_2;gebleichter;lemma_744;type_372559;ANLEGEN;entscheidungen.csv
WZB_95vb_25_3;gebleichter;lemma_744;type_372559;ANLEGEN;entscheidungen.csv
WZB_96ra_18_1;gebleichter;lemma_744;type_372559;ANLEGEN;entscheidungen.csv
WZB_96rb_8_1;gebleichter;lemma_744;type_372559;ANLEGEN;entscheidungen.csv
WZB_96vb_25_1;gebleichter;lemma_744;type_372559;ANLEGEN;entscheidungen.csv
WZB_97rb_29_0;gebleichter;lemma_744;type_372559;ANLEGEN;entscheidungen.csv
WZB_97va_10_2;gebleichter;lemma_744;type_372559;ANLEGEN;entscheidungen.csv
WZB_35rb_8_6;gebrouchen;lemma_1984;type_372560;ANLEGEN;entscheidungen.csv
WZB_83ra_6_0;gebrouchen;lemma_1984;type_372560;ANLEGEN;entscheidungen.csv
WZB_83rb_5_0;gebrouchen;lemma_1984;type_372560;ANLEGEN;entscheidungen.csv
WZB_84va_18_1;gebrouchen;lemma_1984;type_372560;ANLEGEN;entscheidungen.csv
WZB_85vb_24_4;gebrouchen;lemma_1984;type_372560;ANLEGEN;entscheidungen.csv
WZB_86rb_35_5;gebrouchen;lemma_1984;type_372560;ANLEGEN;entscheidungen.csv
WZB_87va_5_0;gebrouchen;lemma_1984;type_372560;ANLEGEN;entscheidungen.csv
WZB_88ra_21_0;gebrouchen;lemma_1984;type_372560;ANLEGEN;entscheidungen.csv
WZB_92vb_30_6;gebrouchen;lemma_1984;type_372560;ANLEGEN;entscheidungen.csv
WZB_105rb_14_14;gebrouchen;lemma_1984;type_372560;ANLEGEN;entscheidungen.csv
WZB_133ra_3_0;gebrouchen;lemma_1984;type_372560;ANLEGEN;entscheidungen.csv
WZB_198vb_19_2;gebrouchen;lemma_1984;type_372560;ANLEGEN;entscheidungen.csv
WZB_213ra_19_1;gebrouchen;lemma_1984;type_372560;ANLEGEN;entscheidungen.csv
WZB_231vb_28_3;gebrouchen;lemma_1984;type_372560;ANLEGEN;entscheidungen.csv
WZB_82va_24_4;geceldis;lemma_2361;type_372561;ANLEGEN;entscheidungen.csv
WZB_88ra_10_6;geceldis;lemma_2361;type_372561;ANLEGEN;entscheidungen.csv
WZB_90rb_13_5;geceldis;lemma_2361;type_372561;ANLEGEN;entscheidungen.csv
WZB_115rb_12_5;geceldis;lemma_2361;type_372561;ANLEGEN;entscheidungen.csv
WZB_134ra_17_5;geceldis;lemma_2361;type_372561;ANLEGEN;entscheidungen.csv
WZB_153rb_4_4;geceldis;lemma_2361;type_372561;ANLEGEN;entscheidungen.csv
WZB_160vb_22_5;geceldis;lemma_2361;type_372561;ANLEGEN;entscheidungen.csv
WZB_81va_12_3;geczelde;lemma_2361;type_372562;ANLEGEN;entscheidungen.csv
WZB_82vb_28_3;geczelde;lemma_2361;type_372562;ANLEGEN;entscheidungen.csv
WZB_87vb_10_3;geczelde;lemma_2361;type_372562;ANLEGEN;entscheidungen.csv
WZB_90rb_8_5;geczelde;lemma_2361;type_372562;ANLEGEN;entscheidungen.csv
WZB_90rb_11_3;geczelde;lemma_2361;type_372562;ANLEGEN;entscheidungen.csv
WZB_90va_11_4;geczelde;lemma_2361;type_372562;ANLEGEN;entscheidungen.csv
WZB_92vb_25_5;geczelde;lemma_2361;type_372562;ANLEGEN;entscheidungen.csv
WZB_98ra_17_2;geczelde;lemma_2361;type_372562;ANLEGEN;entscheidungen.csv
WZB_98vb_28_1;geczelde;lemma_2361;type_372562;ANLEGEN;entscheidungen.csv
WZB_99ra_5_2;geczelde;lemma_2361;type_372562;ANLEGEN;entscheidungen.csv
WZB_101ra_19_8;geczelde;lemma_2361;type_372562;ANLEGEN;entscheidungen.csv
WZB_101va_16_0;geczelde;lemma_2361;type_372562;ANLEGEN;entscheidungen.csv
WZB_104ra_4_3;geczelde;lemma_2361;type_372562;ANLEGEN;entscheidungen.csv
WZB_106vb_12_0;geczelde;lemma_2361;type_372562;ANLEGEN;entscheidungen.csv
WZB_112va_31_4;geczelde;lemma_2361;type_372562;ANLEGEN;entscheidungen.csv
WZB_116ra_20_2;geczelde;lemma_2361;type_372562;ANLEGEN;entscheidungen.csv
WZB_116ra_23_6;geczelde;lemma_2361;type_372562;ANLEGEN;entscheidungen.csv
WZB_124va_4_2;geczelde;lemma_2361;type_372562;ANLEGEN;entscheidungen.csv
WZB_130rb_5_1;geczelde;lemma_2361;type_372562;ANLEGEN;entscheidungen.csv
WZB_133ra_15_4;geczelde;lemma_2361;type_372562;ANLEGEN;entscheidungen.csv
WZB_133va_6_6;geczelde;lemma_2361;type_372562;ANLEGEN;entscheidungen.csv
WZB_133va_10_3;geczelde;lemma_2361;type_372562;ANLEGEN;entscheidungen.csv
WZB_133vb_28_5;geczelde;lemma_2361;type_372562;ANLEGEN;entscheidungen.csv
WZB_133srb_25_2;geczelde;lemma_2361;type_372562;ANLEGEN;entscheidungen.csv
WZB_134ra_8_2;geczelde;lemma_2361;type_372562;ANLEGEN;entscheidungen.csv
WZB_134rb_6_4;geczelde;lemma_2361;type_372562;ANLEGEN;entscheidungen.csv
WZB_134rb_18_7;geczelde;lemma_2361;type_372562;ANLEGEN;entscheidungen.csv
WZB_134rb_28_2;geczelde;lemma_2361;type_372562;ANLEGEN;entscheidungen.csv
WZB_134va_16_4;geczelde;lemma_2361;type_372562;ANLEGEN;entscheidungen.csv
WZB_134vb_7_2;geczelde;lemma_2361;type_372562;ANLEGEN;entscheidungen.csv
WZB_140vb_30_1;geczelde;lemma_2361;type_372562;ANLEGEN;entscheidungen.csv
WZB_141ra_18_1;geczelde;lemma_2361;type_372562;ANLEGEN;entscheidungen.csv
WZB_141ra_23_2;geczelde;lemma_2361;type_372562;ANLEGEN;entscheidungen.csv
WZB_141vb_34_3;geczelde;lemma_2361;type_372562;ANLEGEN;entscheidungen.csv
WZB_142va_27_4;geczelde;lemma_2361;type_372562;ANLEGEN;entscheidungen.csv
WZB_145ra_27_3;geczelde;lemma_2361;type_372562;ANLEGEN;entscheidungen.csv
WZB_145rb_20_2;geczelde;lemma_2361;type_372562;ANLEGEN;entscheidungen.csv
WZB_151ra_9_8;geczelde;lemma_2361;type_372562;ANLEGEN;entscheidungen.csv
WZB_151vb_7_5;geczelde;lemma_2361;type_372562;ANLEGEN;entscheidungen.csv
WZB_151vb_25_3;geczelde;lemma_2361;type_372562;ANLEGEN;entscheidungen.csv
WZB_152vb_5_3;geczelde;lemma_2361;type_372562;ANLEGEN;entscheidungen.csv
WZB_152vb_7_7;geczelde;lemma_2361;type_372562;ANLEGEN;entscheidungen.csv
WZB_152vb_10_4;geczelde;lemma_2361;type_372562;ANLEGEN;entscheidungen.csv
WZB_153ra_16_4;geczelde;lemma_2361;type_372562;ANLEGEN;entscheidungen.csv
WZB_153vb_7_2;geczelde;lemma_2361;type_372562;ANLEGEN;entscheidungen.csv
WZB_159vb_10_1;geczelde;lemma_2361;type_372562;ANLEGEN;entscheidungen.csv
WZB_168vb_25_4;geczelde;lemma_2361;type_372562;ANLEGEN;entscheidungen.csv
WZB_209va_24_6;geczelde;lemma_2361;type_372562;ANLEGEN;entscheidungen.csv
WZB_220va_29_0;geczelde;lemma_2361;type_372562;ANLEGEN;entscheidungen.csv
WZB_237va_5_3;geczelde;lemma_2361;type_372562;ANLEGEN;entscheidungen.csv
WZB_124rb_19_2;geczelden;lemma_2361;type_372563;ANLEGEN;entscheidungen.csv
WZB_124rb_21_4;geczelden;lemma_2361;type_372563;ANLEGEN;entscheidungen.csv
WZB_150rb_9_2;geczelden;lemma_2361;type_372563;ANLEGEN;entscheidungen.csv
WZB_150rb_15_6;geczelden;lemma_2361;type_372563;ANLEGEN;entscheidungen.csv
WZB_150rb_21_2;geczelden;lemma_2361;type_372563;ANLEGEN;entscheidungen.csv
WZB_150va_14_4;geczelden;lemma_2361;type_372563;ANLEGEN;entscheidungen.csv
WZB_159vb_9_3;geczelden;lemma_2361;type_372563;ANLEGEN;entscheidungen.csv
WZB_187vb_19_1;geczelden;lemma_2361;type_372563;ANLEGEN;entscheidungen.csv
WZB_212vb_35_0;geczelden;lemma_2361;type_372563;ANLEGEN;entscheidungen.csv
WZB_216rb_21_2;geczelden;lemma_2361;type_372563;ANLEGEN;entscheidungen.csv
WZB_79va_16_1;geczeldis;lemma_2361;type_372564;ANLEGEN;entscheidungen.csv
WZB_81rb_7_3;geczeldis;lemma_2361;type_372564;ANLEGEN;entscheidungen.csv
WZB_81rb_20_2;geczeldis;lemma_2361;type_372564;ANLEGEN;entscheidungen.csv
WZB_82ra_11_0;geczeldis;lemma_2361;type_372564;ANLEGEN;entscheidungen.csv
WZB_82ra_15_1;geczeldis;lemma_2361;type_372564;ANLEGEN;entscheidungen.csv
WZB_82va_2_0;geczeldis;lemma_2361;type_372564;ANLEGEN;entscheidungen.csv
WZB_82va_18_2;geczeldis;lemma_2361;type_372564;ANLEGEN;entscheidungen.csv
WZB_82va_36_1;geczeldis;lemma_2361;type_372564;ANLEGEN;entscheidungen.csv
WZB_82vb_10_1;geczeldis;lemma_2361;type_372564;ANLEGEN;entscheidungen.csv
WZB_82vb_20_6;geczeldis;lemma_2361;type_372564;ANLEGEN;entscheidungen.csv
WZB_84vb_14_3;geczeldis;lemma_2361;type_372564;ANLEGEN;entscheidungen.csv
WZB_85ra_19_3;geczeldis;lemma_2361;type_372564;ANLEGEN;entscheidungen.csv
WZB_85vb_35_1;geczeldis;lemma_2361;type_372564;ANLEGEN;entscheidungen.csv
WZB_86rb_25_1;geczeldis;lemma_2361;type_372564;ANLEGEN;entscheidungen.csv
WZB_87ra_21_4;geczeldis;lemma_2361;type_372564;ANLEGEN;entscheidungen.csv
WZB_90va_2_1;geczeldis;lemma_2361;type_372564;ANLEGEN;entscheidungen.csv
WZB_92vb_16_2;geczeldis;lemma_2361;type_372564;ANLEGEN;entscheidungen.csv
WZB_92vb_22_2;geczeldis;lemma_2361;type_372564;ANLEGEN;entscheidungen.csv
WZB_93ra_2_2;geczeldis;lemma_2361;type_372564;ANLEGEN;entscheidungen.csv
WZB_93vb_8_2;geczeldis;lemma_2361;type_372564;ANLEGEN;entscheidungen.csv
WZB_94ra_2_2;geczeldis;lemma_2361;type_372564;ANLEGEN;entscheidungen.csv
WZB_94ra_20_0;geczeldis;lemma_2361;type_372564;ANLEGEN;entscheidungen.csv
WZB_94ra_25_1;geczeldis;lemma_2361;type_372564;ANLEGEN;entscheidungen.csv
WZB_94ra_34_2;geczeldis;lemma_2361;type_372564;ANLEGEN;entscheidungen.csv
WZB_94rb_7_3;geczeldis;lemma_2361;type_372564;ANLEGEN;entscheidungen.csv
WZB_94rb_13_5;geczeldis;lemma_2361;type_372564;ANLEGEN;entscheidungen.csv
WZB_94rb_17_1;geczeldis;lemma_2361;type_372564;ANLEGEN;entscheidungen.csv
WZB_94rb_30_2;geczeldis;lemma_2361;type_372564;ANLEGEN;entscheidungen.csv
WZB_94rb_34_4;geczeldis;lemma_2361;type_372564;ANLEGEN;entscheidungen.csv
WZB_94va_22_4;geczeldis;lemma_2361;type_372564;ANLEGEN;entscheidungen.csv
WZB_95vb_22_5;geczeldis;lemma_2361;type_372564;ANLEGEN;entscheidungen.csv
WZB_96ra_13_1;geczeldis;lemma_2361;type_372564;ANLEGEN;entscheidungen.csv
WZB_96ra_16_6;geczeldis;lemma_2361;type_372564;ANLEGEN;entscheidungen.csv
WZB_96rb_2_0;geczeldis;lemma_2361;type_372564;ANLEGEN;entscheidungen.csv
WZB_96rb_13_1;geczeldis;lemma_2361;type_372564;ANLEGEN;entscheidungen.csv
WZB_96rb_18_2;geczeldis;lemma_2361;type_372564;ANLEGEN;entscheidungen.csv
WZB_96rb_19_1;geczeldis;lemma_2361;type_372564;ANLEGEN;entscheidungen.csv
WZB_96rb_21_0;geczeldis;lemma_2361;type_372564;ANLEGEN;entscheidungen.csv
WZB_96vb_6_1;geczeldis;lemma_2361;type_372564;ANLEGEN;entscheidungen.csv
WZB_96vb_10_4;geczeldis;lemma_2361;type_372564;ANLEGEN;entscheidungen.csv
WZB_96vb_11_3;geczeldis;lemma_2361;type_372564;ANLEGEN;entscheidungen.csv
WZB_97va_25_1;geczeldis;lemma_2361;type_372564;ANLEGEN;entscheidungen.csv
WZB_97vb_11_0;geczeldis;lemma_2361;type_372564;ANLEGEN;entscheidungen.csv
WZB_97vb_15_1;geczeldis;lemma_2361;type_372564;ANLEGEN;entscheidungen.csv
WZB_97vb_18_0;geczeldis;lemma_2361;type_372564;ANLEGEN;entscheidungen.csv
WZB_97vb_22_0;geczeldis;lemma_2361;type_372564;ANLEGEN;entscheidungen.csv
WZB_98ra_13_1;geczeldis;lemma_2361;type_372564;ANLEGEN;entscheidungen.csv
WZB_98ra_33_4;geczeldis;lemma_2361;type_372564;ANLEGEN;entscheidungen.csv
WZB_98va_24_1;geczeldis;lemma_2361;type_372564;ANLEGEN;entscheidungen.csv
WZB_98vb_7_4;geczeldis;lemma_2361;type_372564;ANLEGEN;entscheidungen.csv
WZB_99ra_15_2;geczeldis;lemma_2361;type_372564;ANLEGEN;entscheidungen.csv
WZB_99rb_6_4;geczeldis;lemma_2361;type_372564;ANLEGEN;entscheidungen.csv
WZB_100rb_25_4;geczeldis;lemma_2361;type_372564;ANLEGEN;entscheidungen.csv
WZB_100va_17_4;geczeldis;lemma_2361;type_372564;ANLEGEN;entscheidungen.csv
WZB_100vb_5_4;geczeldis;lemma_2361;type_372564;ANLEGEN;entscheidungen.csv
WZB_101rb_3_4;geczeldis;lemma_2361;type_372564;ANLEGEN;entscheidungen.csv
WZB_101rb_37_4;geczeldis;lemma_2361;type_372564;ANLEGEN;entscheidungen.csv
WZB_101va_20_7;geczeldis;lemma_2361;type_372564;ANLEGEN;entscheidungen.csv
WZB_103va_27_3;geczeldis;lemma_2361;type_372564;ANLEGEN;entscheidungen.csv
WZB_103va_28_0;geczeldis;lemma_2361;type_372564;ANLEGEN;entscheidungen.csv
WZB_104ra_4_5;geczeldis;lemma_2361;type_372564;ANLEGEN;entscheidungen.csv
WZB_105va_5_6;geczeldis;lemma_2361;type_372564;ANLEGEN;entscheidungen.csv
WZB_105va_9_2;geczeldis;lemma_2361;type_372564;ANLEGEN;entscheidungen.csv
WZB_106va_31_4;geczeldis;lemma_2361;type_372564;ANLEGEN;entscheidungen.csv
WZB_106vb_4_2;geczeldis;lemma_2361;type_372564;ANLEGEN;entscheidungen.csv
WZB_107ra_23_4;geczeldis;lemma_2361;type_372564;ANLEGEN;entscheidungen.csv
WZB_108rb_2_3;geczeldis;lemma_2361;type_372564;ANLEGEN;entscheidungen.csv
WZB_110rb_19_5;geczeldis;lemma_2361;type_372564;ANLEGEN;entscheidungen.csv
WZB_112vb_10_4;geczeldis;lemma_2361;type_372564;ANLEGEN;entscheidungen.csv
WZB_113ra_33_4;geczeldis;lemma_2361;type_372564;ANLEGEN;entscheidungen.csv
WZB_114vb_10_0;geczeldis;lemma_2361;type_372564;ANLEGEN;entscheidungen.csv
WZB_115vb_13_2;geczeldis;lemma_2361;type_372564;ANLEGEN;entscheidungen.csv
WZB_117ra_5_1;geczeldis;lemma_2361;type_372564;ANLEGEN;entscheidungen.csv
WZB_117ra_13_2;geczeldis;lemma_2361;type_372564;ANLEGEN;entscheidungen.csv
WZB_117ra_18_5;geczeldis;lemma_2361;type_372564;ANLEGEN;entscheidungen.csv
WZB_117rb_12_1;geczeldis;lemma_2361;type_372564;ANLEGEN;entscheidungen.csv
WZB_119ra_29_4;geczeldis;lemma_2361;type_372564;ANLEGEN;entscheidungen.csv
WZB_131va_15_2;geczeldis;lemma_2361;type_372564;ANLEGEN;entscheidungen.csv
WZB_131vb_5_4;geczeldis;lemma_2361;type_372564;ANLEGEN;entscheidungen.csv
WZB_131vb_9_5;geczeldis;lemma_2361;type_372564;ANLEGEN;entscheidungen.csv
WZB_131vb_19_0;geczeldis;lemma_2361;type_372564;ANLEGEN;entscheidungen.csv
WZB_133ra_17_3;geczeldis;lemma_2361;type_372564;ANLEGEN;entscheidungen.csv
WZB_133va_16_0;geczeldis;lemma_2361;type_372564;ANLEGEN;entscheidungen.csv
WZB_133va_18_2;geczeldis;lemma_2361;type_372564;ANLEGEN;entscheidungen.csv
WZB_133va_20_5;geczeldis;lemma_2361;type_372564;ANLEGEN;entscheidungen.csv
WZB_133vb_20_5;geczeldis;lemma_2361;type_372564;ANLEGEN;entscheidungen.csv
WZB_133vb_25_0;geczeldis;lemma_2361;type_372564;ANLEGEN;entscheidungen.csv
WZB_134rb_9_2;geczeldis;lemma_2361;type_372564;ANLEGEN;entscheidungen.csv
WZB_134rb_15_1;geczeldis;lemma_2361;type_372564;ANLEGEN;entscheidungen.csv
WZB_134va_6_2;geczeldis;lemma_2361;type_372564;ANLEGEN;entscheidungen.csv
WZB_134va_9_0;geczeldis;lemma_2361;type_372564;ANLEGEN;entscheidungen.csv
WZB_134va_27_5;geczeldis;lemma_2361;type_372564;ANLEGEN;entscheidungen.csv
WZB_134vb_20_1;geczeldis;lemma_2361;type_372564;ANLEGEN;entscheidungen.csv
WZB_134vb_35_1;geczeldis;lemma_2361;type_372564;ANLEGEN;entscheidungen.csv
WZB_135va_29_0;geczeldis;lemma_2361;type_372564;ANLEGEN;entscheidungen.csv
WZB_136va_14_0;geczeldis;lemma_2361;type_372564;ANLEGEN;entscheidungen.csv
WZB_136vb_13_2;geczeldis;lemma_2361;type_372564;ANLEGEN;entscheidungen.csv
WZB_137ra_2_1;geczeldis;lemma_2361;type_372564;ANLEGEN;entscheidungen.csv
WZB_137va_6_1;geczeldis;lemma_2361;type_372564;ANLEGEN;entscheidungen.csv
WZB_137va_9_4;geczeldis;lemma_2361;type_372564;ANLEGEN;entscheidungen.csv
WZB_142ra_34_4;geczeldis;lemma_2361;type_372564;ANLEGEN;entscheidungen.csv
WZB_144ra_15_4;geczeldis;lemma_2361;type_372564;ANLEGEN;entscheidungen.csv
WZB_145ra_32_4;geczeldis;lemma_2361;type_372564;ANLEGEN;entscheidungen.csv
WZB_146vb_37_1;geczeldis;lemma_2361;type_372564;ANLEGEN;entscheidungen.csv
WZB_149va_37_2;geczeldis;lemma_2361;type_372564;ANLEGEN;entscheidungen.csv
WZB_150ra_31_0;geczeldis;lemma_2361;type_372564;ANLEGEN;entscheidungen.csv
WZB_151rb_7_5;geczeldis;lemma_2361;type_372564;ANLEGEN;entscheidungen.csv
WZB_151vb_29_2;geczeldis;lemma_2361;type_372564;ANLEGEN;entscheidungen.csv
WZB_152ra_3_0;geczeldis;lemma_2361;type_372564;ANLEGEN;entscheidungen.csv
WZB_152ra_13_4;geczeldis;lemma_2361;type_372564;ANLEGEN;entscheidungen.csv
WZB_163rb_21_1;geczeldis;lemma_2361;type_372564;ANLEGEN;entscheidungen.csv
WZB_168va_12_5;geczeldis;lemma_2361;type_372564;ANLEGEN;entscheidungen.csv
WZB_209va_29_1;geczeldis;lemma_2361;type_372564;ANLEGEN;entscheidungen.csv
WZB_220va_24_2;geczeldis;lemma_2361;type_372564;ANLEGEN;entscheidungen.csv
WZB_234rb_11_0;geczeldis;lemma_2361;type_372564;ANLEGEN;entscheidungen.csv
WZB_19ra_22_1;geczeugnusse;lemma_2367;type_372565;ANLEGEN;entscheidungen.csv
WZB_31vb_10_4;geczeugnusse;lemma_2367;type_372565;ANLEGEN;entscheidungen.csv
WZB_31vb_13_6;geczeugnusse;lemma_2367;type_372565;ANLEGEN;entscheidungen.csv
WZB_32ra_21_3;geczeugnusse;lemma_2367;type_372565;ANLEGEN;entscheidungen.csv
WZB_40va_5_2;geczeugnusse;lemma_2367;type_372565;ANLEGEN;entscheidungen.csv
WZB_42va_18_2;geczeugnusse;lemma_2367;type_372565;ANLEGEN;entscheidungen.csv
WZB_44vb_8_1;geczeugnusse;lemma_2367;type_372565;ANLEGEN;entscheidungen.csv
WZB_74vb_4_2;geczeugnusse;lemma_2367;type_372565;ANLEGEN;entscheidungen.csv
WZB_79vb_23_6;geczeugnusse;lemma_2367;type_372565;ANLEGEN;entscheidungen.csv
WZB_85vb_35_3;geczeuknus;lemma_2367;type_372566;ANLEGEN;entscheidungen.csv
WZB_86rb_25_3;geczeuknus;lemma_2367;type_372566;ANLEGEN;entscheidungen.csv
WZB_96vb_6_3;geczeuknus;lemma_2367;type_372566;ANLEGEN;entscheidungen.csv
WZB_97va_25_3;geczeuknus;lemma_2367;type_372566;ANLEGEN;entscheidungen.csv
WZB_173vb_10_4;geczeuknus;lemma_2367;type_372566;ANLEGEN;entscheidungen.csv
WZB_183ra_15_0;geczeuknus;lemma_2367;type_372566;ANLEGEN;entscheidungen.csv
WZB_183ra_28_0;geczeuknus;lemma_2367;type_372566;ANLEGEN;entscheidungen.csv
WZB_234rb_11_2;geczeuknus;lemma_2367;type_372566;ANLEGEN;entscheidungen.csv
WZB_80ra_7_6;geczeuknusse;lemma_2367;type_372567;ANLEGEN;entscheidungen.csv
WZB_82ra_6_1;geczeuknusse;lemma_2367;type_372567;ANLEGEN;entscheidungen.csv
WZB_82vb_31_2;geczeuknusse;lemma_2367;type_372567;ANLEGEN;entscheidungen.csv
WZB_84va_25_1;geczeuknusse;lemma_2367;type_372567;ANLEGEN;entscheidungen.csv
WZB_84vb_14_5;geczeuknusse;lemma_2367;type_372567;ANLEGEN;entscheidungen.csv
WZB_85ra_15_2;geczeuknusse;lemma_2367;type_372567;ANLEGEN;entscheidungen.csv
WZB_86va_31_5;geczeuknusse;lemma_2367;type_372567;ANLEGEN;entscheidungen.csv
WZB_87ra_30_1;geczeuknusse;lemma_2367;type_372567;ANLEGEN;entscheidungen.csv
WZB_87ra_36_3;geczeuknusse;lemma_2367;type_372567;ANLEGEN;entscheidungen.csv
WZB_87rb_26_5;geczeuknusse;lemma_2367;type_372567;ANLEGEN;entscheidungen.csv
WZB_87rb_27_4;geczeuknusse;lemma_2367;type_372567;ANLEGEN;entscheidungen.csv
WZB_92ra_25_0;geczeuknusse;lemma_2367;type_372567;ANLEGEN;entscheidungen.csv
WZB_93ra_2_4;geczeuknusse;lemma_2367;type_372567;ANLEGEN;entscheidungen.csv
WZB_96rb_21_2;geczeuknusse;lemma_2367;type_372567;ANLEGEN;entscheidungen.csv
WZB_98ra_11_2;geczeuknusse;lemma_2367;type_372567;ANLEGEN;entscheidungen.csv
WZB_98ra_34_0;geczeuknusse;lemma_2367;type_372567;ANLEGEN;entscheidungen.csv
WZB_98rb_17_2;geczeuknusse;lemma_2367;type_372567;ANLEGEN;entscheidungen.csv
WZB_98va_11_4;geczeuknusse;lemma_2367;type_372567;ANLEGEN;entscheidungen.csv
WZB_98va_18_3;geczeuknusse;lemma_2367;type_372567;ANLEGEN;entscheidungen.csv
WZB_99ra_5_4;geczeuknusse;lemma_2367;type_372567;ANLEGEN;entscheidungen.csv
WZB_99ra_15_4;geczeuknusse;lemma_2367;type_372567;ANLEGEN;entscheidungen.csv
WZB_100vb_6_0;geczeuknusse;lemma_2367;type_372567;ANLEGEN;entscheidungen.csv
WZB_101ra_4_3;geczeuknusse;lemma_2367;type_372567;ANLEGEN;entscheidungen.csv
WZB_101ra_10_0;geczeuknusse;lemma_2367;type_372567;ANLEGEN;entscheidungen.csv
WZB_101ra_20_1;geczeuknusse;lemma_2367;type_372567;ANLEGEN;entscheidungen.csv
WZB_101va_9_2;geczeuknusse;lemma_2367;type_372567;ANLEGEN;entscheidungen.csv
WZB_104ra_23_0;geczeuknusse;lemma_2367;type_372567;ANLEGEN;entscheidungen.csv
WZB_107vb_5_2;geczeuknusse;lemma_2367;type_372567;ANLEGEN;entscheidungen.csv
WZB_108rb_11_7;geczeuknusse;lemma_2367;type_372567;ANLEGEN;entscheidungen.csv
WZB_110rb_20_1;geczeuknusse;lemma_2367;type_372567;ANLEGEN;entscheidungen.csv
WZB_113ra_34_0;geczeuknusse;lemma_2367;type_372567;ANLEGEN;entscheidungen.csv
WZB_114vb_10_2;geczeuknusse;lemma_2367;type_372567;ANLEGEN;entscheidungen.csv
WZB_115rb_13_1;geczeuknusse;lemma_2367;type_372567;ANLEGEN;entscheidungen.csv
WZB_115vb_13_4;geczeuknusse;lemma_2367;type_372567;ANLEGEN;entscheidungen.csv
WZB_116ra_3_8;geczeuknusse;lemma_2367;type_372567;ANLEGEN;entscheidungen.csv
WZB_131va_8_3;geczeuknusse;lemma_2367;type_372567;ANLEGEN;entscheidungen.csv
WZB_131vb_6_1;geczeuknusse;lemma_2367;type_372567;ANLEGEN;entscheidungen.csv
WZB_131vb_10_1;geczeuknusse;lemma_2367;type_372567;ANLEGEN;entscheidungen.csv
WZB_132ra_36_3;geczeuknusse;lemma_2367;type_372567;ANLEGEN;entscheidungen.csv
WZB_133ra_16_1;geczeuknusse;lemma_2367;type_372567;ANLEGEN;entscheidungen.csv
WZB_136va_14_2;geczeuknusse;lemma_2367;type_372567;ANLEGEN;entscheidungen.csv
WZB_136vb_13_4;geczeuknusse;lemma_2367;type_372567;ANLEGEN;entscheidungen.csv
WZB_151va_4_0;geczeuknusse;lemma_2367;type_372567;ANLEGEN;entscheidungen.csv
WZB_151va_18_1;geczeuknusse;lemma_2367;type_372567;ANLEGEN;entscheidungen.csv
WZB_151vb_26_1;geczeuknusse;lemma_2367;type_372567;ANLEGEN;entscheidungen.csv
WZB_153ra_17_0;geczeuknusse;lemma_2367;type_372567;ANLEGEN;entscheidungen.csv
WZB_169ra_19_2;geczeuknusse;lemma_2367;type_372567;ANLEGEN;entscheidungen.csv
WZB_181vb_27_0;geczeuknusse;lemma_2367;type_372567;ANLEGEN;entscheidungen.csv
WZB_209va_22_1;geczeuknusse;lemma_2367;type_372567;ANLEGEN;entscheidungen.csv
WZB_210ra_4_1;geczeuknusse;lemma_2367;type_372567;ANLEGEN;entscheidungen.csv
WZB_210rb_10_4;geczeuknusse;lemma_2367;type_372567;ANLEGEN;entscheidungen.csv
WZB_232ra_17_5;geczeuknusse;lemma_2367;type_372567;ANLEGEN;entscheidungen.csv
WZB_237rb_16_0;geczeuknusse;lemma_2367;type_372567;ANLEGEN;entscheidungen.csv
WZB_237rb_31_0;geczeuknusse;lemma_2367;type_372567;ANLEGEN;entscheidungen.csv
WZB_237va_34_0;geczeuknusse;lemma_2367;type_372567;ANLEGEN;entscheidungen.csv
WZB_239va_27_5;geczeuknusse;lemma_2367;type_372567;ANLEGEN;entscheidungen.csv
WZB_80ra_13_0;geczeuknusses;lemma_2367;type_372568;ANLEGEN;entscheidungen.csv
WZB_82vb_28_5;geczeuknusses;lemma_2367;type_372568;ANLEGEN;entscheidungen.csv
WZB_85ra_19_5;geczeuknusses;lemma_2367;type_372568;ANLEGEN;entscheidungen.csv
WZB_85vb_27_3;geczeuknusses;lemma_2367;type_372568;ANLEGEN;entscheidungen.csv
WZB_86rb_32_4;geczeuknusses;lemma_2367;type_372568;ANLEGEN;entscheidungen.csv
WZB_86va_29_4;geczeuknusses;lemma_2367;type_372568;ANLEGEN;entscheidungen.csv
WZB_87ra_22_1;geczeuknusses;lemma_2367;type_372568;ANLEGEN;entscheidungen.csv
WZB_87ra_23_4;geczeuknusses;lemma_2367;type_372568;ANLEGEN;entscheidungen.csv
WZB_87vb_10_5;geczeuknusses;lemma_2367;type_372568;ANLEGEN;entscheidungen.csv
WZB_88ra_8_2;geczeuknusses;lemma_2367;type_372568;ANLEGEN;entscheidungen.csv
WZB_89ra_16_5;geczeuknusses;lemma_2367;type_372568;ANLEGEN;entscheidungen.csv
WZB_98va_5_0;geczeuknusses;lemma_2367;type_372568;ANLEGEN;entscheidungen.csv
WZB_98va_27_1;geczeuknusses;lemma_2367;type_372568;ANLEGEN;entscheidungen.csv
WZB_98va_33_2;geczeuknusses;lemma_2367;type_372568;ANLEGEN;entscheidungen.csv
WZB_98vb_13_0;geczeuknusses;lemma_2367;type_372568;ANLEGEN;entscheidungen.csv
WZB_100va_18_1;geczeuknusses;lemma_2367;type_372568;ANLEGEN;entscheidungen.csv
WZB_101va_16_2;geczeuknusses;lemma_2367;type_372568;ANLEGEN;entscheidungen.csv
WZB_101va_21_1;geczeuknusses;lemma_2367;type_372568;ANLEGEN;entscheidungen.csv
WZB_107va_16_2;geczeuknusses;lemma_2367;type_372568;ANLEGEN;entscheidungen.csv
WZB_112vb_10_6;geczeuknusses;lemma_2367;type_372568;ANLEGEN;entscheidungen.csv
WZB_116rb_19_2;geczeuknusses;lemma_2367;type_372568;ANLEGEN;entscheidungen.csv
WZB_116vb_19_4;geczeuknusses;lemma_2367;type_372568;ANLEGEN;entscheidungen.csv
WZB_117ra_13_4;geczeuknusses;lemma_2367;type_372568;ANLEGEN;entscheidungen.csv
WZB_117ra_18_3;geczeuknusses;lemma_2367;type_372568;ANLEGEN;entscheidungen.csv
WZB_117rb_12_3;geczeuknusses;lemma_2367;type_372568;ANLEGEN;entscheidungen.csv
WZB_119ra_30_0;geczeuknusses;lemma_2367;type_372568;ANLEGEN;entscheidungen.csv
WZB_124va_3_1;geczeuknusses;lemma_2367;type_372568;ANLEGEN;entscheidungen.csv
WZB_131vb_19_2;geczeuknusses;lemma_2367;type_372568;ANLEGEN;entscheidungen.csv
WZB_140ra_32_2;geczeuknusses;lemma_2367;type_372568;ANLEGEN;entscheidungen.csv
WZB_148ra_15_1;geczeuknusses;lemma_2367;type_372568;ANLEGEN;entscheidungen.csv
WZB_151va_33_2;geczeuknusses;lemma_2367;type_372568;ANLEGEN;entscheidungen.csv
WZB_209va_25_1;geczeuknusses;lemma_2367;type_372568;ANLEGEN;entscheidungen.csv
WZB_76va_37_0;gefuren;lemma_7283;type_372569;ANLEGEN;entscheidungen.csv
WZB_147ra_27_4;gefuren;lemma_7283;type_372569;ANLEGEN;entscheidungen.csv
WZB_163vb_12_3;gefuren;lemma_7283;type_372569;ANLEGEN;entscheidungen.csv
WZB_169vb_12_4;gefuren;lemma_7283;type_372569;ANLEGEN;entscheidungen.csv
WZB_186va_13_4;gefuren;lemma_7283;type_372569;ANLEGEN;entscheidungen.csv
WZB_20rb_26_3;gegenworticheit;lemma_36056;type_372570;ANLEGEN;entscheidungen.csv
WZB_47ra_32_6;gegenworticheit;lemma_36056;type_372570;ANLEGEN;entscheidungen.csv
WZB_59vb_22_4;gegenworticheit;lemma_36056;type_372570;ANLEGEN;entscheidungen.csv
WZB_106vb_8_2;gegenworticheit;lemma_36056;type_372570;ANLEGEN;entscheidungen.csv
WZB_177rb_8_5;gegenworticheit;lemma_36056;type_372570;ANLEGEN;entscheidungen.csv
WZB_237ra_23_5;gegenworticheit;lemma_36056;type_372570;ANLEGEN;entscheidungen.csv
WZB_76vb_28_1;gegenwortig;lemma_36573;type_372571;ANLEGEN;entscheidungen.csv
WZB_76vb_30_7;gegenwortig;lemma_36573;type_372571;ANLEGEN;entscheidungen.csv
WZB_158va_2_7;gegenwortig;lemma_36573;type_372571;ANLEGEN;entscheidungen.csv
WZB_181rb_12_6;gegenwortig;lemma_36573;type_372571;ANLEGEN;entscheidungen.csv
WZB_207va_5_3;gegenwortig;lemma_36573;type_372571;ANLEGEN;entscheidungen.csv
WZB_211va_13_4;gegenwortig;lemma_36573;type_372571;ANLEGEN;entscheidungen.csv
WZB_180ra_3_7;gegenwortigen;lemma_36573;type_372572;ANLEGEN;entscheidungen.csv
WZB_180vb_17_2;gegenwortigen;lemma_36573;type_372572;ANLEGEN;entscheidungen.csv
WZB_187ra_15_3;gegenwortigen;lemma_36573;type_372572;ANLEGEN;entscheidungen.csv
WZB_187vb_11_3;gegenwortigen;lemma_36573;type_372572;ANLEGEN;entscheidungen.csv
WZB_207va_4_1;gegenwortigen;lemma_36573;type_372572;ANLEGEN;entscheidungen.csv
WZB_213va_10_1;gegenwortigen;lemma_36573;type_372572;ANLEGEN;entscheidungen.csv
WZB_216vb_30_3;gegenwortigen;lemma_36573;type_372572;ANLEGEN;entscheidungen.csv
WZB_218ra_23_1;gegenwortigen;lemma_36573;type_372572;ANLEGEN;entscheidungen.csv
WZB_223va_31_6;gegenwortigen;lemma_36573;type_372572;ANLEGEN;entscheidungen.csv
WZB_228ra_18_9;gegenwortigen;lemma_36573;type_372572;ANLEGEN;entscheidungen.csv
WZB_229ra_21_5;gegenwortigen;lemma_36573;type_372572;ANLEGEN;entscheidungen.csv
WZB_229rb_11_4;gegenwortigen;lemma_36573;type_372572;ANLEGEN;entscheidungen.csv
WZB_230vb_8_7;gegenwortigen;lemma_36573;type_372572;ANLEGEN;entscheidungen.csv
WZB_236ra_33_5;gegenwortigen;lemma_36573;type_372572;ANLEGEN;entscheidungen.csv
WZB_236vb_13_3;gegenwortigen;lemma_36573;type_372572;ANLEGEN;entscheidungen.csv
WZB_17ra_13_5;gegrŏzet;lemma_75133;type_372573;ANLEGEN;entscheidungen.csv
WZB_25va_13_3;geheisse;lemma_2024;type_372574;ANLEGEN;entscheidungen.csv
WZB_52va_13_3;geheisse;lemma_2024;type_372574;ANLEGEN;entscheidungen.csv
WZB_98va_3_1;geheisse;lemma_2024;type_372574;ANLEGEN;entscheidungen.csv
WZB_104vb_17_1;geheisse;lemma_2024;type_372574;ANLEGEN;entscheidungen.csv
WZB_170vb_3_1;geheisse;lemma_2024;type_372574;ANLEGEN;entscheidungen.csv
WZB_182va_20_0;geheisse;lemma_2024;type_372574;ANLEGEN;entscheidungen.csv
WZB_187va_30_0;geheisse;lemma_2024;type_372574;ANLEGEN;entscheidungen.csv
WZB_198va_14_3;geheisse;lemma_2024;type_372574;ANLEGEN;entscheidungen.csv
WZB_4rb_6_6;geheissen;lemma_18885;type_372575;ANLEGEN;entscheidungen.csv
WZB_10va_36_1;geheissen;lemma_18885;type_372575;ANLEGEN;entscheidungen.csv
WZB_14va_9_2;geheissen;lemma_18885;type_372575;ANLEGEN;entscheidungen.csv
WZB_14va_10_2;geheissen;lemma_18885;type_372575;ANLEGEN;entscheidungen.csv
WZB_17ra_31_1;geheissen;lemma_18885;type_372575;ANLEGEN;entscheidungen.csv
WZB_24ra_2_1;geheissen;lemma_18885;type_372575;ANLEGEN;entscheidungen.csv
WZB_26va_3_1;geheissen;lemma_18885;type_372575;ANLEGEN;entscheidungen.csv
WZB_27va_23_5;geheissen;lemma_18885;type_372575;ANLEGEN;entscheidungen.csv
WZB_27va_34_1;geheissen;lemma_18885;type_372575;ANLEGEN;entscheidungen.csv
WZB_74rb_10_0;geheissen;lemma_18885;type_372575;ANLEGEN;entscheidungen.csv
WZB_88va_7_2;geheissen;lemma_18885;type_372575;ANLEGEN;entscheidungen.csv
WZB_92va_4_4;geheissen;lemma_18885;type_372575;ANLEGEN;entscheidungen.csv
WZB_93rb_15_2;geheissen;lemma_18885;type_372575;ANLEGEN;entscheidungen.csv
WZB_96rb_29_2;geheissen;lemma_18885;type_372575;ANLEGEN;entscheidungen.csv
WZB_97vb_23_3;geheissen;lemma_18885;type_372575;ANLEGEN;entscheidungen.csv
WZB_98va_22_0;geheissen;lemma_18885;type_372575;ANLEGEN;entscheidungen.csv
WZB_105va_11_1;geheissen;lemma_18885;type_372575;ANLEGEN;entscheidungen.csv
WZB_105vb_9_0;geheissen;lemma_18885;type_372575;ANLEGEN;entscheidungen.csv
WZB_107ra_22_4;geheissen;lemma_18885;type_372575;ANLEGEN;entscheidungen.csv
WZB_122vb_16_4;geheissen;lemma_18885;type_372575;ANLEGEN;entscheidungen.csv
WZB_123vb_1_3;geheissen;lemma_18885;type_372575;ANLEGEN;entscheidungen.csv
WZB_123vb_10_5;geheissen;lemma_18885;type_372575;ANLEGEN;entscheidungen.csv
WZB_124ra_7_1;geheissen;lemma_18885;type_372575;ANLEGEN;entscheidungen.csv
WZB_145ra_6_4;geheissen;lemma_18885;type_372575;ANLEGEN;entscheidungen.csv
WZB_159ra_24_0;geheissen;lemma_18885;type_372575;ANLEGEN;entscheidungen.csv
WZB_171rb_18_4;geheissen;lemma_18885;type_372575;ANLEGEN;entscheidungen.csv
WZB_192ra_22_6;geheissen;lemma_18885;type_372575;ANLEGEN;entscheidungen.csv
WZB_202ra_13_3;geheissen;lemma_18885;type_372575;ANLEGEN;entscheidungen.csv
WZB_203ra_18_1;geheissen;lemma_18885;type_372575;ANLEGEN;entscheidungen.csv
WZB_217va_27_0;geheissen;lemma_18885;type_372575;ANLEGEN;entscheidungen.csv
WZB_218ra_8_0;geheissen;lemma_18885;type_372575;ANLEGEN;entscheidungen.csv
WZB_221ra_3_6;geheissen;lemma_18885;type_372575;ANLEGEN;entscheidungen.csv
WZB_222va_19_2;geheissen;lemma_18885;type_372575;ANLEGEN;entscheidungen.csv
WZB_226rb_33_4;geheissen;lemma_18885;type_372575;ANLEGEN;entscheidungen.csv
WZB_229rb_14_1;geheissen;lemma_18885;type_372575;ANLEGEN;entscheidungen.csv
WZB_229vb_31_4;geheissen;lemma_18885;type_372575;ANLEGEN;entscheidungen.csv
WZB_33va_24_2;gehŏren;lemma_2885;type_372576;ANLEGEN;entscheidungen.csv
WZB_108va_14_2;gehŏren;lemma_2885;type_372576;ANLEGEN;entscheidungen.csv
WZB_207ra_12_2;gehŏren;lemma_2885;type_372576;ANLEGEN;entscheidungen.csv
WZB_87rb_35_1;gehŏret;lemma_2885;type_372577;ANLEGEN;entscheidungen.csv
WZB_133va_19_5;gehŏret;lemma_2885;type_372577;ANLEGEN;entscheidungen.csv
WZB_147va_9_8;gehŏret;lemma_2885;type_372577;ANLEGEN;entscheidungen.csv
WZB_150va_6_5;gehŏret;lemma_2885;type_372577;ANLEGEN;entscheidungen.csv
WZB_23vb_35_6;gekochte;lemma_3391;type_372578;ANLEGEN;entscheidungen.csv
WZB_26rb_14_5;gekochte;lemma_3391;type_372578;ANLEGEN;entscheidungen.csv
WZB_99vb_32_0;gekochte;lemma_3391;type_372578;ANLEGEN;entscheidungen.csv
WZB_104va_6_4;gekochte;lemma_3391;type_372578;ANLEGEN;entscheidungen.csv
WZB_137ra_8_5;gekochte;lemma_3391;type_372578;ANLEGEN;entscheidungen.csv
WZB_212va_10_1;gekŏse;lemma_18760;type_372579;ANLEGEN;entscheidungen.csv
WZB_39rb_25_4;gelobist;lemma_3830;type_372580;ANLEGEN;entscheidungen.csv
WZB_189va_22_5;gelobist;lemma_3830;type_372580;ANLEGEN;entscheidungen.csv
WZB_189vb_30_3;gelobist;lemma_3830;type_372580;ANLEGEN;entscheidungen.csv
WZB_200rb_27_2;gelobist;lemma_3830;type_372580;ANLEGEN;entscheidungen.csv
WZB_200va_4_1;gelobist;lemma_3830;type_372580;ANLEGEN;entscheidungen.csv
WZB_14rb_8_3;geperen;lemma_1964;type_372581;ANLEGEN;entscheidungen.csv
WZB_15ra_11_11;geperen;lemma_1964;type_372581;ANLEGEN;entscheidungen.csv
WZB_15ra_20_2;geperen;lemma_1964;type_372581;ANLEGEN;entscheidungen.csv
WZB_15ra_23_4;geperen;lemma_1964;type_372581;ANLEGEN;entscheidungen.csv
WZB_28vb_15_2;geperen;lemma_1964;type_372581;ANLEGEN;entscheidungen.csv
WZB_35vb_9_3;geperen;lemma_1964;type_372581;ANLEGEN;entscheidungen.csv
WZB_6ra_10_1;geperte;lemma_1964;type_372582;ANLEGEN;entscheidungen.csv
WZB_6ra_11_0;geperte;lemma_1964;type_372582;ANLEGEN;entscheidungen.csv
WZB_6ra_12_0;geperte;lemma_1964;type_372582;ANLEGEN;entscheidungen.csv
WZB_6ra_13_1;geperte;lemma_1964;type_372582;ANLEGEN;entscheidungen.csv
WZB_6rb_25_8;geperte;lemma_1964;type_372582;ANLEGEN;entscheidungen.csv
WZB_6rb_27_0;geperte;lemma_1964;type_372582;ANLEGEN;entscheidungen.csv
WZB_6rb_32_5;geperte;lemma_1964;type_372582;ANLEGEN;entscheidungen.csv
WZB_6rb_33_8;geperte;lemma_1964;type_372582;ANLEGEN;entscheidungen.csv
WZB_6va_2_0;geperte;lemma_1964;type_372582;ANLEGEN;entscheidungen.csv
WZB_6va_6_1;geperte;lemma_1964;type_372582;ANLEGEN;entscheidungen.csv
WZB_6va_8_3;geperte;lemma_1964;type_372582;ANLEGEN;entscheidungen.csv
WZB_6va_13_1;geperte;lemma_1964;type_372582;ANLEGEN;entscheidungen.csv
WZB_6va_13_11;geperte;lemma_1964;type_372582;ANLEGEN;entscheidungen.csv
WZB_6va_15_3;geperte;lemma_1964;type_372582;ANLEGEN;entscheidungen.csv
WZB_6va_20_4;geperte;lemma_1964;type_372582;ANLEGEN;entscheidungen.csv
WZB_6va_21_10;geperte;lemma_1964;type_372582;ANLEGEN;entscheidungen.csv
WZB_6va_22_2;geperte;lemma_1964;type_372582;ANLEGEN;entscheidungen.csv
WZB_6va_28_0;geperte;lemma_1964;type_372582;ANLEGEN;entscheidungen.csv
WZB_6va_28_10;geperte;lemma_1964;type_372582;ANLEGEN;entscheidungen.csv
WZB_6vb_3_3;geperte;lemma_1964;type_372582;ANLEGEN;entscheidungen.csv
WZB_6vb_6_3;geperte;lemma_1964;type_372582;ANLEGEN;entscheidungen.csv
WZB_6vb_13_3;geperte;lemma_1964;type_372582;ANLEGEN;entscheidungen.csv
WZB_6vb_14_4;geperte;lemma_1964;type_372582;ANLEGEN;entscheidungen.csv
WZB_6vb_16_2;geperte;lemma_1964;type_372582;ANLEGEN;entscheidungen.csv
WZB_6vb_22_2;geperte;lemma_1964;type_372582;ANLEGEN;entscheidungen.csv
WZB_6vb_29_4;geperte;lemma_1964;type_372582;ANLEGEN;entscheidungen.csv
WZB_6vb_31_3;geperte;lemma_1964;type_372582;ANLEGEN;entscheidungen.csv
WZB_7rb_8_3;geperte;lemma_1964;type_372582;ANLEGEN;entscheidungen.csv
WZB_10ra_18_5;geperte;lemma_1964;type_372582;ANLEGEN;entscheidungen.csv
WZB_10ra_21_6;geperte;lemma_1964;type_372582;ANLEGEN;entscheidungen.csv
WZB_10rb_14_2;geperte;lemma_1964;type_372582;ANLEGEN;entscheidungen.csv
WZB_10rb_22_0;geperte;lemma_1964;type_372582;ANLEGEN;entscheidungen.csv
WZB_10vb_7_4;geperte;lemma_1964;type_372582;ANLEGEN;entscheidungen.csv
WZB_10vb_9_5;geperte;lemma_1964;type_372582;ANLEGEN;entscheidungen.csv
WZB_10vb_11_1;geperte;lemma_1964;type_372582;ANLEGEN;entscheidungen.csv
WZB_10vb_13_4;geperte;lemma_1964;type_372582;ANLEGEN;entscheidungen.csv
WZB_10vb_15_4;geperte;lemma_1964;type_372582;ANLEGEN;entscheidungen.csv
WZB_10vb_15_9;geperte;lemma_1964;type_372582;ANLEGEN;entscheidungen.csv
WZB_10vb_17_4;geperte;lemma_1964;type_372582;ANLEGEN;entscheidungen.csv
WZB_10vb_19_2;geperte;lemma_1964;type_372582;ANLEGEN;entscheidungen.csv
WZB_10vb_20_4;geperte;lemma_1964;type_372582;ANLEGEN;entscheidungen.csv
WZB_11ra_2_7;geperte;lemma_1964;type_372582;ANLEGEN;entscheidungen.csv
WZB_11ra_4_2;geperte;lemma_1964;type_372582;ANLEGEN;entscheidungen.csv
WZB_11ra_6_1;geperte;lemma_1964;type_372582;ANLEGEN;entscheidungen.csv
WZB_11ra_7_5;geperte;lemma_1964;type_372582;ANLEGEN;entscheidungen.csv
WZB_11ra_9_1;geperte;lemma_1964;type_372582;ANLEGEN;entscheidungen.csv
WZB_11ra_11_2;geperte;lemma_1964;type_372582;ANLEGEN;entscheidungen.csv
WZB_11ra_12_5;geperte;lemma_1964;type_372582;ANLEGEN;entscheidungen.csv
WZB_11ra_13_1;geperte;lemma_1964;type_372582;ANLEGEN;entscheidungen.csv
WZB_11ra_14_1;geperte;lemma_1964;type_372582;ANLEGEN;entscheidungen.csv
WZB_11ra_15_6;geperte;lemma_1964;type_372582;ANLEGEN;entscheidungen.csv
WZB_11ra_17_0;geperte;lemma_1964;type_372582;ANLEGEN;entscheidungen.csv
WZB_11ra_19_2;geperte;lemma_1964;type_372582;ANLEGEN;entscheidungen.csv
WZB_11ra_19_12;geperte;lemma_1964;type_372582;ANLEGEN;entscheidungen.csv
WZB_11ra_21_2;geperte;lemma_1964;type_372582;ANLEGEN;entscheidungen.csv
WZB_11ra_23_1;geperte;lemma_1964;type_372582;ANLEGEN;entscheidungen.csv
WZB_11ra_25_2;geperte;lemma_1964;type_372582;ANLEGEN;entscheidungen.csv
WZB_11ra_27_0;geperte;lemma_1964;type_372582;ANLEGEN;entscheidungen.csv
WZB_14rb_26_1;geperte;lemma_1964;type_372582;ANLEGEN;entscheidungen.csv
WZB_14rb_29_7;geperte;lemma_1964;type_372582;ANLEGEN;entscheidungen.csv
WZB_17vb_4_7;geperte;lemma_1964;type_372582;ANLEGEN;entscheidungen.csv
WZB_18rb_23_4;geperte;lemma_1964;type_372582;ANLEGEN;entscheidungen.csv
WZB_18rb_28_1;geperte;lemma_1964;type_372582;ANLEGEN;entscheidungen.csv
WZB_20ra_12_2;geperte;lemma_1964;type_372582;ANLEGEN;entscheidungen.csv
WZB_20ra_14_1;geperte;lemma_1964;type_372582;ANLEGEN;entscheidungen.csv
WZB_23ra_18_0;geperte;lemma_1964;type_372582;ANLEGEN;entscheidungen.csv
WZB_23ra_20_4;geperte;lemma_1964;type_372582;ANLEGEN;entscheidungen.csv
WZB_23rb_32_6;geperte;lemma_1964;type_372582;ANLEGEN;entscheidungen.csv
WZB_23va_21_4;geperte;lemma_1964;type_372582;ANLEGEN;entscheidungen.csv
WZB_28va_28_3;geperte;lemma_1964;type_372582;ANLEGEN;entscheidungen.csv
WZB_28va_34_1;geperte;lemma_1964;type_372582;ANLEGEN;entscheidungen.csv
WZB_28vb_5_0;geperte;lemma_1964;type_372582;ANLEGEN;entscheidungen.csv
WZB_28vb_11_1;geperte;lemma_1964;type_372582;ANLEGEN;entscheidungen.csv
WZB_28vb_31_0;geperte;lemma_1964;type_372582;ANLEGEN;entscheidungen.csv
WZB_28vb_37_1;geperte;lemma_1964;type_372582;ANLEGEN;entscheidungen.csv
WZB_29ra_9_3;geperte;lemma_1964;type_372582;ANLEGEN;entscheidungen.csv
WZB_29ra_12_0;geperte;lemma_1964;type_372582;ANLEGEN;entscheidungen.csv
WZB_29rb_6_0;geperte;lemma_1964;type_372582;ANLEGEN;entscheidungen.csv
WZB_29rb_12_1;geperte;lemma_1964;type_372582;ANLEGEN;entscheidungen.csv
WZB_29rb_20_2;geperte;lemma_1964;type_372582;ANLEGEN;entscheidungen.csv
WZB_36rb_8_3;geperte;lemma_1964;type_372582;ANLEGEN;entscheidungen.csv
WZB_36rb_9_0;geperte;lemma_1964;type_372582;ANLEGEN;entscheidungen.csv
WZB_36rb_9_3;geperte;lemma_1964;type_372582;ANLEGEN;entscheidungen.csv
WZB_36va_6_6;geperte;lemma_1964;type_372582;ANLEGEN;entscheidungen.csv
WZB_36va_14_3;geperte;lemma_1964;type_372582;ANLEGEN;entscheidungen.csv
WZB_38vb_14_1;geperte;lemma_1964;type_372582;ANLEGEN;entscheidungen.csv
WZB_43rb_2_2;geperte;lemma_1964;type_372582;ANLEGEN;entscheidungen.csv
WZB_48vb_22_2;geperte;lemma_1964;type_372582;ANLEGEN;entscheidungen.csv
WZB_48vb_27_4;geperte;lemma_1964;type_372582;ANLEGEN;entscheidungen.csv
WZB_49ra_11_12;geperte;lemma_1964;type_372582;ANLEGEN;entscheidungen.csv
WZB_55rb_5_0;geperte;lemma_1964;type_372582;ANLEGEN;entscheidungen.csv
WZB_55rb_9_0;geperte;lemma_1964;type_372582;ANLEGEN;entscheidungen.csv
WZB_59ra_8_0;geperte;lemma_1964;type_372582;ANLEGEN;entscheidungen.csv
WZB_59ra_16_7;geperte;lemma_1964;type_372582;ANLEGEN;entscheidungen.csv
WZB_59ra_21_0;geperte;lemma_1964;type_372582;ANLEGEN;entscheidungen.csv
WZB_162ra_25_0;geperte;lemma_1964;type_372582;ANLEGEN;entscheidungen.csv
WZB_163ra_14_1;geperte;lemma_1964;type_372582;ANLEGEN;entscheidungen.csv
WZB_163ra_17_5;geperte;lemma_1964;type_372582;ANLEGEN;entscheidungen.csv
WZB_7rb_5_0;geperunge;lemma_44214;type_372583;ANLEGEN;entscheidungen.csv
WZB_7va_32_2;geperunge;lemma_44214;type_372583;ANLEGEN;entscheidungen.csv
WZB_8ra_11_1;geperunge;lemma_44214;type_372583;ANLEGEN;entscheidungen.csv
WZB_9rb_33_0;geperunge;lemma_44214;type_372583;ANLEGEN;entscheidungen.csv
WZB_9vb_21_3;geperunge;lemma_44214;type_372583;ANLEGEN;entscheidungen.csv
WZB_10vb_5_5;geperunge;lemma_44214;type_372583;ANLEGEN;entscheidungen.csv
WZB_13vb_14_4;geperunge;lemma_44214;type_372583;ANLEGEN;entscheidungen.csv
WZB_23rb_32_0;geperunge;lemma_44214;type_372583;ANLEGEN;entscheidungen.csv
WZB_23va_20_6;geperunge;lemma_44214;type_372583;ANLEGEN;entscheidungen.csv
WZB_23vb_12_2;geperunge;lemma_44214;type_372583;ANLEGEN;entscheidungen.csv
WZB_36rb_2_1;geperunge;lemma_44214;type_372583;ANLEGEN;entscheidungen.csv
WZB_36rb_28_7;geperunge;lemma_44214;type_372583;ANLEGEN;entscheidungen.csv
WZB_37rb_10_2;geperunge;lemma_44214;type_372583;ANLEGEN;entscheidungen.csv
WZB_39vb_9_7;geperunge;lemma_44214;type_372583;ANLEGEN;entscheidungen.csv
WZB_53ra_34_3;geperunge;lemma_44214;type_372583;ANLEGEN;entscheidungen.csv
WZB_53vb_31_6;geperunge;lemma_44214;type_372583;ANLEGEN;entscheidungen.csv
WZB_87va_8_4;geperunge;lemma_44214;type_372583;ANLEGEN;entscheidungen.csv
WZB_177ra_12_4;geperunge;lemma_44214;type_372583;ANLEGEN;entscheidungen.csv
WZB_200ra_21_0;geperunge;lemma_44214;type_372583;ANLEGEN;entscheidungen.csv
WZB_210va_24_8;geperunge;lemma_44214;type_372583;ANLEGEN;entscheidungen.csv
WZB_210va_33_0;geperunge;lemma_44214;type_372583;ANLEGEN;entscheidungen.csv
WZB_211ra_20_0;geperunge;lemma_44214;type_372583;ANLEGEN;entscheidungen.csv
WZB_211ra_33_0;geperunge;lemma_44214;type_372583;ANLEGEN;entscheidungen.csv
WZB_7rb_7_2;geperungen;lemma_44214;type_372584;ANLEGEN;entscheidungen.csv
WZB_10rb_5_5;geperungen;lemma_44214;type_372584;ANLEGEN;entscheidungen.csv
WZB_14va_31_4;geperungen;lemma_44214;type_372584;ANLEGEN;entscheidungen.csv
WZB_14vb_6_4;geperungen;lemma_44214;type_372584;ANLEGEN;entscheidungen.csv
WZB_65ra_32_1;geperungen;lemma_44214;type_372584;ANLEGEN;entscheidungen.csv
WZB_66rb_8_1;geperungen;lemma_44214;type_372584;ANLEGEN;entscheidungen.csv
WZB_86vb_17_5;geperungen;lemma_44214;type_372584;ANLEGEN;entscheidungen.csv
WZB_88ra_33_3;geperungen;lemma_44214;type_372584;ANLEGEN;entscheidungen.csv
WZB_88rb_14_3;geperungen;lemma_44214;type_372584;ANLEGEN;entscheidungen.csv
WZB_100vb_23_0;geperungen;lemma_44214;type_372584;ANLEGEN;entscheidungen.csv
WZB_103vb_2_2;geperungen;lemma_44214;type_372584;ANLEGEN;entscheidungen.csv
WZB_105rb_19_0;geperungen;lemma_44214;type_372584;ANLEGEN;entscheidungen.csv
WZB_123rb_15_4;geperungen;lemma_44214;type_372584;ANLEGEN;entscheidungen.csv
WZB_123va_21_2;geperungen;lemma_44214;type_372584;ANLEGEN;entscheidungen.csv
WZB_124rb_13_2;geperungen;lemma_44214;type_372584;ANLEGEN;entscheidungen.csv
WZB_124va_9_2;geperungen;lemma_44214;type_372584;ANLEGEN;entscheidungen.csv
WZB_142va_4_5;geperungen;lemma_44214;type_372584;ANLEGEN;entscheidungen.csv
WZB_199vb_33_1;geperungen;lemma_44214;type_372584;ANLEGEN;entscheidungen.csv
WZB_58rb_23_0;gepflaget;lemma_46781;type_372585;ANLEGEN;entscheidungen.csv
WZB_58rb_28_1;gepflaget;lemma_46781;type_372585;ANLEGEN;entscheidungen.csv
WZB_59vb_33_4;gepflaget;lemma_46781;type_372585;ANLEGEN;entscheidungen.csv
WZB_143vb_21_1;gepflaget;lemma_46781;type_372585;ANLEGEN;entscheidungen.csv
WZB_150ra_15_1;gepflaget;lemma_46781;type_372585;ANLEGEN;entscheidungen.csv
WZB_154vb_10_1;gepflaget;lemma_46781;type_372585;ANLEGEN;entscheidungen.csv
WZB_141va_9_3;gepite;lemma_1971;type_372586;ANLEGEN;entscheidungen.csv
WZB_157va_34_5;gepite;lemma_1971;type_372586;ANLEGEN;entscheidungen.csv
WZB_158rb_22_0;gepite;lemma_1971;type_372586;ANLEGEN;entscheidungen.csv
WZB_179rb_15_2;gepite;lemma_1971;type_372586;ANLEGEN;entscheidungen.csv
WZB_180vb_24_2;gepite;lemma_1971;type_372586;ANLEGEN;entscheidungen.csv
WZB_182va_21_2;gepite;lemma_1971;type_372586;ANLEGEN;entscheidungen.csv
WZB_182vb_3_2;gepite;lemma_1971;type_372586;ANLEGEN;entscheidungen.csv
WZB_183vb_27_6;gepite;lemma_1971;type_372586;ANLEGEN;entscheidungen.csv
WZB_184va_5_2;gepite;lemma_1971;type_372586;ANLEGEN;entscheidungen.csv
WZB_185ra_9_2;gepite;lemma_1971;type_372586;ANLEGEN;entscheidungen.csv
WZB_187rb_6_6;gepite;lemma_1971;type_372586;ANLEGEN;entscheidungen.csv
WZB_188ra_6_5;gepite;lemma_1971;type_372586;ANLEGEN;entscheidungen.csv
WZB_188ra_28_3;gepite;lemma_1971;type_372586;ANLEGEN;entscheidungen.csv
WZB_188rb_36_5;gepite;lemma_1971;type_372586;ANLEGEN;entscheidungen.csv
WZB_190ra_4_6;gepite;lemma_1971;type_372586;ANLEGEN;entscheidungen.csv
WZB_190ra_29_2;gepite;lemma_1971;type_372586;ANLEGEN;entscheidungen.csv
WZB_191ra_11_0;gepite;lemma_1971;type_372586;ANLEGEN;entscheidungen.csv
WZB_192ra_23_5;gepite;lemma_1971;type_372586;ANLEGEN;entscheidungen.csv
WZB_192rb_23_0;gepite;lemma_1971;type_372586;ANLEGEN;entscheidungen.csv
WZB_192va_3_5;gepite;lemma_1971;type_372586;ANLEGEN;entscheidungen.csv
WZB_195rb_36_3;gepite;lemma_1971;type_372586;ANLEGEN;entscheidungen.csv
WZB_196ra_11_1;gepite;lemma_1971;type_372586;ANLEGEN;entscheidungen.csv
WZB_196ra_19_6;gepite;lemma_1971;type_372586;ANLEGEN;entscheidungen.csv
WZB_201rb_24_4;gepite;lemma_1971;type_372586;ANLEGEN;entscheidungen.csv
WZB_201va_15_0;gepite;lemma_1971;type_372586;ANLEGEN;entscheidungen.csv
WZB_203rb_34_0;gepite;lemma_1971;type_372586;ANLEGEN;entscheidungen.csv
WZB_203va_14_6;gepite;lemma_1971;type_372586;ANLEGEN;entscheidungen.csv
WZB_204rb_11_6;gepite;lemma_1971;type_372586;ANLEGEN;entscheidungen.csv
WZB_204vb_2_0;gepite;lemma_1971;type_372586;ANLEGEN;entscheidungen.csv
WZB_204vb_13_0;gepite;lemma_1971;type_372586;ANLEGEN;entscheidungen.csv
WZB_208ra_28_1;gepite;lemma_1971;type_372586;ANLEGEN;entscheidungen.csv
WZB_208rb_27_6;gepite;lemma_1971;type_372586;ANLEGEN;entscheidungen.csv
WZB_208va_16_6;gepite;lemma_1971;type_372586;ANLEGEN;entscheidungen.csv
WZB_209va_23_2;gepite;lemma_1971;type_372586;ANLEGEN;entscheidungen.csv
WZB_214rb_23_1;gepite;lemma_1971;type_372586;ANLEGEN;entscheidungen.csv
WZB_163rb_25_4;gereiczet;lemma_4862;type_372587;ANLEGEN;entscheidungen.csv
WZB_185va_28_1;gereiczet;lemma_4862;type_372587;ANLEGEN;entscheidungen.csv
WZB_185va_33_9;gereiczet;lemma_4862;type_372587;ANLEGEN;entscheidungen.csv
WZB_186ra_20_4;gereiczet;lemma_4862;type_372587;ANLEGEN;entscheidungen.csv
WZB_186rb_21_4;gereiczet;lemma_4862;type_372587;ANLEGEN;entscheidungen.csv
WZB_211ra_15_3;gereiczet;lemma_4862;type_372587;ANLEGEN;entscheidungen.csv
WZB_211ra_22_1;gereiczet;lemma_4862;type_372587;ANLEGEN;entscheidungen.csv
WZB_87rb_30_2;gerete;lemma_2149;type_372588;ANLEGEN;entscheidungen.csv
WZB_87rb_34_2;gerete;lemma_2149;type_372588;ANLEGEN;entscheidungen.csv
WZB_95va_37_3;gerete;lemma_2149;type_372588;ANLEGEN;entscheidungen.csv
WZB_96rb_20_6;gerete;lemma_2149;type_372588;ANLEGEN;entscheidungen.csv
WZB_97vb_6_2;gerete;lemma_2149;type_372588;ANLEGEN;entscheidungen.csv
WZB_131va_13_2;gerete;lemma_2149;type_372588;ANLEGEN;entscheidungen.csv
WZB_133va_21_2;gerete;lemma_2149;type_372588;ANLEGEN;entscheidungen.csv
WZB_133vb_7_0;gerete;lemma_2149;type_372588;ANLEGEN;entscheidungen.csv
WZB_167vb_3_0;gerete;lemma_2149;type_372588;ANLEGEN;entscheidungen.csv
WZB_168ra_19_3;gerete;lemma_2149;type_372588;ANLEGEN;entscheidungen.csv
WZB_56ra_30_0;gerufet;lemma_5028;type_372589;ANLEGEN;entscheidungen.csv
WZB_87vb_25_2;gerufet;lemma_5028;type_372589;ANLEGEN;entscheidungen.csv
WZB_92ra_33_1;gerufet;lemma_5028;type_372589;ANLEGEN;entscheidungen.csv
WZB_145va_20_3;gerufet;lemma_5028;type_372589;ANLEGEN;entscheidungen.csv
WZB_160ra_15_4;gerufet;lemma_5028;type_372589;ANLEGEN;entscheidungen.csv
WZB_204va_14_1;gerufet;lemma_5028;type_372589;ANLEGEN;entscheidungen.csv
WZB_84vb_8_2;gerŏst;lemma_13271;type_372590;ANLEGEN;entscheidungen.csv
WZB_85va_25_3;gerŏst;lemma_13271;type_372590;ANLEGEN;entscheidungen.csv
WZB_103vb_17_2;gerŏst;lemma_13271;type_372590;ANLEGEN;entscheidungen.csv
WZB_93ra_12_5;gerŏte;lemma_4963;type_372591;ANLEGEN;entscheidungen.csv
WZB_97va_33_3;gerŏten;lemma_4963;type_372592;ANLEGEN;entscheidungen.csv
WZB_26va_22_2;gesegenst;lemma_5364;type_372593;ANLEGEN;entscheidungen.csv
WZB_33rb_10_1;gesegenst;lemma_5364;type_372593;ANLEGEN;entscheidungen.csv
WZB_157rb_8_2;gesegenst;lemma_5364;type_372593;ANLEGEN;entscheidungen.csv
WZB_159ra_20_5;gesegenst;lemma_5364;type_372593;ANLEGEN;entscheidungen.csv
WZB_159va_12_1;gesegenst;lemma_5364;type_372593;ANLEGEN;entscheidungen.csv
WZB_64vb_23_3;gesneite;lemma_5594;type_372594;ANLEGEN;entscheidungen.csv
WZB_85rb_7_4;gesneite;lemma_5594;type_372594;ANLEGEN;entscheidungen.csv
WZB_85rb_23_3;gesneite;lemma_5594;type_372594;ANLEGEN;entscheidungen.csv
WZB_85va_17_0;gesneite;lemma_5594;type_372594;ANLEGEN;entscheidungen.csv
WZB_99va_17_5;gesneite;lemma_5594;type_372594;ANLEGEN;entscheidungen.csv
WZB_100rb_32_6;gesneite;lemma_5594;type_372594;ANLEGEN;entscheidungen.csv
WZB_106rb_14_3;gesneite;lemma_5594;type_372594;ANLEGEN;entscheidungen.csv
WZB_89vb_4_6;gesvndet;lemma_5867;type_372595;ANLEGEN;entscheidungen.csv
WZB_89vb_11_5;gesvndet;lemma_5867;type_372595;ANLEGEN;entscheidungen.csv
WZB_102rb_8_2;gesvndet;lemma_5867;type_372595;ANLEGEN;entscheidungen.csv
WZB_136va_19_2;gesvndet;lemma_5867;type_372595;ANLEGEN;entscheidungen.csv
WZB_148vb_33_0;gesvndet;lemma_5867;type_372595;ANLEGEN;entscheidungen.csv
WZB_158rb_13_11;gesvndet;lemma_5867;type_372595;ANLEGEN;entscheidungen.csv
WZB_186ra_5_7;gesvndet;lemma_5867;type_372595;ANLEGEN;entscheidungen.csv
WZB_198va_24_1;gesvndet;lemma_5867;type_372595;ANLEGEN;entscheidungen.csv
WZB_220va_12_2;gesvndet;lemma_5867;type_372595;ANLEGEN;entscheidungen.csv
WZB_236vb_11_5;gesvndet;lemma_5867;type_372595;ANLEGEN;entscheidungen.csv
WZB_38rb_31_5;getŏtet;lemma_6133;type_372596;ANLEGEN;entscheidungen.csv
WZB_54vb_14_2;getŏtet;lemma_6133;type_372596;ANLEGEN;entscheidungen.csv
WZB_100rb_24_6;getŏtet;lemma_6133;type_372596;ANLEGEN;entscheidungen.csv
WZB_100va_16_5;getŏtet;lemma_6133;type_372596;ANLEGEN;entscheidungen.csv
WZB_103vb_34_0;getŏtet;lemma_6133;type_372596;ANLEGEN;entscheidungen.csv
WZB_104ra_20_4;getŏtet;lemma_6133;type_372596;ANLEGEN;entscheidungen.csv
WZB_104va_12_0;getŏtet;lemma_6133;type_372596;ANLEGEN;entscheidungen.csv
WZB_106ra_35_7;getŏtet;lemma_6133;type_372596;ANLEGEN;entscheidungen.csv
WZB_112vb_26_6;getŏtet;lemma_6133;type_372596;ANLEGEN;entscheidungen.csv
WZB_113rb_2_1;getŏtet;lemma_6133;type_372596;ANLEGEN;entscheidungen.csv
WZB_116va_21_4;getŏtet;lemma_6133;type_372596;ANLEGEN;entscheidungen.csv
WZB_118va_31_5;getŏtet;lemma_6133;type_372596;ANLEGEN;entscheidungen.csv
WZB_193ra_14_0;getŏtet;lemma_6133;type_372596;ANLEGEN;entscheidungen.csv
WZB_223va_25_3;getŏtet;lemma_6133;type_372596;ANLEGEN;entscheidungen.csv
WZB_56vb_7_0;geusse;lemma_2392;type_372597;ANLEGEN;entscheidungen.csv
WZB_81rb_33_1;geusse;lemma_2392;type_372597;ANLEGEN;entscheidungen.csv
WZB_85ra_4_3;geusse;lemma_2392;type_372597;ANLEGEN;entscheidungen.csv
WZB_85rb_5_0;geusse;lemma_2392;type_372597;ANLEGEN;entscheidungen.csv
WZB_85rb_20_5;geusse;lemma_2392;type_372597;ANLEGEN;entscheidungen.csv
WZB_100ra_4_1;geusse;lemma_2392;type_372597;ANLEGEN;entscheidungen.csv
WZB_152va_14_4;geusse;lemma_2392;type_372597;ANLEGEN;entscheidungen.csv
WZB_189vb_24_3;geusse;lemma_2392;type_372597;ANLEGEN;entscheidungen.csv
WZB_43vb_33_4;gevenknusse;lemma_6754;type_372598;ANLEGEN;entscheidungen.csv
WZB_44va_9_8;gevenknusse;lemma_6754;type_372598;ANLEGEN;entscheidungen.csv
WZB_58va_27_1;gevenknusse;lemma_6754;type_372598;ANLEGEN;entscheidungen.csv
WZB_156va_34_1;gevenknusse;lemma_6754;type_372598;ANLEGEN;entscheidungen.csv
WZB_205va_27_5;gevenknusse;lemma_6754;type_372598;ANLEGEN;entscheidungen.csv
WZB_208ra_32_1;gevenknusse;lemma_6754;type_372598;ANLEGEN;entscheidungen.csv
WZB_81rb_18_2;geverbten;lemma_7018;type_372599;ANLEGEN;entscheidungen.csv
WZB_94ra_23_1;geverbten;lemma_7018;type_372599;ANLEGEN;entscheidungen.csv
WZB_97va_36_0;geverbten;lemma_7018;type_372599;ANLEGEN;entscheidungen.csv
WZB_133sva_4_0;geverbten;lemma_7018;type_372599;ANLEGEN;entscheidungen.csv
WZB_133sva_19_0;geverbten;lemma_7018;type_372599;ANLEGEN;entscheidungen.csv
WZB_134rb_12_4;geverbten;lemma_7018;type_372599;ANLEGEN;entscheidungen.csv
WZB_4ra_23_2;gevŏgel;lemma_2317;type_372600;ANLEGEN;entscheidungen.csv
WZB_4ra_29_2;gevŏgel;lemma_2317;type_372600;ANLEGEN;entscheidungen.csv
WZB_9ra_27_3;gevŏgel;lemma_2317;type_372600;ANLEGEN;entscheidungen.csv
WZB_3rb_27_6;gevŏgeln;lemma_2317;type_372601;ANLEGEN;entscheidungen.csv
WZB_7va_37_3;gevŏgeln;lemma_2317;type_372601;ANLEGEN;entscheidungen.csv
WZB_8ra_13_6;gevŏgil;lemma_2317;type_372602;ANLEGEN;entscheidungen.csv
WZB_13va_33_1;gevŏgil;lemma_2317;type_372602;ANLEGEN;entscheidungen.csv
WZB_84va_9_2;gevŏgiltem;lemma_2317;type_372603;ANLEGEN;entscheidungen.csv
WZB_94va_16_0;gevŏgiltem;lemma_2317;type_372603;ANLEGEN;entscheidungen.csv
WZB_96rb_5_2;gevŏgiltem;lemma_2317;type_372603;ANLEGEN;entscheidungen.csv
WZB_101va_17_4;giesse;lemma_2392;type_372604;ANLEGEN;entscheidungen.csv
WZB_101vb_15_1;giesse;lemma_2392;type_372604;ANLEGEN;entscheidungen.csv
WZB_101vb_36_5;giesse;lemma_2392;type_372604;ANLEGEN;entscheidungen.csv
WZB_102ra_21_0;giesse;lemma_2392;type_372604;ANLEGEN;entscheidungen.csv
WZB_113ra_3_4;giesse;lemma_2392;type_372604;ANLEGEN;entscheidungen.csv
WZB_115vb_24_1;giesse;lemma_2392;type_372604;ANLEGEN;entscheidungen.csv
WZB_116ra_34_3;giesse;lemma_2392;type_372604;ANLEGEN;entscheidungen.csv
WZB_117ra_16_2;giesse;lemma_2392;type_372604;ANLEGEN;entscheidungen.csv
WZB_135va_17_6;giesse;lemma_2392;type_372604;ANLEGEN;entscheidungen.csv
WZB_94va_5_2;giessende;lemma_2392;type_372605;ANLEGEN;entscheidungen.csv
WZB_94va_19_3;giessende;lemma_2392;type_372605;ANLEGEN;entscheidungen.csv
WZB_94vb_7_3;giessende;lemma_2392;type_372605;ANLEGEN;entscheidungen.csv
WZB_95vb_8_4;giessende;lemma_2392;type_372605;ANLEGEN;entscheidungen.csv
WZB_99rb_4_2;giessende;lemma_2392;type_372605;ANLEGEN;entscheidungen.csv
WZB_100rb_8_5;giessende;lemma_2392;type_372605;ANLEGEN;entscheidungen.csv
WZB_15vb_11_0;groses;lemma_2534;type_372606;ANLEGEN;entscheidungen.csv
WZB_18vb_14_8;groses;lemma_2534;type_372606;ANLEGEN;entscheidungen.csv
WZB_42ra_36_0;groses;lemma_2534;type_372606;ANLEGEN;entscheidungen.csv
WZB_51rb_22_2;groses;lemma_2534;type_372606;ANLEGEN;entscheidungen.csv
WZB_61va_30_3;groses;lemma_2534;type_372606;ANLEGEN;entscheidungen.csv
WZB_62ra_27_0;groses;lemma_2534;type_372606;ANLEGEN;entscheidungen.csv
WZB_64rb_8_8;groses;lemma_2534;type_372606;ANLEGEN;entscheidungen.csv
WZB_65vb_10_0;groses;lemma_2534;type_372606;ANLEGEN;entscheidungen.csv
WZB_147ra_10_4;groses;lemma_2534;type_372606;ANLEGEN;entscheidungen.csv
WZB_161va_26_5;groses;lemma_2534;type_372606;ANLEGEN;entscheidungen.csv
WZB_176vb_26_5;groses;lemma_2534;type_372606;ANLEGEN;entscheidungen.csv
WZB_177ra_36_1;groses;lemma_2534;type_372606;ANLEGEN;entscheidungen.csv
WZB_180vb_4_0;groses;lemma_2534;type_372606;ANLEGEN;entscheidungen.csv
WZB_185rb_27_0;groses;lemma_2534;type_372606;ANLEGEN;entscheidungen.csv
WZB_202va_31_4;groses;lemma_2534;type_372606;ANLEGEN;entscheidungen.csv
WZB_42va_13_2;grŏse;lemma_2534;type_372607;ANLEGEN;entscheidungen.csv
WZB_50ra_27_3;grŏse;lemma_2534;type_372607;ANLEGEN;entscheidungen.csv
WZB_69rb_18_0;grŏse;lemma_2534;type_372607;ANLEGEN;entscheidungen.csv
WZB_51rb_24_3;grŏser;lemma_2534;type_372608;ANLEGEN;entscheidungen.csv
WZB_51va_15_1;grŏser;lemma_2534;type_372608;ANLEGEN;entscheidungen.csv
WZB_74ra_25_0;grŏser;lemma_2534;type_372608;ANLEGEN;entscheidungen.csv
WZB_185vb_36_3;grŏser;lemma_2534;type_372608;ANLEGEN;entscheidungen.csv
WZB_46ra_4_4;grŏste;lemma_2534;type_372609;ANLEGEN;entscheidungen.csv
WZB_73ra_29_7;grŏste;lemma_2534;type_372609;ANLEGEN;entscheidungen.csv
WZB_121ra_19_1;grŏste;lemma_2534;type_372609;ANLEGEN;entscheidungen.csv
WZB_16va_32_1;grŏsten;lemma_2534;type_372610;ANLEGEN;entscheidungen.csv
WZB_34vb_35_4;grŏsten;lemma_2534;type_372610;ANLEGEN;entscheidungen.csv
WZB_49vb_25_4;grŏsten;lemma_2534;type_372610;ANLEGEN;entscheidungen.csv
WZB_52va_34_9;grŏsten;lemma_2534;type_372610;ANLEGEN;entscheidungen.csv
WZB_73va_12_0;grŏsten;lemma_2534;type_372610;ANLEGEN;entscheidungen.csv
WZB_157ra_19_4;grŏsten;lemma_2534;type_372610;ANLEGEN;entscheidungen.csv
WZB_237vb_9_7;grŏsten;lemma_2534;type_372610;ANLEGEN;entscheidungen.csv
WZB_22va_25_1;guldeine;lemma_2567;type_372611;ANLEGEN;entscheidungen.csv
WZB_56rb_16_4;guldeine;lemma_2567;type_372611;ANLEGEN;entscheidungen.csv
WZB_64ra_27_2;guldeine;lemma_2567;type_372611;ANLEGEN;entscheidungen.csv
WZB_65vb_30_2;guldeine;lemma_2567;type_372611;ANLEGEN;entscheidungen.csv
WZB_75ra_16_1;guldeine;lemma_2567;type_372611;ANLEGEN;entscheidungen.csv
WZB_79vb_8_3;guldeine;lemma_2567;type_372611;ANLEGEN;entscheidungen.csv
WZB_79vb_10_0;guldeine;lemma_2567;type_372611;ANLEGEN;entscheidungen.csv
WZB_79vb_30_1;guldeine;lemma_2567;type_372611;ANLEGEN;entscheidungen.csv
WZB_80rb_7_2;guldeine;lemma_2567;type_372611;ANLEGEN;entscheidungen.csv
WZB_80rb_8_1;guldeine;lemma_2567;type_372611;ANLEGEN;entscheidungen.csv
WZB_81ra_9_3;guldeine;lemma_2567;type_372611;ANLEGEN;entscheidungen.csv
WZB_81va_34_4;guldeine;lemma_2567;type_372611;ANLEGEN;entscheidungen.csv
WZB_81vb_15_5;guldeine;lemma_2567;type_372611;ANLEGEN;entscheidungen.csv
WZB_81vb_19_1;guldeine;lemma_2567;type_372611;ANLEGEN;entscheidungen.csv
WZB_83vb_10_5;guldeine;lemma_2567;type_372611;ANLEGEN;entscheidungen.csv
WZB_83vb_19_2;guldeine;lemma_2567;type_372611;ANLEGEN;entscheidungen.csv
WZB_84rb_18_1;guldeine;lemma_2567;type_372611;ANLEGEN;entscheidungen.csv
WZB_86va_19_3;guldeine;lemma_2567;type_372611;ANLEGEN;entscheidungen.csv
WZB_86va_21_2;guldeine;lemma_2567;type_372611;ANLEGEN;entscheidungen.csv
WZB_89vb_6_1;guldeine;lemma_2567;type_372611;ANLEGEN;entscheidungen.csv
WZB_93ra_8_0;guldeine;lemma_2567;type_372611;ANLEGEN;entscheidungen.csv
WZB_93vb_33_0;guldeine;lemma_2567;type_372611;ANLEGEN;entscheidungen.csv
WZB_94vb_6_3;guldeine;lemma_2567;type_372611;ANLEGEN;entscheidungen.csv
WZB_94vb_8_0;guldeine;lemma_2567;type_372611;ANLEGEN;entscheidungen.csv
WZB_95ra_22_1;guldeine;lemma_2567;type_372611;ANLEGEN;entscheidungen.csv
WZB_95ra_25_3;guldeine;lemma_2567;type_372611;ANLEGEN;entscheidungen.csv
WZB_95ra_26_4;guldeine;lemma_2567;type_372611;ANLEGEN;entscheidungen.csv
WZB_95va_14_1;guldeine;lemma_2567;type_372611;ANLEGEN;entscheidungen.csv
WZB_96vb_27_1;guldeine;lemma_2567;type_372611;ANLEGEN;entscheidungen.csv
WZB_97rb_34_4;guldeine;lemma_2567;type_372611;ANLEGEN;entscheidungen.csv
WZB_98ra_8_2;guldeine;lemma_2567;type_372611;ANLEGEN;entscheidungen.csv
WZB_105va_27_1;guldeine;lemma_2567;type_372611;ANLEGEN;entscheidungen.csv
WZB_139vb_36_1;guldeine;lemma_2567;type_372611;ANLEGEN;entscheidungen.csv
WZB_140ra_9_1;guldeine;lemma_2567;type_372611;ANLEGEN;entscheidungen.csv
WZB_220vb_3_5;guldeine;lemma_2567;type_372611;ANLEGEN;entscheidungen.csv
WZB_31ra_30_4;gŏte;lemma_2465;type_372612;ANLEGEN;entscheidungen.csv
WZB_31rb_2_0;gŏte;lemma_2465;type_372612;ANLEGEN;entscheidungen.csv
WZB_31rb_7_0;gŏte;lemma_2465;type_372612;ANLEGEN;entscheidungen.csv
WZB_31rb_13_1;gŏte;lemma_2465;type_372612;ANLEGEN;entscheidungen.csv
WZB_35rb_19_0;gŏte;lemma_2465;type_372612;ANLEGEN;entscheidungen.csv
WZB_35rb_28_3;gŏte;lemma_2465;type_372612;ANLEGEN;entscheidungen.csv
WZB_72vb_12_2;gŏte;lemma_2465;type_372612;ANLEGEN;entscheidungen.csv
WZB_74rb_28_4;gŏte;lemma_2465;type_372612;ANLEGEN;entscheidungen.csv
WZB_75ra_15_3;gŏte;lemma_2465;type_372612;ANLEGEN;entscheidungen.csv
WZB_77vb_10_4;gŏte;lemma_2465;type_372612;ANLEGEN;entscheidungen.csv
WZB_78rb_4_4;gŏte;lemma_2465;type_372612;ANLEGEN;entscheidungen.csv
WZB_88rb_32_1;gŏte;lemma_2465;type_372612;ANLEGEN;entscheidungen.csv
WZB_88va_13_6;gŏte;lemma_2465;type_372612;ANLEGEN;entscheidungen.csv
WZB_88vb_15_6;gŏte;lemma_2465;type_372612;ANLEGEN;entscheidungen.csv
WZB_89rb_29_5;gŏte;lemma_2465;type_372612;ANLEGEN;entscheidungen.csv
WZB_89vb_6_2;gŏte;lemma_2465;type_372612;ANLEGEN;entscheidungen.csv
WZB_91vb_2_0;gŏte;lemma_2465;type_372612;ANLEGEN;entscheidungen.csv
WZB_91vb_2_4;gŏte;lemma_2465;type_372612;ANLEGEN;entscheidungen.csv
WZB_118va_27_2;gŏte;lemma_2465;type_372612;ANLEGEN;entscheidungen.csv
WZB_181va_9_0;gŏte;lemma_2465;type_372612;ANLEGEN;entscheidungen.csv
WZB_187va_2_6;gŏte;lemma_2465;type_372612;ANLEGEN;entscheidungen.csv
WZB_208vb_15_3;gŏte;lemma_2465;type_372612;ANLEGEN;entscheidungen.csv
WZB_238ra_17_4;gŏte;lemma_2465;type_372612;ANLEGEN;entscheidungen.csv
WZB_65ra_2_2;gŏten;lemma_2465;type_372613;ANLEGEN;entscheidungen.csv
WZB_75rb_35_0;gŏten;lemma_2465;type_372613;ANLEGEN;entscheidungen.csv
WZB_77ra_12_1;gŏten;lemma_2465;type_372613;ANLEGEN;entscheidungen.csv
WZB_78va_10_0;gŏten;lemma_2465;type_372613;ANLEGEN;entscheidungen.csv
WZB_78va_13_6;gŏten;lemma_2465;type_372613;ANLEGEN;entscheidungen.csv
WZB_91va_14_2;gŏten;lemma_2465;type_372613;ANLEGEN;entscheidungen.csv
WZB_170vb_13_4;gŏten;lemma_2465;type_372613;ANLEGEN;entscheidungen.csv
WZB_184ra_21_1;gŏten;lemma_2465;type_372613;ANLEGEN;entscheidungen.csv
WZB_188rb_7_2;gŏten;lemma_2465;type_372613;ANLEGEN;entscheidungen.csv
WZB_188va_29_2;gŏten;lemma_2465;type_372613;ANLEGEN;entscheidungen.csv
WZB_190ra_20_4;gŏten;lemma_2465;type_372613;ANLEGEN;entscheidungen.csv
WZB_190ra_25_3;gŏten;lemma_2465;type_372613;ANLEGEN;entscheidungen.csv
WZB_190va_5_0;gŏten;lemma_2465;type_372613;ANLEGEN;entscheidungen.csv
WZB_193vb_29_0;gŏten;lemma_2465;type_372613;ANLEGEN;entscheidungen.csv
WZB_197va_4_3;gŏten;lemma_2465;type_372613;ANLEGEN;entscheidungen.csv
WZB_204vb_6_3;gŏten;lemma_2465;type_372613;ANLEGEN;entscheidungen.csv
WZB_205va_4_2;gŏten;lemma_2465;type_372613;ANLEGEN;entscheidungen.csv
WZB_207va_19_6;gŏten;lemma_2465;type_372613;ANLEGEN;entscheidungen.csv
WZB_207vb_34_2;gŏten;lemma_2465;type_372613;ANLEGEN;entscheidungen.csv
WZB_209va_34_2;gŏten;lemma_2465;type_372613;ANLEGEN;entscheidungen.csv
WZB_209vb_34_0;gŏten;lemma_2465;type_372613;ANLEGEN;entscheidungen.csv
WZB_211ra_6_7;gŏten;lemma_2465;type_372613;ANLEGEN;entscheidungen.csv
WZB_238va_17_1;gŏten;lemma_2465;type_372613;ANLEGEN;entscheidungen.csv
WZB_239ra_23_6;gŏten;lemma_2465;type_372613;ANLEGEN;entscheidungen.csv
WZB_45va_20_2;haldende;lemma_2629;type_372614;ANLEGEN;entscheidungen.csv
WZB_60vb_19_3;haldende;lemma_2629;type_372614;ANLEGEN;entscheidungen.csv
WZB_64vb_31_1;haldende;lemma_2629;type_372614;ANLEGEN;entscheidungen.csv
WZB_106vb_12_1;haldende;lemma_2629;type_372614;ANLEGEN;entscheidungen.csv
WZB_218ra_28_2;haldende;lemma_2629;type_372614;ANLEGEN;entscheidungen.csv
WZB_69rb_27_0;heiligtum;lemma_2710;type_372615;ANLEGEN;entscheidungen.csv
WZB_79va_13_4;heiligtum;lemma_2710;type_372615;ANLEGEN;entscheidungen.csv
WZB_82ra_2_2;heiligtum;lemma_2710;type_372615;ANLEGEN;entscheidungen.csv
WZB_82ra_3_1;heiligtum;lemma_2710;type_372615;ANLEGEN;entscheidungen.csv
WZB_84rb_24_4;heiligtum;lemma_2710;type_372615;ANLEGEN;entscheidungen.csv
WZB_86rb_3_3;heiligtum;lemma_2710;type_372615;ANLEGEN;entscheidungen.csv
WZB_115va_6_0;heiligtum;lemma_2710;type_372615;ANLEGEN;entscheidungen.csv
WZB_116ra_16_0;heiligtum;lemma_2710;type_372615;ANLEGEN;entscheidungen.csv
WZB_116ra_25_3;heiligtum;lemma_2710;type_372615;ANLEGEN;entscheidungen.csv
WZB_116rb_4_1;heiligtum;lemma_2710;type_372615;ANLEGEN;entscheidungen.csv
WZB_116va_4_5;heiligtum;lemma_2710;type_372615;ANLEGEN;entscheidungen.csv
WZB_116va_23_7;heiligtum;lemma_2710;type_372615;ANLEGEN;entscheidungen.csv
WZB_116vb_18_4;heiligtum;lemma_2710;type_372615;ANLEGEN;entscheidungen.csv
WZB_119va_5_1;heiligtum;lemma_2710;type_372615;ANLEGEN;entscheidungen.csv
WZB_119vb_15_1;heiligtum;lemma_2710;type_372615;ANLEGEN;entscheidungen.csv
WZB_121ra_33_0;heiligtum;lemma_2710;type_372615;ANLEGEN;entscheidungen.csv
WZB_121va_19_0;heiligtum;lemma_2710;type_372615;ANLEGEN;entscheidungen.csv
WZB_127ra_33_2;heiligtum;lemma_2710;type_372615;ANLEGEN;entscheidungen.csv
WZB_128rb_2_2;heiligtum;lemma_2710;type_372615;ANLEGEN;entscheidungen.csv
WZB_133svb_35_0;heiligtum;lemma_2710;type_372615;ANLEGEN;entscheidungen.csv
WZB_140vb_34_0;heiligtum;lemma_2710;type_372615;ANLEGEN;entscheidungen.csv
WZB_142vb_18_7;heiligtum;lemma_2710;type_372615;ANLEGEN;entscheidungen.csv
WZB_154ra_4_0;heiligtum;lemma_2710;type_372615;ANLEGEN;entscheidungen.csv
WZB_164rb_12_0;heiligtum;lemma_2710;type_372615;ANLEGEN;entscheidungen.csv
WZB_239va_24_5;heiligtum;lemma_2710;type_372615;ANLEGEN;entscheidungen.csv
WZB_87rb_19_6;heiligtumes;lemma_2710;type_372616;ANLEGEN;entscheidungen.csv
WZB_96va_8_5;heiligtumes;lemma_2710;type_372616;ANLEGEN;entscheidungen.csv
WZB_96va_15_0;heiligtumes;lemma_2710;type_372616;ANLEGEN;entscheidungen.csv
WZB_96va_26_1;heiligtumes;lemma_2710;type_372616;ANLEGEN;entscheidungen.csv
WZB_101ra_14_4;heiligtumes;lemma_2710;type_372616;ANLEGEN;entscheidungen.csv
WZB_108ra_5_0;heiligtumes;lemma_2710;type_372616;ANLEGEN;entscheidungen.csv
WZB_129ra_8_1;heiligtumes;lemma_2710;type_372616;ANLEGEN;entscheidungen.csv
WZB_129va_34_1;heiligtumes;lemma_2710;type_372616;ANLEGEN;entscheidungen.csv
WZB_133va_30_2;heiligtumes;lemma_2710;type_372616;ANLEGEN;entscheidungen.csv
WZB_133vb_4_7;heiligtumes;lemma_2710;type_372616;ANLEGEN;entscheidungen.csv
WZB_133vb_10_3;heiligtumes;lemma_2710;type_372616;ANLEGEN;entscheidungen.csv
WZB_133vb_32_4;heiligtumes;lemma_2710;type_372616;ANLEGEN;entscheidungen.csv
WZB_133srb_11_4;heiligtumes;lemma_2710;type_372616;ANLEGEN;entscheidungen.csv
WZB_134ra_5_5;heiligtumes;lemma_2710;type_372616;ANLEGEN;entscheidungen.csv
WZB_138rb_18_0;heiligtumes;lemma_2710;type_372616;ANLEGEN;entscheidungen.csv
WZB_138va_2_2;heiligtumes;lemma_2710;type_372616;ANLEGEN;entscheidungen.csv
WZB_138vb_3_0;heiligtumes;lemma_2710;type_372616;ANLEGEN;entscheidungen.csv
WZB_138vb_23_0;heiligtumes;lemma_2710;type_372616;ANLEGEN;entscheidungen.csv
WZB_139ra_9_0;heiligtumes;lemma_2710;type_372616;ANLEGEN;entscheidungen.csv
WZB_139rb_9_1;heiligtumes;lemma_2710;type_372616;ANLEGEN;entscheidungen.csv
WZB_139rb_30_1;heiligtumes;lemma_2710;type_372616;ANLEGEN;entscheidungen.csv
WZB_139va_18_3;heiligtumes;lemma_2710;type_372616;ANLEGEN;entscheidungen.csv
WZB_139vb_16_5;heiligtumes;lemma_2710;type_372616;ANLEGEN;entscheidungen.csv
WZB_140ra_12_1;heiligtumes;lemma_2710;type_372616;ANLEGEN;entscheidungen.csv
WZB_151vb_16_1;heiligtumes;lemma_2710;type_372616;ANLEGEN;entscheidungen.csv
WZB_151vb_31_1;heiligtumes;lemma_2710;type_372616;ANLEGEN;entscheidungen.csv
WZB_152ra_6_5;heiligtumes;lemma_2710;type_372616;ANLEGEN;entscheidungen.csv
WZB_152va_8_1;heiligtumes;lemma_2710;type_372616;ANLEGEN;entscheidungen.csv
WZB_152va_22_2;heiligtumes;lemma_2710;type_372616;ANLEGEN;entscheidungen.csv
WZB_169ra_12_4;heiligtumes;lemma_2710;type_372616;ANLEGEN;entscheidungen.csv
WZB_14rb_9_3;heissen;lemma_18885;type_372617;ANLEGEN;entscheidungen.csv
WZB_14vb_19_0;heissen;lemma_18885;type_372617;ANLEGEN;entscheidungen.csv
WZB_15ra_13_1;heissen;lemma_18885;type_372617;ANLEGEN;entscheidungen.csv
WZB_35va_21_1;heissen;lemma_18885;type_372617;ANLEGEN;entscheidungen.csv
WZB_71va_22_2;heissen;lemma_18885;type_372617;ANLEGEN;entscheidungen.csv
WZB_79rb_34_5;heissen;lemma_18885;type_372617;ANLEGEN;entscheidungen.csv
WZB_122vb_13_2;heissen;lemma_18885;type_372617;ANLEGEN;entscheidungen.csv
WZB_123rb_9_5;heissen;lemma_18885;type_372617;ANLEGEN;entscheidungen.csv
WZB_137ra_20_3;heissen;lemma_18885;type_372617;ANLEGEN;entscheidungen.csv
WZB_148vb_6_6;heissen;lemma_18885;type_372617;ANLEGEN;entscheidungen.csv
WZB_152va_12_1;heissen;lemma_18885;type_372617;ANLEGEN;entscheidungen.csv
WZB_154rb_2_1;heissen;lemma_18885;type_372617;ANLEGEN;entscheidungen.csv
WZB_167vb_18_0;heissen;lemma_18885;type_372617;ANLEGEN;entscheidungen.csv
WZB_172rb_24_1;heissen;lemma_18885;type_372617;ANLEGEN;entscheidungen.csv
WZB_190rb_28_4;heissen;lemma_18885;type_372617;ANLEGEN;entscheidungen.csv
WZB_229va_24_5;heissen;lemma_18885;type_372617;ANLEGEN;entscheidungen.csv
WZB_19ra_16_3;herte;lemma_78648;type_372618;ANLEGEN;entscheidungen.csv
WZB_28ra_9_1;herte;lemma_78648;type_372618;ANLEGEN;entscheidungen.csv
WZB_17vb_3_3;heutigen;lemma_54849;type_372619;ANLEGEN;entscheidungen.csv
WZB_25rb_20_0;heutigen;lemma_54849;type_372619;ANLEGEN;entscheidungen.csv
WZB_35vb_24_10;heutigen;lemma_54849;type_372619;ANLEGEN;entscheidungen.csv
WZB_50rb_19_5;heutigen;lemma_54849;type_372619;ANLEGEN;entscheidungen.csv
WZB_51ra_20_1;heutigen;lemma_54849;type_372619;ANLEGEN;entscheidungen.csv
WZB_63ra_20_0;heutigen;lemma_54849;type_372619;ANLEGEN;entscheidungen.csv
WZB_158ra_27_3;heutigen;lemma_54849;type_372619;ANLEGEN;entscheidungen.csv
WZB_178vb_4_0;heutigen;lemma_54849;type_372619;ANLEGEN;entscheidungen.csv
WZB_207ra_13_2;heutigen;lemma_54849;type_372619;ANLEGEN;entscheidungen.csv
WZB_218ra_10_1;heutigen;lemma_54849;type_372619;ANLEGEN;entscheidungen.csv
WZB_219va_5_1;heutigen;lemma_54849;type_372619;ANLEGEN;entscheidungen.csv
WZB_220vb_18_3;heutigen;lemma_54849;type_372619;ANLEGEN;entscheidungen.csv
WZB_222rb_3_1;heutigen;lemma_54849;type_372619;ANLEGEN;entscheidungen.csv
WZB_4ra_25_4;hiesse;lemma_18885;type_372620;ANLEGEN;entscheidungen.csv
WZB_14ra_2_4;hiesse;lemma_18885;type_372620;ANLEGEN;entscheidungen.csv
WZB_28rb_10_6;hiesse;lemma_18885;type_372620;ANLEGEN;entscheidungen.csv
WZB_44rb_2_6;hiesse;lemma_18885;type_372620;ANLEGEN;entscheidungen.csv
WZB_53vb_27_5;hiesse;lemma_18885;type_372620;ANLEGEN;entscheidungen.csv
WZB_14rb_21_2;hinderteil;lemma_24741;type_372621;ANLEGEN;entscheidungen.csv
WZB_81rb_7_1;hinderteil;lemma_24741;type_372621;ANLEGEN;entscheidungen.csv
WZB_83vb_24_1;hinderteil;lemma_24741;type_372621;ANLEGEN;entscheidungen.csv
WZB_90rb_14_3;hinderteil;lemma_24741;type_372621;ANLEGEN;entscheidungen.csv
WZB_90vb_30_3;hinderteil;lemma_24741;type_372621;ANLEGEN;entscheidungen.csv
WZB_212va_19_5;hinderteil;lemma_24741;type_372621;ANLEGEN;entscheidungen.csv
WZB_221ra_35_4;hinderteil;lemma_24741;type_372621;ANLEGEN;entscheidungen.csv
WZB_28rb_31_0;hochczeit;lemma_2875;type_372622;ANLEGEN;entscheidungen.csv
WZB_28va_21_0;hochczeit;lemma_2875;type_372622;ANLEGEN;entscheidungen.csv
WZB_63rb_17_7;hochczeit;lemma_2875;type_372622;ANLEGEN;entscheidungen.csv
WZB_65ra_24_1;hochczeit;lemma_2875;type_372622;ANLEGEN;entscheidungen.csv
WZB_66vb_3_1;hochczeit;lemma_2875;type_372622;ANLEGEN;entscheidungen.csv
WZB_77vb_14_4;hochczeit;lemma_2875;type_372622;ANLEGEN;entscheidungen.csv
WZB_77vb_15_3;hochczeit;lemma_2875;type_372622;ANLEGEN;entscheidungen.csv
WZB_77vb_22_4;hochczeit;lemma_2875;type_372622;ANLEGEN;entscheidungen.csv
WZB_77vb_25_4;hochczeit;lemma_2875;type_372622;ANLEGEN;entscheidungen.csv
WZB_88va_20_2;hochczeit;lemma_2875;type_372622;ANLEGEN;entscheidungen.csv
WZB_91vb_24_3;hochczeit;lemma_2875;type_372622;ANLEGEN;entscheidungen.csv
WZB_91vb_26_7;hochczeit;lemma_2875;type_372622;ANLEGEN;entscheidungen.csv
WZB_92ra_9_0;hochczeit;lemma_2875;type_372622;ANLEGEN;entscheidungen.csv
WZB_122vb_28_3;hochczeit;lemma_2875;type_372622;ANLEGEN;entscheidungen.csv
WZB_124rb_10_1;hochczeit;lemma_2875;type_372622;ANLEGEN;entscheidungen.csv
WZB_124rb_26_0;hochczeit;lemma_2875;type_372622;ANLEGEN;entscheidungen.csv
WZB_164vb_8_3;hochczeit;lemma_2875;type_372622;ANLEGEN;entscheidungen.csv
WZB_165vb_4_4;hochczeit;lemma_2875;type_372622;ANLEGEN;entscheidungen.csv
WZB_183vb_26_0;hochczeit;lemma_2875;type_372622;ANLEGEN;entscheidungen.csv
WZB_193rb_35_0;hochczeit;lemma_2875;type_372622;ANLEGEN;entscheidungen.csv
WZB_193va_4_2;hochczeit;lemma_2875;type_372622;ANLEGEN;entscheidungen.csv
WZB_193va_12_0;hochczeit;lemma_2875;type_372622;ANLEGEN;entscheidungen.csv
WZB_193va_23_5;hochczeit;lemma_2875;type_372622;ANLEGEN;entscheidungen.csv
WZB_193va_24_4;hochczeit;lemma_2875;type_372622;ANLEGEN;entscheidungen.csv
WZB_193va_25_5;hochczeit;lemma_2875;type_372622;ANLEGEN;entscheidungen.csv
WZB_209rb_13_2;hochczeit;lemma_2875;type_372622;ANLEGEN;entscheidungen.csv
WZB_182va_32_0;honikseim;lemma_16515;type_372623;ANLEGEN;entscheidungen.csv
WZB_188ra_13_0;honikseim;lemma_16515;type_372623;ANLEGEN;entscheidungen.csv
WZB_202vb_12_0;honikseim;lemma_16515;type_372623;ANLEGEN;entscheidungen.csv
WZB_203rb_2_2;honikseim;lemma_16515;type_372623;ANLEGEN;entscheidungen.csv
WZB_203va_10_0;honikseim;lemma_16515;type_372623;ANLEGEN;entscheidungen.csv
WZB_209vb_30_4;honikseim;lemma_16515;type_372623;ANLEGEN;entscheidungen.csv
WZB_217vb_14_3;honikseim;lemma_16515;type_372623;ANLEGEN;entscheidungen.csv
WZB_82ra_33_5;horner;lemma_2904;type_372624;ANLEGEN;entscheidungen.csv
WZB_85rb_3_2;horner;lemma_2904;type_372624;ANLEGEN;entscheidungen.csv
WZB_101va_14_1;horner;lemma_2904;type_372624;ANLEGEN;entscheidungen.csv
WZB_101vb_13_0;horner;lemma_2904;type_372624;ANLEGEN;entscheidungen.csv
WZB_102ra_19_1;horner;lemma_2904;type_372624;ANLEGEN;entscheidungen.csv
WZB_105vb_16_3;horner;lemma_2904;type_372624;ANLEGEN;entscheidungen.csv
WZB_116ra_35_2;horner;lemma_2904;type_372624;ANLEGEN;entscheidungen.csv
WZB_212vb_26_4;horner;lemma_2904;type_372624;ANLEGEN;entscheidungen.csv
WZB_212vb_27_2;horner;lemma_2904;type_372624;ANLEGEN;entscheidungen.csv
WZB_31va_7_0;housrat;lemma_9890;type_372625;ANLEGEN;entscheidungen.csv
WZB_48ra_20_0;housrat;lemma_9890;type_372625;ANLEGEN;entscheidungen.csv
WZB_153vb_25_5;housrat;lemma_9890;type_372625;ANLEGEN;entscheidungen.csv
WZB_167va_23_1;housrat;lemma_9890;type_372625;ANLEGEN;entscheidungen.csv
WZB_219rb_10_1;housrat;lemma_9890;type_372625;ANLEGEN;entscheidungen.csv
WZB_16vb_16_4;housvrow;lemma_2938;type_372626;ANLEGEN;entscheidungen.csv
WZB_17rb_5_2;housvrow;lemma_2938;type_372626;ANLEGEN;entscheidungen.csv
WZB_18rb_4_3;housvrow;lemma_2938;type_372626;ANLEGEN;entscheidungen.csv
WZB_20va_23_1;housvrow;lemma_2938;type_372626;ANLEGEN;entscheidungen.csv
WZB_20vb_29_0;housvrow;lemma_2938;type_372626;ANLEGEN;entscheidungen.csv
WZB_21vb_29_3;housvrow;lemma_2938;type_372626;ANLEGEN;entscheidungen.csv
WZB_22ra_5_1;housvrow;lemma_2938;type_372626;ANLEGEN;entscheidungen.csv
WZB_22ra_13_1;housvrow;lemma_2938;type_372626;ANLEGEN;entscheidungen.csv
WZB_23ra_17_0;housvrow;lemma_2938;type_372626;ANLEGEN;entscheidungen.csv
WZB_23rb_26_2;housvrow;lemma_2938;type_372626;ANLEGEN;entscheidungen.csv
WZB_23va_23_3;housvrow;lemma_2938;type_372626;ANLEGEN;entscheidungen.csv
WZB_26vb_29_7;housvrow;lemma_2938;type_372626;ANLEGEN;entscheidungen.csv
WZB_26vb_34_2;housvrow;lemma_2938;type_372626;ANLEGEN;entscheidungen.csv
WZB_27ra_23_1;housvrow;lemma_2938;type_372626;ANLEGEN;entscheidungen.csv
WZB_30vb_15_3;housvrow;lemma_2938;type_372626;ANLEGEN;entscheidungen.csv
WZB_36rb_2_9;housvrow;lemma_2938;type_372626;ANLEGEN;entscheidungen.csv
WZB_38vb_18_1;housvrow;lemma_2938;type_372626;ANLEGEN;entscheidungen.csv
WZB_52rb_18_0;housvrow;lemma_2938;type_372626;ANLEGEN;entscheidungen.csv
WZB_54rb_6_0;housvrow;lemma_2938;type_372626;ANLEGEN;entscheidungen.csv
WZB_57ra_18_8;housvrow;lemma_2938;type_372626;ANLEGEN;entscheidungen.csv
WZB_57rb_23_8;housvrow;lemma_2938;type_372626;ANLEGEN;entscheidungen.csv
WZB_59ra_7_3;housvrow;lemma_2938;type_372626;ANLEGEN;entscheidungen.csv
WZB_59ra_15_2;housvrow;lemma_2938;type_372626;ANLEGEN;entscheidungen.csv
WZB_59ra_19_4;housvrow;lemma_2938;type_372626;ANLEGEN;entscheidungen.csv
WZB_72rb_19_6;housvrow;lemma_2938;type_372626;ANLEGEN;entscheidungen.csv
WZB_75rb_25_1;housvrow;lemma_2938;type_372626;ANLEGEN;entscheidungen.csv
WZB_75rb_32_1;housvrow;lemma_2938;type_372626;ANLEGEN;entscheidungen.csv
WZB_163ra_15_3;housvrow;lemma_2938;type_372626;ANLEGEN;entscheidungen.csv
WZB_199vb_18_1;housvrow;lemma_2938;type_372626;ANLEGEN;entscheidungen.csv
WZB_200va_27_3;housvrow;lemma_2938;type_372626;ANLEGEN;entscheidungen.csv
WZB_200vb_14_1;housvrow;lemma_2938;type_372626;ANLEGEN;entscheidungen.csv
WZB_201vb_29_2;housvrow;lemma_2938;type_372626;ANLEGEN;entscheidungen.csv
WZB_11rb_31_3;housvrowe;lemma_2938;type_372627;ANLEGEN;entscheidungen.csv
WZB_18ra_25_4;housvrowe;lemma_2938;type_372627;ANLEGEN;entscheidungen.csv
WZB_18rb_15_3;housvrowe;lemma_2938;type_372627;ANLEGEN;entscheidungen.csv
WZB_18rb_19_2;housvrowe;lemma_2938;type_372627;ANLEGEN;entscheidungen.csv
WZB_18vb_25_2;housvrowe;lemma_2938;type_372627;ANLEGEN;entscheidungen.csv
WZB_21vb_35_6;housvrowe;lemma_2938;type_372627;ANLEGEN;entscheidungen.csv
WZB_23va_26_2;housvrowe;lemma_2938;type_372627;ANLEGEN;entscheidungen.csv
WZB_24va_6_1;housvrowe;lemma_2938;type_372627;ANLEGEN;entscheidungen.csv
WZB_24va_17_6;housvrowe;lemma_2938;type_372627;ANLEGEN;entscheidungen.csv
WZB_26vb_23_0;housvrowe;lemma_2938;type_372627;ANLEGEN;entscheidungen.csv
WZB_27ra_28_1;housvrowe;lemma_2938;type_372627;ANLEGEN;entscheidungen.csv
WZB_28rb_26_0;housvrowe;lemma_2938;type_372627;ANLEGEN;entscheidungen.csv
WZB_36rb_13_3;housvrowe;lemma_2938;type_372627;ANLEGEN;entscheidungen.csv
WZB_39ra_12_0;housvrowe;lemma_2938;type_372627;ANLEGEN;entscheidungen.csv
WZB_40ra_34_0;housvrowe;lemma_2938;type_372627;ANLEGEN;entscheidungen.csv
WZB_43ra_16_2;housvrowe;lemma_2938;type_372627;ANLEGEN;entscheidungen.csv
WZB_47ra_5_2;housvrowe;lemma_2938;type_372627;ANLEGEN;entscheidungen.csv
WZB_72rb_33_1;housvrowe;lemma_2938;type_372627;ANLEGEN;entscheidungen.csv
WZB_72va_6_5;housvrowe;lemma_2938;type_372627;ANLEGEN;entscheidungen.csv
WZB_75rb_23_1;housvrowe;lemma_2938;type_372627;ANLEGEN;entscheidungen.csv
WZB_77ra_3_2;housvrowe;lemma_2938;type_372627;ANLEGEN;entscheidungen.csv
WZB_118ra_9_2;housvrowe;lemma_2938;type_372627;ANLEGEN;entscheidungen.csv
WZB_118ra_26_5;housvrowe;lemma_2938;type_372627;ANLEGEN;entscheidungen.csv
WZB_120ra_31_1;housvrowe;lemma_2938;type_372627;ANLEGEN;entscheidungen.csv
WZB_120rb_30_0;housvrowe;lemma_2938;type_372627;ANLEGEN;entscheidungen.csv
WZB_120rb_34_3;housvrowe;lemma_2938;type_372627;ANLEGEN;entscheidungen.csv
WZB_135rb_33_3;housvrowe;lemma_2938;type_372627;ANLEGEN;entscheidungen.csv
WZB_135va_11_0;housvrowe;lemma_2938;type_372627;ANLEGEN;entscheidungen.csv
WZB_145ra_16_0;housvrowe;lemma_2938;type_372627;ANLEGEN;entscheidungen.csv
WZB_190rb_36_2;housvrowe;lemma_2938;type_372627;ANLEGEN;entscheidungen.csv
WZB_196vb_18_2;housvrowe;lemma_2938;type_372627;ANLEGEN;entscheidungen.csv
WZB_198ra_34_1;housvrowe;lemma_2938;type_372627;ANLEGEN;entscheidungen.csv
WZB_199ra_17_1;housvrowe;lemma_2938;type_372627;ANLEGEN;entscheidungen.csv
WZB_199ra_22_5;housvrowe;lemma_2938;type_372627;ANLEGEN;entscheidungen.csv
WZB_199va_10_0;housvrowe;lemma_2938;type_372627;ANLEGEN;entscheidungen.csv
WZB_199va_25_1;housvrowe;lemma_2938;type_372627;ANLEGEN;entscheidungen.csv
WZB_201vb_19_4;housvrowe;lemma_2938;type_372627;ANLEGEN;entscheidungen.csv
WZB_202ra_19_1;housvrowe;lemma_2938;type_372627;ANLEGEN;entscheidungen.csv
WZB_16vb_22_0;housvrowen;lemma_2938;type_372628;ANLEGEN;entscheidungen.csv
WZB_18ra_30_1;housvrowen;lemma_2938;type_372628;ANLEGEN;entscheidungen.csv
WZB_21ra_32_6;housvrowen;lemma_2938;type_372628;ANLEGEN;entscheidungen.csv
WZB_23ra_10_5;housvrowen;lemma_2938;type_372628;ANLEGEN;entscheidungen.csv
WZB_24rb_24_2;housvrowen;lemma_2938;type_372628;ANLEGEN;entscheidungen.csv
WZB_24rb_29_0;housvrowen;lemma_2938;type_372628;ANLEGEN;entscheidungen.csv
WZB_24va_3_2;housvrowen;lemma_2938;type_372628;ANLEGEN;entscheidungen.csv
WZB_25rb_22_2;housvrowen;lemma_2938;type_372628;ANLEGEN;entscheidungen.csv
WZB_27ra_20_1;housvrowen;lemma_2938;type_372628;ANLEGEN;entscheidungen.csv
WZB_28va_18_0;housvrowen;lemma_2938;type_372628;ANLEGEN;entscheidungen.csv
WZB_28vb_29_1;housvrowen;lemma_2938;type_372628;ANLEGEN;entscheidungen.csv
WZB_29va_13_0;housvrowen;lemma_2938;type_372628;ANLEGEN;entscheidungen.csv
WZB_34rb_18_2;housvrowen;lemma_2938;type_372628;ANLEGEN;entscheidungen.csv
WZB_34va_4_1;housvrowen;lemma_2938;type_372628;ANLEGEN;entscheidungen.csv
WZB_34va_20_0;housvrowen;lemma_2938;type_372628;ANLEGEN;entscheidungen.csv
WZB_34vb_21_4;housvrowen;lemma_2938;type_372628;ANLEGEN;entscheidungen.csv
WZB_36rb_31_5;housvrowen;lemma_2938;type_372628;ANLEGEN;entscheidungen.csv
WZB_36va_7_8;housvrowen;lemma_2938;type_372628;ANLEGEN;entscheidungen.csv
WZB_36va_11_1;housvrowen;lemma_2938;type_372628;ANLEGEN;entscheidungen.csv
WZB_36va_13_8;housvrowen;lemma_2938;type_372628;ANLEGEN;entscheidungen.csv
WZB_36va_28_3;housvrowen;lemma_2938;type_372628;ANLEGEN;entscheidungen.csv
WZB_36va_30_3;housvrowen;lemma_2938;type_372628;ANLEGEN;entscheidungen.csv
WZB_36vb_2_10;housvrowen;lemma_2938;type_372628;ANLEGEN;entscheidungen.csv
WZB_37rb_15_8;housvrowen;lemma_2938;type_372628;ANLEGEN;entscheidungen.csv
WZB_38vb_8_2;housvrowen;lemma_2938;type_372628;ANLEGEN;entscheidungen.csv
WZB_38vb_23_7;housvrowen;lemma_2938;type_372628;ANLEGEN;entscheidungen.csv
WZB_38vb_29_4;housvrowen;lemma_2938;type_372628;ANLEGEN;entscheidungen.csv
WZB_40va_17_0;housvrowen;lemma_2938;type_372628;ANLEGEN;entscheidungen.csv
WZB_48ra_15_3;housvrowen;lemma_2938;type_372628;ANLEGEN;entscheidungen.csv
WZB_48va_24_2;housvrowen;lemma_2938;type_372628;ANLEGEN;entscheidungen.csv
WZB_48vb_24_1;housvrowen;lemma_2938;type_372628;ANLEGEN;entscheidungen.csv
WZB_49ra_16_3;housvrowen;lemma_2938;type_372628;ANLEGEN;entscheidungen.csv
WZB_52rb_20_0;housvrowen;lemma_2938;type_372628;ANLEGEN;entscheidungen.csv
WZB_55rb_4_2;housvrowen;lemma_2938;type_372628;ANLEGEN;entscheidungen.csv
WZB_74ra_2_4;housvrowen;lemma_2938;type_372628;ANLEGEN;entscheidungen.csv
WZB_74vb_7_1;housvrowen;lemma_2938;type_372628;ANLEGEN;entscheidungen.csv
WZB_75rb_22_3;housvrowen;lemma_2938;type_372628;ANLEGEN;entscheidungen.csv
WZB_77ra_24_3;housvrowen;lemma_2938;type_372628;ANLEGEN;entscheidungen.csv
WZB_88va_4_2;housvrowen;lemma_2938;type_372628;ANLEGEN;entscheidungen.csv
WZB_117vb_15_1;housvrowen;lemma_2938;type_372628;ANLEGEN;entscheidungen.csv
WZB_117vb_26_0;housvrowen;lemma_2938;type_372628;ANLEGEN;entscheidungen.csv
WZB_118ra_3_2;housvrowen;lemma_2938;type_372628;ANLEGEN;entscheidungen.csv
WZB_118ra_12_2;housvrowen;lemma_2938;type_372628;ANLEGEN;entscheidungen.csv
WZB_118ra_20_0;housvrowen;lemma_2938;type_372628;ANLEGEN;entscheidungen.csv
WZB_120ra_14_0;housvrowen;lemma_2938;type_372628;ANLEGEN;entscheidungen.csv
WZB_120ra_15_3;housvrowen;lemma_2938;type_372628;ANLEGEN;entscheidungen.csv
WZB_121ra_6_0;housvrowen;lemma_2938;type_372628;ANLEGEN;entscheidungen.csv
WZB_121ra_37_2;housvrowen;lemma_2938;type_372628;ANLEGEN;entscheidungen.csv
WZB_146vb_3_0;housvrowen;lemma_2938;type_372628;ANLEGEN;entscheidungen.csv
WZB_150rb_24_2;housvrowen;lemma_2938;type_372628;ANLEGEN;entscheidungen.csv
WZB_167rb_7_4;housvrowen;lemma_2938;type_372628;ANLEGEN;entscheidungen.csv
WZB_174ra_10_1;housvrowen;lemma_2938;type_372628;ANLEGEN;entscheidungen.csv
WZB_174rb_15_1;housvrowen;lemma_2938;type_372628;ANLEGEN;entscheidungen.csv
WZB_178vb_22_1;housvrowen;lemma_2938;type_372628;ANLEGEN;entscheidungen.csv
WZB_194va_14_7;housvrowen;lemma_2938;type_372628;ANLEGEN;entscheidungen.csv
WZB_198ra_25_2;housvrowen;lemma_2938;type_372628;ANLEGEN;entscheidungen.csv
WZB_198rb_6_0;housvrowen;lemma_2938;type_372628;ANLEGEN;entscheidungen.csv
WZB_199ra_33_3;housvrowen;lemma_2938;type_372628;ANLEGEN;entscheidungen.csv
WZB_199rb_15_3;housvrowen;lemma_2938;type_372628;ANLEGEN;entscheidungen.csv
WZB_199vb_13_2;housvrowen;lemma_2938;type_372628;ANLEGEN;entscheidungen.csv
WZB_200vb_7_1;housvrowen;lemma_2938;type_372628;ANLEGEN;entscheidungen.csv
WZB_201vb_37_1;housvrowen;lemma_2938;type_372628;ANLEGEN;entscheidungen.csv
WZB_204ra_14_3;housvrowen;lemma_2938;type_372628;ANLEGEN;entscheidungen.csv
WZB_204ra_32_0;housvrowen;lemma_2938;type_372628;ANLEGEN;entscheidungen.csv
WZB_207rb_5_1;housvrowen;lemma_2938;type_372628;ANLEGEN;entscheidungen.csv
WZB_214va_10_0;housvrowen;lemma_2938;type_372628;ANLEGEN;entscheidungen.csv
WZB_230ra_6_3;housvrowen;lemma_2938;type_372628;ANLEGEN;entscheidungen.csv
WZB_230ra_10_5;housvrowen;lemma_2938;type_372628;ANLEGEN;entscheidungen.csv
WZB_85rb_12_4;hout;lemma_2939;type_372629;ANLEGEN;entscheidungen.csv
WZB_99rb_7_6;hout;lemma_2939;type_372629;ANLEGEN;entscheidungen.csv
WZB_101rb_16_4;hout;lemma_2939;type_372629;ANLEGEN;entscheidungen.csv
WZB_104rb_21_3;hout;lemma_2939;type_372629;ANLEGEN;entscheidungen.csv
WZB_110va_21_1;hout;lemma_2939;type_372629;ANLEGEN;entscheidungen.csv
WZB_110va_29_2;hout;lemma_2939;type_372629;ANLEGEN;entscheidungen.csv
WZB_110va_32_2;hout;lemma_2939;type_372629;ANLEGEN;entscheidungen.csv
WZB_110va_37_4;hout;lemma_2939;type_372629;ANLEGEN;entscheidungen.csv
WZB_110vb_8_0;hout;lemma_2939;type_372629;ANLEGEN;entscheidungen.csv
WZB_110vb_14_2;hout;lemma_2939;type_372629;ANLEGEN;entscheidungen.csv
WZB_110vb_29_0;hout;lemma_2939;type_372629;ANLEGEN;entscheidungen.csv
WZB_111ra_5_1;hout;lemma_2939;type_372629;ANLEGEN;entscheidungen.csv
WZB_111ra_27_0;hout;lemma_2939;type_372629;ANLEGEN;entscheidungen.csv
WZB_111rb_12_2;hout;lemma_2939;type_372629;ANLEGEN;entscheidungen.csv
WZB_111rb_30_5;hout;lemma_2939;type_372629;ANLEGEN;entscheidungen.csv
WZB_111va_34_3;hout;lemma_2939;type_372629;ANLEGEN;entscheidungen.csv
WZB_111vb_7_0;hout;lemma_2939;type_372629;ANLEGEN;entscheidungen.csv
WZB_196va_6_3;hout;lemma_2939;type_372629;ANLEGEN;entscheidungen.csv
WZB_196va_6_5;hout;lemma_2939;type_372629;ANLEGEN;entscheidungen.csv
WZB_13rb_12_1;hŏchsten;lemma_2866;type_372630;ANLEGEN;entscheidungen.csv
WZB_159ra_6_2;hŏchsten;lemma_2866;type_372630;ANLEGEN;entscheidungen.csv
WZB_172ra_37_1;hŏchsten;lemma_2866;type_372630;ANLEGEN;entscheidungen.csv
WZB_27rb_9_0;hŏe;lemma_2881;type_372631;ANLEGEN;entscheidungen.csv
WZB_31vb_17_3;hŏe;lemma_2881;type_372631;ANLEGEN;entscheidungen.csv
WZB_54va_2_3;hŏe;lemma_2881;type_372631;ANLEGEN;entscheidungen.csv
WZB_74ra_30_1;hŏe;lemma_2881;type_372631;ANLEGEN;entscheidungen.csv
WZB_79rb_18_3;hŏe;lemma_2881;type_372631;ANLEGEN;entscheidungen.csv
WZB_79vb_3_8;hŏe;lemma_2881;type_372631;ANLEGEN;entscheidungen.csv
WZB_80ra_18_2;hŏe;lemma_2881;type_372631;ANLEGEN;entscheidungen.csv
WZB_81va_32_0;hŏe;lemma_2881;type_372631;ANLEGEN;entscheidungen.csv
WZB_82ra_33_1;hŏe;lemma_2881;type_372631;ANLEGEN;entscheidungen.csv
WZB_82vb_16_0;hŏe;lemma_2881;type_372631;ANLEGEN;entscheidungen.csv
WZB_86va_14_4;hŏe;lemma_2881;type_372631;ANLEGEN;entscheidungen.csv
WZB_91ra_7_2;hŏe;lemma_2881;type_372631;ANLEGEN;entscheidungen.csv
WZB_94vb_2_2;hŏe;lemma_2881;type_372631;ANLEGEN;entscheidungen.csv
WZB_95ra_5_3;hŏe;lemma_2881;type_372631;ANLEGEN;entscheidungen.csv
WZB_95ra_6_5;hŏe;lemma_2881;type_372631;ANLEGEN;entscheidungen.csv
WZB_95ra_17_2;hŏe;lemma_2881;type_372631;ANLEGEN;entscheidungen.csv
WZB_95va_7_2;hŏe;lemma_2881;type_372631;ANLEGEN;entscheidungen.csv
WZB_95va_33_5;hŏe;lemma_2881;type_372631;ANLEGEN;entscheidungen.csv
WZB_96rb_10_6;hŏe;lemma_2881;type_372631;ANLEGEN;entscheidungen.csv
WZB_99va_34_4;hŏe;lemma_2881;type_372631;ANLEGEN;entscheidungen.csv
WZB_171va_31_4;hŏe;lemma_2881;type_372631;ANLEGEN;entscheidungen.csv
WZB_179ra_27_2;hŏe;lemma_2881;type_372631;ANLEGEN;entscheidungen.csv
WZB_180va_14_4;hŏe;lemma_2881;type_372631;ANLEGEN;entscheidungen.csv
WZB_206va_34_5;hŏe;lemma_2881;type_372631;ANLEGEN;entscheidungen.csv
WZB_229rb_27_2;hŏe;lemma_2881;type_372631;ANLEGEN;entscheidungen.csv
WZB_229vb_2_0;hŏe;lemma_2881;type_372631;ANLEGEN;entscheidungen.csv
WZB_96rb_34_1;hŏer;lemma_2866;type_372632;ANLEGEN;entscheidungen.csv
WZB_203rb_21_4;hŏer;lemma_2866;type_372632;ANLEGEN;entscheidungen.csv
WZB_205va_33_4;hŏer;lemma_2866;type_372632;ANLEGEN;entscheidungen.csv
WZB_7rb_32_0;hŏhe;lemma_2881;type_372633;ANLEGEN;entscheidungen.csv
WZB_8ra_25_5;hŏhe;lemma_2881;type_372633;ANLEGEN;entscheidungen.csv
WZB_10va_15_0;hŏhe;lemma_2881;type_372633;ANLEGEN;entscheidungen.csv
WZB_18va_19_3;hŏre;lemma_2885;type_372634;ANLEGEN;entscheidungen.csv
WZB_20ra_30_0;hŏre;lemma_2885;type_372634;ANLEGEN;entscheidungen.csv
WZB_20rb_37_3;hŏre;lemma_2885;type_372634;ANLEGEN;entscheidungen.csv
WZB_25vb_2_0;hŏre;lemma_2885;type_372634;ANLEGEN;entscheidungen.csv
WZB_25vb_18_0;hŏre;lemma_2885;type_372634;ANLEGEN;entscheidungen.csv
WZB_26vb_9_2;hŏre;lemma_2885;type_372634;ANLEGEN;entscheidungen.csv
WZB_26vb_15_4;hŏre;lemma_2885;type_372634;ANLEGEN;entscheidungen.csv
WZB_57va_22_2;hŏre;lemma_2885;type_372634;ANLEGEN;entscheidungen.csv
WZB_73ra_10_4;hŏre;lemma_2885;type_372634;ANLEGEN;entscheidungen.csv
WZB_77vb_5_1;hŏre;lemma_2885;type_372634;ANLEGEN;entscheidungen.csv
WZB_84rb_22_6;hŏre;lemma_2885;type_372634;ANLEGEN;entscheidungen.csv
WZB_89rb_10_1;hŏre;lemma_2885;type_372634;ANLEGEN;entscheidungen.csv
WZB_159rb_17_4;hŏre;lemma_2885;type_372634;ANLEGEN;entscheidungen.csv
WZB_164ra_4_7;hŏre;lemma_2885;type_372634;ANLEGEN;entscheidungen.csv
WZB_181rb_3_9;hŏre;lemma_2885;type_372634;ANLEGEN;entscheidungen.csv
WZB_182va_32_3;hŏre;lemma_2885;type_372634;ANLEGEN;entscheidungen.csv
WZB_190ra_4_0;hŏre;lemma_2885;type_372634;ANLEGEN;entscheidungen.csv
WZB_190rb_7_1;hŏre;lemma_2885;type_372634;ANLEGEN;entscheidungen.csv
WZB_190va_11_4;hŏre;lemma_2885;type_372634;ANLEGEN;entscheidungen.csv
WZB_210va_8_0;hŏre;lemma_2885;type_372634;ANLEGEN;entscheidungen.csv
WZB_42ra_27_0;hŏren;lemma_2885;type_372635;ANLEGEN;entscheidungen.csv
WZB_56ra_27_1;hŏren;lemma_2885;type_372635;ANLEGEN;entscheidungen.csv
WZB_56rb_25_0;hŏren;lemma_2885;type_372635;ANLEGEN;entscheidungen.csv
WZB_59rb_23_2;hŏren;lemma_2885;type_372635;ANLEGEN;entscheidungen.csv
WZB_59vb_23_3;hŏren;lemma_2885;type_372635;ANLEGEN;entscheidungen.csv
WZB_74vb_20_0;hŏren;lemma_2885;type_372635;ANLEGEN;entscheidungen.csv
WZB_91vb_22_5;hŏren;lemma_2885;type_372635;ANLEGEN;entscheidungen.csv
WZB_180rb_26_6;hŏren;lemma_2885;type_372635;ANLEGEN;entscheidungen.csv
WZB_186rb_30_0;hŏren;lemma_2885;type_372635;ANLEGEN;entscheidungen.csv
WZB_200ra_9_5;hŏren;lemma_2885;type_372635;ANLEGEN;entscheidungen.csv
WZB_204vb_8_3;hŏren;lemma_2885;type_372635;ANLEGEN;entscheidungen.csv
WZB_220ra_18_0;hŏren;lemma_2885;type_372635;ANLEGEN;entscheidungen.csv
WZB_159vb_15_2;hŏrer;lemma_20910;type_372636;ANLEGEN;entscheidungen.csv
WZB_20rb_33_1;hŏrest;lemma_2885;type_372637;ANLEGEN;entscheidungen.csv
WZB_45rb_23_0;hŏrest;lemma_2885;type_372637;ANLEGEN;entscheidungen.csv
WZB_69vb_14_7;hŏrest;lemma_2885;type_372637;ANLEGEN;entscheidungen.csv
WZB_190va_27_5;hŏrest;lemma_2885;type_372637;ANLEGEN;entscheidungen.csv
WZB_20rb_8_5;hŏret;lemma_2885;type_372638;ANLEGEN;entscheidungen.csv
WZB_37rb_34_0;hŏret;lemma_2885;type_372638;ANLEGEN;entscheidungen.csv
WZB_51va_11_0;hŏret;lemma_2885;type_372638;ANLEGEN;entscheidungen.csv
WZB_51va_11_5;hŏret;lemma_2885;type_372638;ANLEGEN;entscheidungen.csv
WZB_59rb_9_6;hŏret;lemma_2885;type_372638;ANLEGEN;entscheidungen.csv
WZB_89rb_5_0;hŏret;lemma_2885;type_372638;ANLEGEN;entscheidungen.csv
WZB_102ra_32_5;hŏret;lemma_2885;type_372638;ANLEGEN;entscheidungen.csv
WZB_112rb_8_9;hŏret;lemma_2885;type_372638;ANLEGEN;entscheidungen.csv
WZB_115ra_32_1;hŏret;lemma_2885;type_372638;ANLEGEN;entscheidungen.csv
WZB_115rb_6_5;hŏret;lemma_2885;type_372638;ANLEGEN;entscheidungen.csv
WZB_145ra_34_8;hŏret;lemma_2885;type_372638;ANLEGEN;entscheidungen.csv
WZB_166vb_33_3;hŏret;lemma_2885;type_372638;ANLEGEN;entscheidungen.csv
WZB_86va_14_6;hŏrner;lemma_2904;type_372639;ANLEGEN;entscheidungen.csv
WZB_95va_8_1;hŏrner;lemma_2904;type_372639;ANLEGEN;entscheidungen.csv
WZB_95va_34_0;hŏrner;lemma_2904;type_372639;ANLEGEN;entscheidungen.csv
WZB_101vb_34_4;hŏrner;lemma_2904;type_372639;ANLEGEN;entscheidungen.csv
WZB_107rb_5_2;hŏrner;lemma_2904;type_372639;ANLEGEN;entscheidungen.csv
WZB_6ra_29_0;hŏrt;lemma_2885;type_372640;ANLEGEN;entscheidungen.csv
WZB_18rb_35_5;hŏrt;lemma_2885;type_372640;ANLEGEN;entscheidungen.csv
WZB_64rb_26_0;hŏrt;lemma_2885;type_372640;ANLEGEN;entscheidungen.csv
WZB_126va_6_3;hŏue;lemma_2816;type_372641;ANLEGEN;entscheidungen.csv
WZB_79rb_34_6;iacincten;lemma_3088;type_372642;ANLEGEN;entscheidungen.csv
WZB_80vb_3_0;iacincten;lemma_3088;type_372642;ANLEGEN;entscheidungen.csv
WZB_81vb_6_2;iacincten;lemma_3088;type_372642;ANLEGEN;entscheidungen.csv
WZB_82ra_16_0;iacincten;lemma_3088;type_372642;ANLEGEN;entscheidungen.csv
WZB_82vb_2_5;iacincten;lemma_3088;type_372642;ANLEGEN;entscheidungen.csv
WZB_83rb_6_2;iacincten;lemma_3088;type_372642;ANLEGEN;entscheidungen.csv
WZB_83rb_10_4;iacincten;lemma_3088;type_372642;ANLEGEN;entscheidungen.csv
WZB_83rb_23_0;iacincten;lemma_3088;type_372642;ANLEGEN;entscheidungen.csv
WZB_83va_17_1;iacincten;lemma_3088;type_372642;ANLEGEN;entscheidungen.csv
WZB_93va_6_3;iacincten;lemma_3088;type_372642;ANLEGEN;entscheidungen.csv
WZB_93vb_10_4;iacincten;lemma_3088;type_372642;ANLEGEN;entscheidungen.csv
WZB_94va_12_0;iacincten;lemma_3088;type_372642;ANLEGEN;entscheidungen.csv
WZB_94va_23_1;iacincten;lemma_3088;type_372642;ANLEGEN;entscheidungen.csv
WZB_96vb_22_5;iacincten;lemma_3088;type_372642;ANLEGEN;entscheidungen.csv
WZB_97ra_13_5;iacincten;lemma_3088;type_372642;ANLEGEN;entscheidungen.csv
WZB_97rb_27_0;iacincten;lemma_3088;type_372642;ANLEGEN;entscheidungen.csv
WZB_97va_35_3;iacincten;lemma_3088;type_372642;ANLEGEN;entscheidungen.csv
WZB_133sva_18_2;iacincten;lemma_3088;type_372642;ANLEGEN;entscheidungen.csv
WZB_130rb_9_3;iarczal;lemma_9803;type_372643;ANLEGEN;entscheidungen.csv
WZB_131va_7_1;iarczal;lemma_9803;type_372643;ANLEGEN;entscheidungen.csv
WZB_131vb_25_3;iarczal;lemma_9803;type_372643;ANLEGEN;entscheidungen.csv
WZB_133sra_9_1;iarczal;lemma_9803;type_372643;ANLEGEN;entscheidungen.csv
WZB_133srb_18_5;iarczal;lemma_9803;type_372643;ANLEGEN;entscheidungen.csv
WZB_134ra_35_11;iarczal;lemma_9803;type_372643;ANLEGEN;entscheidungen.csv
WZB_161rb_29_6;iarczal;lemma_9803;type_372643;ANLEGEN;entscheidungen.csv
WZB_76vb_25_0;ichtesicht;lemma_3022;type_372644;ANLEGEN;entscheidungen.csv
WZB_102rb_9_2;ichtesicht;lemma_3022;type_372644;ANLEGEN;entscheidungen.csv
WZB_104va_21_0;ichtesicht;lemma_3022;type_372644;ANLEGEN;entscheidungen.csv
WZB_104vb_18_7;ichtesicht;lemma_3022;type_372644;ANLEGEN;entscheidungen.csv
WZB_114va_21_7;ichtesicht;lemma_3022;type_372644;ANLEGEN;entscheidungen.csv
WZB_118va_10_2;ichtesicht;lemma_3022;type_372644;ANLEGEN;entscheidungen.csv
WZB_123vb_22_6;ichtesicht;lemma_3022;type_372644;ANLEGEN;entscheidungen.csv
WZB_125vb_3_1;ichtesicht;lemma_3022;type_372644;ANLEGEN;entscheidungen.csv
WZB_148vb_2_2;ichtesicht;lemma_3022;type_372644;ANLEGEN;entscheidungen.csv
WZB_149ra_4_5;ichtesicht;lemma_3022;type_372644;ANLEGEN;entscheidungen.csv
WZB_154ra_15_8;ichtesicht;lemma_3022;type_372644;ANLEGEN;entscheidungen.csv
WZB_158va_3_5;ichtesicht;lemma_3022;type_372644;ANLEGEN;entscheidungen.csv
WZB_164ra_6_0;ichtesicht;lemma_3022;type_372644;ANLEGEN;entscheidungen.csv
WZB_166vb_9_6;ichtesicht;lemma_3022;type_372644;ANLEGEN;entscheidungen.csv
WZB_173va_16_1;ichtesicht;lemma_3022;type_372644;ANLEGEN;entscheidungen.csv
WZB_192ra_4_0;ichtesicht;lemma_3022;type_372644;ANLEGEN;entscheidungen.csv
WZB_193vb_19_0;ichtesicht;lemma_3022;type_372644;ANLEGEN;entscheidungen.csv
WZB_219ra_12_0;ichtesicht;lemma_3022;type_372644;ANLEGEN;entscheidungen.csv
WZB_13va_23_8;ierige;lemma_27278;type_372645;ANLEGEN;entscheidungen.csv
WZB_13va_24_5;ierige;lemma_27278;type_372645;ANLEGEN;entscheidungen.csv
WZB_123rb_35_1;ierige;lemma_27278;type_372645;ANLEGEN;entscheidungen.csv
WZB_123va_8_5;ierige;lemma_27278;type_372645;ANLEGEN;entscheidungen.csv
WZB_137vb_21_4;ierige;lemma_27278;type_372645;ANLEGEN;entscheidungen.csv
WZB_138ra_23_2;ierige;lemma_27278;type_372645;ANLEGEN;entscheidungen.csv
WZB_138rb_9_1;ierige;lemma_27278;type_372645;ANLEGEN;entscheidungen.csv
WZB_138rb_30_1;ierige;lemma_27278;type_372645;ANLEGEN;entscheidungen.csv
WZB_138va_13_5;ierige;lemma_27278;type_372645;ANLEGEN;entscheidungen.csv
WZB_138vb_14_3;ierige;lemma_27278;type_372645;ANLEGEN;entscheidungen.csv
WZB_138vb_34_3;ierige;lemma_27278;type_372645;ANLEGEN;entscheidungen.csv
WZB_139ra_21_0;ierige;lemma_27278;type_372645;ANLEGEN;entscheidungen.csv
WZB_139rb_21_2;ierige;lemma_27278;type_372645;ANLEGEN;entscheidungen.csv
WZB_139va_9_1;ierige;lemma_27278;type_372645;ANLEGEN;entscheidungen.csv
WZB_139vb_8_2;ierige;lemma_27278;type_372645;ANLEGEN;entscheidungen.csv
WZB_139vb_28_1;ierige;lemma_27278;type_372645;ANLEGEN;entscheidungen.csv
WZB_140ra_17_3;ierige;lemma_27278;type_372645;ANLEGEN;entscheidungen.csv
WZB_140ra_23_1;ierige;lemma_27278;type_372645;ANLEGEN;entscheidungen.csv
WZB_148vb_29_5;ierige;lemma_27278;type_372645;ANLEGEN;entscheidungen.csv
WZB_164rb_19_3;ierige;lemma_27278;type_372645;ANLEGEN;entscheidungen.csv
WZB_164va_12_4;ierige;lemma_27278;type_372645;ANLEGEN;entscheidungen.csv
WZB_165ra_15_4;ierige;lemma_27278;type_372645;ANLEGEN;entscheidungen.csv
WZB_165rb_6_5;ierige;lemma_27278;type_372645;ANLEGEN;entscheidungen.csv
WZB_165va_17_4;ierige;lemma_27278;type_372645;ANLEGEN;entscheidungen.csv
WZB_164ra_29_0;ieriger;lemma_27278;type_372646;ANLEGEN;entscheidungen.csv
WZB_165vb_28_3;ieriger;lemma_27278;type_372646;ANLEGEN;entscheidungen.csv
WZB_166ra_4_5;ieriger;lemma_27278;type_372646;ANLEGEN;entscheidungen.csv
WZB_166ra_16_2;ieriger;lemma_27278;type_372646;ANLEGEN;entscheidungen.csv
WZB_166rb_8_2;ieriger;lemma_27278;type_372646;ANLEGEN;entscheidungen.csv
WZB_166rb_20_5;ieriger;lemma_27278;type_372646;ANLEGEN;entscheidungen.csv
WZB_166rb_33_3;ieriger;lemma_27278;type_372646;ANLEGEN;entscheidungen.csv
WZB_166va_14_0;ieriger;lemma_27278;type_372646;ANLEGEN;entscheidungen.csv
WZB_64vb_3_0;ieriges;lemma_27278;type_372647;ANLEGEN;entscheidungen.csv
WZB_99va_4_5;ieriges;lemma_27278;type_372647;ANLEGEN;entscheidungen.csv
WZB_107ra_10_5;ieriges;lemma_27278;type_372647;ANLEGEN;entscheidungen.csv
WZB_110rb_15_2;ieriges;lemma_27278;type_372647;ANLEGEN;entscheidungen.csv
WZB_112vb_4_1;ieriges;lemma_27278;type_372647;ANLEGEN;entscheidungen.csv
WZB_123rb_1_0;ieriges;lemma_27278;type_372647;ANLEGEN;entscheidungen.csv
WZB_136vb_4_1;ieriges;lemma_27278;type_372647;ANLEGEN;entscheidungen.csv
WZB_136vb_15_3;ieriges;lemma_27278;type_372647;ANLEGEN;entscheidungen.csv
WZB_136vb_17_4;ieriges;lemma_27278;type_372647;ANLEGEN;entscheidungen.csv
WZB_137vb_16_2;ieriges;lemma_27278;type_372647;ANLEGEN;entscheidungen.csv
WZB_138rb_4_0;ieriges;lemma_27278;type_372647;ANLEGEN;entscheidungen.csv
WZB_138rb_24_3;ieriges;lemma_27278;type_372647;ANLEGEN;entscheidungen.csv
WZB_138va_8_3;ieriges;lemma_27278;type_372647;ANLEGEN;entscheidungen.csv
WZB_138vb_9_1;ieriges;lemma_27278;type_372647;ANLEGEN;entscheidungen.csv
WZB_138vb_29_1;ieriges;lemma_27278;type_372647;ANLEGEN;entscheidungen.csv
WZB_139ra_15_3;ieriges;lemma_27278;type_372647;ANLEGEN;entscheidungen.csv
WZB_139rb_15_4;ieriges;lemma_27278;type_372647;ANLEGEN;entscheidungen.csv
WZB_139va_3_4;ieriges;lemma_27278;type_372647;ANLEGEN;entscheidungen.csv
WZB_139vb_3_2;ieriges;lemma_27278;type_372647;ANLEGEN;entscheidungen.csv
WZB_139vb_22_5;ieriges;lemma_27278;type_372647;ANLEGEN;entscheidungen.csv
WZB_4ra_14_1;is;lemma_1764;type_372648;ANLEGEN;entscheidungen.csv
WZB_25vb_22_5;is;lemma_1764;type_372648;ANLEGEN;entscheidungen.csv
WZB_26rb_17_1;is;lemma_1764;type_372648;ANLEGEN;entscheidungen.csv
WZB_166vb_17_6;is;lemma_1764;type_372648;ANLEGEN;entscheidungen.csv
WZB_189va_5_6;is;lemma_1764;type_372648;ANLEGEN;entscheidungen.csv
WZB_189va_13_2;is;lemma_1764;type_372648;ANLEGEN;entscheidungen.csv
WZB_189vb_13_4;is;lemma_1764;type_372648;ANLEGEN;entscheidungen.csv
WZB_189vb_16_5;is;lemma_1764;type_372648;ANLEGEN;entscheidungen.csv
WZB_191va_25_5;is;lemma_1764;type_372648;ANLEGEN;entscheidungen.csv
WZB_191vb_14_6;is;lemma_1764;type_372648;ANLEGEN;entscheidungen.csv
WZB_193ra_2_5;is;lemma_1764;type_372648;ANLEGEN;entscheidungen.csv
WZB_193ra_4_0;is;lemma_1764;type_372648;ANLEGEN;entscheidungen.csv
WZB_193rb_6_1;is;lemma_1764;type_372648;ANLEGEN;entscheidungen.csv
WZB_193rb_9_2;is;lemma_1764;type_372648;ANLEGEN;entscheidungen.csv
WZB_200va_18_2;is;lemma_1764;type_372648;ANLEGEN;entscheidungen.csv
WZB_7vb_24_3;knechtel;lemma_3377;type_372649;ANLEGEN;entscheidungen.csv
WZB_14va_36_3;knechtel;lemma_3377;type_372649;ANLEGEN;entscheidungen.csv
WZB_14vb_6_1;knechtel;lemma_3377;type_372649;ANLEGEN;entscheidungen.csv
WZB_14vb_13_0;knechtel;lemma_3377;type_372649;ANLEGEN;entscheidungen.csv
WZB_15ra_30_0;knechtel;lemma_3377;type_372649;ANLEGEN;entscheidungen.csv
WZB_34vb_32_5;knechtel;lemma_3377;type_372649;ANLEGEN;entscheidungen.csv
WZB_133sra_15_5;knechtel;lemma_3377;type_372649;ANLEGEN;entscheidungen.csv
WZB_67ra_13_1;knechtels;lemma_3377;type_372650;ANLEGEN;entscheidungen.csv
WZB_130vb_2_1;knechtels;lemma_3377;type_372650;ANLEGEN;entscheidungen.csv
WZB_133va_2_10;knechtels;lemma_3377;type_372650;ANLEGEN;entscheidungen.csv
WZB_133va_27_0;knechtels;lemma_3377;type_372650;ANLEGEN;entscheidungen.csv
WZB_133sra_6_10;knechtels;lemma_3377;type_372650;ANLEGEN;entscheidungen.csv
WZB_217va_32_1;knechtels;lemma_3377;type_372650;ANLEGEN;entscheidungen.csv
WZB_34va_33_1;knechtils;lemma_3377;type_372651;ANLEGEN;entscheidungen.csv
WZB_54ra_21_0;knechtils;lemma_3377;type_372651;ANLEGEN;entscheidungen.csv
WZB_91vb_10_1;knechtils;lemma_3377;type_372651;ANLEGEN;entscheidungen.csv
WZB_130rb_12_4;knechtils;lemma_3377;type_372651;ANLEGEN;entscheidungen.csv
WZB_130vb_10_4;knechtils;lemma_3377;type_372651;ANLEGEN;entscheidungen.csv
WZB_133vb_14_0;knechtils;lemma_3377;type_372651;ANLEGEN;entscheidungen.csv
WZB_133sra_3_0;knechtils;lemma_3377;type_372651;ANLEGEN;entscheidungen.csv
WZB_163ra_27_0;knechtils;lemma_3377;type_372651;ANLEGEN;entscheidungen.csv
WZB_168ra_5_3;knechtils;lemma_3377;type_372651;ANLEGEN;entscheidungen.csv
WZB_192vb_3_3;knechtils;lemma_3377;type_372651;ANLEGEN;entscheidungen.csv
WZB_197ra_34_3;knechtils;lemma_3377;type_372651;ANLEGEN;entscheidungen.csv
WZB_30va_26_2;knechtlein;lemma_3377;type_372652;ANLEGEN;entscheidungen.csv
WZB_77vb_30_0;knechtlein;lemma_3377;type_372652;ANLEGEN;entscheidungen.csv
WZB_104ra_16_0;knechtlein;lemma_3377;type_372652;ANLEGEN;entscheidungen.csv
WZB_133rb_9_4;knechtlein;lemma_3377;type_372652;ANLEGEN;entscheidungen.csv
WZB_193va_20_2;knechtlein;lemma_3377;type_372652;ANLEGEN;entscheidungen.csv
WZB_70vb_34_2;kochen;lemma_3391;type_372653;ANLEGEN;entscheidungen.csv
WZB_123rb_32_2;kochen;lemma_3391;type_372653;ANLEGEN;entscheidungen.csv
WZB_3rb_30_2;krichenden;lemma_3464;type_372654;ANLEGEN;entscheidungen.csv
WZB_7ra_36_8;krichenden;lemma_3464;type_372654;ANLEGEN;entscheidungen.csv
WZB_7va_17_2;krichenden;lemma_3464;type_372654;ANLEGEN;entscheidungen.csv
WZB_8rb_3_3;krichenden;lemma_3464;type_372654;ANLEGEN;entscheidungen.csv
WZB_8rb_10_3;krichenden;lemma_3464;type_372654;ANLEGEN;entscheidungen.csv
WZB_8vb_28_3;krichenden;lemma_3464;type_372654;ANLEGEN;entscheidungen.csv
WZB_110ra_13_3;krichenden;lemma_3464;type_372654;ANLEGEN;entscheidungen.csv
WZB_60rb_21_3;krŏten;lemma_3485;type_372655;ANLEGEN;entscheidungen.csv
WZB_144vb_15_3;kvnigs;lemma_3507;type_372656;ANLEGEN;entscheidungen.csv
WZB_159rb_30_3;kvnigs;lemma_3507;type_372656;ANLEGEN;entscheidungen.csv
WZB_170rb_16_5;kvnigs;lemma_3507;type_372656;ANLEGEN;entscheidungen.csv
WZB_170rb_18_1;kvnigs;lemma_3507;type_372656;ANLEGEN;entscheidungen.csv
WZB_181ra_16_0;kvnigs;lemma_3507;type_372656;ANLEGEN;entscheidungen.csv
WZB_181ra_20_6;kvnigs;lemma_3507;type_372656;ANLEGEN;entscheidungen.csv
WZB_183vb_13_0;kvnigs;lemma_3507;type_372656;ANLEGEN;entscheidungen.csv
WZB_227ra_16_3;kvnigs;lemma_3507;type_372656;ANLEGEN;entscheidungen.csv
WZB_228va_18_4;kvnigs;lemma_3507;type_372656;ANLEGEN;entscheidungen.csv
WZB_80rb_29_5;kŏpfe;lemma_3405;type_372657;ANLEGEN;entscheidungen.csv
WZB_80va_10_1;kŏpfe;lemma_3405;type_372657;ANLEGEN;entscheidungen.csv
WZB_41rb_12_4;kŏrbe;lemma_3412;type_372658;ANLEGEN;entscheidungen.csv
WZB_41rb_20_0;kŏrbe;lemma_3412;type_372658;ANLEGEN;entscheidungen.csv
WZB_118vb_12_2;kŏrner;lemma_3409;type_372659;ANLEGEN;entscheidungen.csv
WZB_84va_10_7;leineine;lemma_3736;type_372660;ANLEGEN;entscheidungen.csv
WZB_84va_19_1;leineine;lemma_3736;type_372660;ANLEGEN;entscheidungen.csv
WZB_97va_4_4;leineine;lemma_3736;type_372660;ANLEGEN;entscheidungen.csv
WZB_105vb_5_6;leineine;lemma_3736;type_372660;ANLEGEN;entscheidungen.csv
WZB_115va_21_2;leineine;lemma_3736;type_372660;ANLEGEN;entscheidungen.csv
WZB_116vb_16_6;leineine;lemma_3736;type_372660;ANLEGEN;entscheidungen.csv
WZB_102ra_11_0;lemmern;lemma_3589;type_372661;ANLEGEN;entscheidungen.csv
WZB_148rb_30_3;lemmern;lemma_3589;type_372661;ANLEGEN;entscheidungen.csv
WZB_164rb_11_2;lemmern;lemma_3589;type_372661;ANLEGEN;entscheidungen.csv
WZB_164va_31_0;lemmern;lemma_3589;type_372661;ANLEGEN;entscheidungen.csv
WZB_164vb_24_2;lemmern;lemma_3589;type_372661;ANLEGEN;entscheidungen.csv
WZB_164vb_25_4;lemmern;lemma_3589;type_372661;ANLEGEN;entscheidungen.csv
WZB_165ra_21_2;lemmern;lemma_3589;type_372661;ANLEGEN;entscheidungen.csv
WZB_80rb_27_1;leuchter;lemma_27678;type_372662;ANLEGEN;entscheidungen.csv
WZB_80va_9_2;leuchter;lemma_27678;type_372662;ANLEGEN;entscheidungen.csv
WZB_80va_21_1;leuchter;lemma_27678;type_372662;ANLEGEN;entscheidungen.csv
WZB_87rb_29_5;leuchter;lemma_27678;type_372662;ANLEGEN;entscheidungen.csv
WZB_88ra_12_2;leuchter;lemma_27678;type_372662;ANLEGEN;entscheidungen.csv
WZB_92vb_8_3;leuchter;lemma_27678;type_372662;ANLEGEN;entscheidungen.csv
WZB_95rb_5_0;leuchter;lemma_27678;type_372662;ANLEGEN;entscheidungen.csv
WZB_95rb_36_3;leuchter;lemma_27678;type_372662;ANLEGEN;entscheidungen.csv
WZB_97vb_5_4;leuchter;lemma_27678;type_372662;ANLEGEN;entscheidungen.csv
WZB_98ra_7_4;leuchter;lemma_27678;type_372662;ANLEGEN;entscheidungen.csv
WZB_98va_10_4;leuchter;lemma_27678;type_372662;ANLEGEN;entscheidungen.csv
WZB_124va_10_3;leuchter;lemma_27678;type_372662;ANLEGEN;entscheidungen.csv
WZB_133vb_3_5;leuchter;lemma_27678;type_372662;ANLEGEN;entscheidungen.csv
WZB_133svb_1_4;leuchter;lemma_27678;type_372662;ANLEGEN;entscheidungen.csv
WZB_140rb_4_3;leuchter;lemma_27678;type_372662;ANLEGEN;entscheidungen.csv
WZB_140rb_12_2;leuchter;lemma_27678;type_372662;ANLEGEN;entscheidungen.csv
WZB_140rb_15_3;leuchter;lemma_27678;type_372662;ANLEGEN;entscheidungen.csv
WZB_140va_6_0;leuchter;lemma_27678;type_372662;ANLEGEN;entscheidungen.csv
WZB_119rb_20_0;lŏcher;lemma_3834;type_372663;ANLEGEN;entscheidungen.csv
WZB_66vb_34_0;lŏsen;lemma_3837;type_372664;ANLEGEN;entscheidungen.csv
WZB_130ra_7_2;lŏsen;lemma_3837;type_372664;ANLEGEN;entscheidungen.csv
WZB_152va_12_2;lŏsen;lemma_3837;type_372664;ANLEGEN;entscheidungen.csv
WZB_126vb_35_6;lŏset;lemma_3837;type_372665;ANLEGEN;entscheidungen.csv
WZB_215rb_17_4;lŏset;lemma_3837;type_372665;ANLEGEN;entscheidungen.csv
WZB_68vb_16_6;lŏste;lemma_3837;type_372666;ANLEGEN;entscheidungen.csv
WZB_152va_5_5;lŏsunge;lemma_12150;type_372667;ANLEGEN;entscheidungen.csv
WZB_11rb_16_4;mageschaft;lemma_22720;type_372668;ANLEGEN;entscheidungen.csv
WZB_53va_20_1;mageschaft;lemma_22720;type_372668;ANLEGEN;entscheidungen.csv
WZB_119vb_26_2;mageschaft;lemma_22720;type_372668;ANLEGEN;entscheidungen.csv
WZB_130rb_10_2;mageschaft;lemma_22720;type_372668;ANLEGEN;entscheidungen.csv
WZB_130va_12_2;mageschaft;lemma_22720;type_372668;ANLEGEN;entscheidungen.csv
WZB_130vb_7_4;mageschaft;lemma_22720;type_372668;ANLEGEN;entscheidungen.csv
WZB_130vb_17_0;mageschaft;lemma_22720;type_372668;ANLEGEN;entscheidungen.csv
WZB_130vb_25_1;mageschaft;lemma_22720;type_372668;ANLEGEN;entscheidungen.csv
WZB_130vb_33_3;mageschaft;lemma_22720;type_372668;ANLEGEN;entscheidungen.csv
WZB_131ra_6_1;mageschaft;lemma_22720;type_372668;ANLEGEN;entscheidungen.csv
WZB_131ra_14_3;mageschaft;lemma_22720;type_372668;ANLEGEN;entscheidungen.csv
WZB_131ra_22_1;mageschaft;lemma_22720;type_372668;ANLEGEN;entscheidungen.csv
WZB_131ra_30_1;mageschaft;lemma_22720;type_372668;ANLEGEN;entscheidungen.csv
WZB_131rb_1_2;mageschaft;lemma_22720;type_372668;ANLEGEN;entscheidungen.csv
WZB_131rb_9_4;mageschaft;lemma_22720;type_372668;ANLEGEN;entscheidungen.csv
WZB_131rb_18_2;mageschaft;lemma_22720;type_372668;ANLEGEN;entscheidungen.csv
WZB_131rb_28_0;mageschaft;lemma_22720;type_372668;ANLEGEN;entscheidungen.csv
WZB_131vb_18_0;mageschaft;lemma_22720;type_372668;ANLEGEN;entscheidungen.csv
WZB_134va_23_1;mageschaft;lemma_22720;type_372668;ANLEGEN;entscheidungen.csv
WZB_161vb_11_1;mageschaft;lemma_22720;type_372668;ANLEGEN;entscheidungen.csv
WZB_162ra_4_3;mageschaft;lemma_22720;type_372668;ANLEGEN;entscheidungen.csv
WZB_162ra_17_10;mageschaft;lemma_22720;type_372668;ANLEGEN;entscheidungen.csv
WZB_162ra_21_1;mageschaft;lemma_22720;type_372668;ANLEGEN;entscheidungen.csv
WZB_162rb_20_0;mageschaft;lemma_22720;type_372668;ANLEGEN;entscheidungen.csv
WZB_162va_6_0;mageschaft;lemma_22720;type_372668;ANLEGEN;entscheidungen.csv
WZB_162va_9_2;mageschaft;lemma_22720;type_372668;ANLEGEN;entscheidungen.csv
WZB_162va_13_0;mageschaft;lemma_22720;type_372668;ANLEGEN;entscheidungen.csv
WZB_162va_23_2;mageschaft;lemma_22720;type_372668;ANLEGEN;entscheidungen.csv
WZB_162va_26_2;mageschaft;lemma_22720;type_372668;ANLEGEN;entscheidungen.csv
WZB_220rb_18_5;mageschaft;lemma_22720;type_372668;ANLEGEN;entscheidungen.csv
WZB_220rb_19_3;mageschaft;lemma_22720;type_372668;ANLEGEN;entscheidungen.csv
WZB_229rb_21_1;mageschaft;lemma_22720;type_372668;ANLEGEN;entscheidungen.csv
WZB_230vb_27_4;mageschaft;lemma_22720;type_372668;ANLEGEN;entscheidungen.csv
WZB_231rb_3_1;mageschaft;lemma_22720;type_372668;ANLEGEN;entscheidungen.csv
WZB_233ra_14_6;mageschaft;lemma_22720;type_372668;ANLEGEN;entscheidungen.csv
WZB_233rb_4_2;mageschaft;lemma_22720;type_372668;ANLEGEN;entscheidungen.csv
WZB_235ra_5_0;mageschaft;lemma_22720;type_372668;ANLEGEN;entscheidungen.csv
WZB_236ra_3_1;mageschaft;lemma_22720;type_372668;ANLEGEN;entscheidungen.csv
WZB_66va_24_4;manden;lemma_3909;type_372669;ANLEGEN;entscheidungen.csv
WZB_66va_35_2;manden;lemma_3909;type_372669;ANLEGEN;entscheidungen.csv
WZB_73rb_18_3;manden;lemma_3909;type_372669;ANLEGEN;entscheidungen.csv
WZB_91vb_8_0;manden;lemma_3909;type_372669;ANLEGEN;entscheidungen.csv
WZB_97vb_34_0;manden;lemma_3909;type_372669;ANLEGEN;entscheidungen.csv
WZB_98rb_6_0;manden;lemma_3909;type_372669;ANLEGEN;entscheidungen.csv
WZB_124rb_14_2;manden;lemma_3909;type_372669;ANLEGEN;entscheidungen.csv
WZB_125va_15_3;manden;lemma_3909;type_372669;ANLEGEN;entscheidungen.csv
WZB_133rb_10_1;manden;lemma_3909;type_372669;ANLEGEN;entscheidungen.csv
WZB_133va_4_2;manden;lemma_3909;type_372669;ANLEGEN;entscheidungen.csv
WZB_133vb_15_0;manden;lemma_3909;type_372669;ANLEGEN;entscheidungen.csv
WZB_133sra_4_0;manden;lemma_3909;type_372669;ANLEGEN;entscheidungen.csv
WZB_133sra_7_4;manden;lemma_3909;type_372669;ANLEGEN;entscheidungen.csv
WZB_141ra_35_3;manden;lemma_3909;type_372669;ANLEGEN;entscheidungen.csv
WZB_141va_17_4;manden;lemma_3909;type_372669;ANLEGEN;entscheidungen.csv
WZB_144ra_33_2;manden;lemma_3909;type_372669;ANLEGEN;entscheidungen.csv
WZB_144rb_10_3;manden;lemma_3909;type_372669;ANLEGEN;entscheidungen.csv
WZB_154ra_22_1;manden;lemma_3909;type_372669;ANLEGEN;entscheidungen.csv
WZB_163ra_28_0;manden;lemma_3909;type_372669;ANLEGEN;entscheidungen.csv
WZB_164va_8_3;manden;lemma_3909;type_372669;ANLEGEN;entscheidungen.csv
WZB_164vb_4_1;manden;lemma_3909;type_372669;ANLEGEN;entscheidungen.csv
WZB_165rb_20_2;manden;lemma_3909;type_372669;ANLEGEN;entscheidungen.csv
WZB_165va_9_0;manden;lemma_3909;type_372669;ANLEGEN;entscheidungen.csv
WZB_171rb_22_1;manden;lemma_3909;type_372669;ANLEGEN;entscheidungen.csv
WZB_174vb_3_0;manden;lemma_3909;type_372669;ANLEGEN;entscheidungen.csv
WZB_192vb_31_2;manden;lemma_3909;type_372669;ANLEGEN;entscheidungen.csv
WZB_8rb_37_1;meneden;lemma_3910;type_372670;ANLEGEN;entscheidungen.csv
WZB_39va_24_6;meneden;lemma_3910;type_372670;ANLEGEN;entscheidungen.csv
WZB_64va_7_1;meneden;lemma_3910;type_372670;ANLEGEN;entscheidungen.csv
WZB_164va_33_1;meneden;lemma_3910;type_372670;ANLEGEN;entscheidungen.csv
WZB_170vb_5_4;meneden;lemma_3910;type_372670;ANLEGEN;entscheidungen.csv
WZB_7vb_32_2;menedis;lemma_3909;type_372671;ANLEGEN;entscheidungen.csv
WZB_8rb_33_2;menedis;lemma_3909;type_372671;ANLEGEN;entscheidungen.csv
WZB_8va_3_2;menedis;lemma_3909;type_372671;ANLEGEN;entscheidungen.csv
WZB_8vb_12_5;menedis;lemma_3909;type_372671;ANLEGEN;entscheidungen.csv
WZB_8vb_19_2;menedis;lemma_3909;type_372671;ANLEGEN;entscheidungen.csv
WZB_64va_9_3;menedis;lemma_3909;type_372671;ANLEGEN;entscheidungen.csv
WZB_64vb_7_1;menedis;lemma_3909;type_372671;ANLEGEN;entscheidungen.csv
WZB_65ra_35_0;menedis;lemma_3909;type_372671;ANLEGEN;entscheidungen.csv
WZB_65rb_3_1;menedis;lemma_3909;type_372671;ANLEGEN;entscheidungen.csv
WZB_69vb_34_1;menedis;lemma_3909;type_372671;ANLEGEN;entscheidungen.csv
WZB_77vb_19_1;menedis;lemma_3909;type_372671;ANLEGEN;entscheidungen.csv
WZB_77vb_23_0;menedis;lemma_3909;type_372671;ANLEGEN;entscheidungen.csv
WZB_91vb_7_1;menedis;lemma_3909;type_372671;ANLEGEN;entscheidungen.csv
WZB_97vb_35_2;menedis;lemma_3909;type_372671;ANLEGEN;entscheidungen.csv
WZB_98rb_8_0;menedis;lemma_3909;type_372671;ANLEGEN;entscheidungen.csv
WZB_115ra_29_6;menedis;lemma_3909;type_372671;ANLEGEN;entscheidungen.csv
WZB_115ra_31_2;menedis;lemma_3909;type_372671;ANLEGEN;entscheidungen.csv
WZB_115ra_35_3;menedis;lemma_3909;type_372671;ANLEGEN;entscheidungen.csv
WZB_116va_35_4;menedis;lemma_3909;type_372671;ANLEGEN;entscheidungen.csv
WZB_122vb_25_0;menedis;lemma_3909;type_372671;ANLEGEN;entscheidungen.csv
WZB_122vb_28_0;menedis;lemma_3909;type_372671;ANLEGEN;entscheidungen.csv
WZB_123va_34_1;menedis;lemma_3909;type_372671;ANLEGEN;entscheidungen.csv
WZB_123vb_8_3;menedis;lemma_3909;type_372671;ANLEGEN;entscheidungen.csv
WZB_123vb_32_2;menedis;lemma_3909;type_372671;ANLEGEN;entscheidungen.csv
WZB_124ra_4_2;menedis;lemma_3909;type_372671;ANLEGEN;entscheidungen.csv
WZB_124ra_32_2;menedis;lemma_3909;type_372671;ANLEGEN;entscheidungen.csv
WZB_125va_16_4;menedis;lemma_3909;type_372671;ANLEGEN;entscheidungen.csv
WZB_130rb_6_3;menedis;lemma_3909;type_372671;ANLEGEN;entscheidungen.csv
WZB_130va_17_4;menedis;lemma_3909;type_372671;ANLEGEN;entscheidungen.csv
WZB_141rb_9_2;menedis;lemma_3909;type_372671;ANLEGEN;entscheidungen.csv
WZB_141va_19_1;menedis;lemma_3909;type_372671;ANLEGEN;entscheidungen.csv
WZB_142va_26_0;menedis;lemma_3909;type_372671;ANLEGEN;entscheidungen.csv
WZB_164vb_5_2;menedis;lemma_3909;type_372671;ANLEGEN;entscheidungen.csv
WZB_165ra_32_2;menedis;lemma_3909;type_372671;ANLEGEN;entscheidungen.csv
WZB_165va_36_0;menedis;lemma_3909;type_372671;ANLEGEN;entscheidungen.csv
WZB_170vb_7_2;menedis;lemma_3909;type_372671;ANLEGEN;entscheidungen.csv
WZB_171rb_23_2;menedis;lemma_3909;type_372671;ANLEGEN;entscheidungen.csv
WZB_174vb_4_1;menedis;lemma_3909;type_372671;ANLEGEN;entscheidungen.csv
WZB_217rb_19_0;menedis;lemma_3909;type_372671;ANLEGEN;entscheidungen.csv
WZB_218ra_12_1;menedis;lemma_3909;type_372671;ANLEGEN;entscheidungen.csv
WZB_94ra_36_4;mittages;lemma_20031;type_372672;ANLEGEN;entscheidungen.csv
WZB_98va_13_4;mittages;lemma_20031;type_372672;ANLEGEN;entscheidungen.csv
WZB_145vb_30_6;mittages;lemma_20031;type_372672;ANLEGEN;entscheidungen.csv
WZB_172ra_12_4;mittages;lemma_20031;type_372672;ANLEGEN;entscheidungen.csv
WZB_226va_2_4;mittages;lemma_20031;type_372672;ANLEGEN;entscheidungen.csv
WZB_81rb_31_3;mittagis;lemma_20031;type_372673;ANLEGEN;entscheidungen.csv
WZB_82ra_10_2;mittagis;lemma_20031;type_372673;ANLEGEN;entscheidungen.csv
WZB_82va_2_1;mittagis;lemma_20031;type_372673;ANLEGEN;entscheidungen.csv
WZB_132ra_14_1;mittagis;lemma_20031;type_372673;ANLEGEN;entscheidungen.csv
WZB_133va_32_2;mittagis;lemma_20031;type_372673;ANLEGEN;entscheidungen.csv
WZB_225va_26_4;mittagis;lemma_20031;type_372673;ANLEGEN;entscheidungen.csv
WZB_229va_6_7;mittagis;lemma_20031;type_372673;ANLEGEN;entscheidungen.csv
WZB_138ra_36_1;morserl;lemma_26724;type_372674;ANLEGEN;entscheidungen.csv
WZB_138rb_21_0;morserl;lemma_26724;type_372674;ANLEGEN;entscheidungen.csv
WZB_138va_5_0;morserl;lemma_26724;type_372674;ANLEGEN;entscheidungen.csv
WZB_138vb_5_4;morserl;lemma_26724;type_372674;ANLEGEN;entscheidungen.csv
WZB_138vb_25_4;morserl;lemma_26724;type_372674;ANLEGEN;entscheidungen.csv
WZB_139ra_12_0;morserl;lemma_26724;type_372674;ANLEGEN;entscheidungen.csv
WZB_139rb_12_0;morserl;lemma_26724;type_372674;ANLEGEN;entscheidungen.csv
WZB_139rb_33_0;morserl;lemma_26724;type_372674;ANLEGEN;entscheidungen.csv
WZB_139va_21_2;morserl;lemma_26724;type_372674;ANLEGEN;entscheidungen.csv
WZB_139vb_19_2;morserl;lemma_26724;type_372674;ANLEGEN;entscheidungen.csv
WZB_139vb_36_2;morserl;lemma_26724;type_372674;ANLEGEN;entscheidungen.csv
WZB_140ra_9_2;morserl;lemma_26724;type_372674;ANLEGEN;entscheidungen.csv
WZB_146ra_8_2;mowern;lemma_4220;type_372675;ANLEGEN;entscheidungen.csv
WZB_157vb_17_0;mowern;lemma_4220;type_372675;ANLEGEN;entscheidungen.csv
WZB_172vb_19_1;mowern;lemma_4220;type_372675;ANLEGEN;entscheidungen.csv
WZB_178rb_7_3;mowern;lemma_4220;type_372675;ANLEGEN;entscheidungen.csv
WZB_178rb_11_0;mowern;lemma_4220;type_372675;ANLEGEN;entscheidungen.csv
WZB_206ra_9_3;mowern;lemma_4220;type_372675;ANLEGEN;entscheidungen.csv
WZB_218va_15_3;mowern;lemma_4220;type_372675;ANLEGEN;entscheidungen.csv
WZB_17rb_26_3;mynnern;lemma_4134;type_372676;ANLEGEN;entscheidungen.csv
WZB_17va_7_2;mynnern;lemma_4134;type_372676;ANLEGEN;entscheidungen.csv
WZB_23vb_11_1;mynnern;lemma_4134;type_372676;ANLEGEN;entscheidungen.csv
WZB_87ra_18_0;mynnern;lemma_4134;type_372676;ANLEGEN;entscheidungen.csv
WZB_163ra_2_5;mynnern;lemma_4134;type_372676;ANLEGEN;entscheidungen.csv
WZB_171vb_7_3;mynnern;lemma_4134;type_372676;ANLEGEN;entscheidungen.csv
WZB_145ra_16_3;mŏrinne;lemma_4185;type_372677;ANLEGEN;entscheidungen.csv
WZB_100rb_37_0;neczil;lemma_4339;type_372678;ANLEGEN;entscheidungen.csv
WZB_100va_31_5;neczil;lemma_4339;type_372678;ANLEGEN;entscheidungen.csv
WZB_101rb_9_0;neczil;lemma_4339;type_372678;ANLEGEN;entscheidungen.csv
WZB_104rb_3_7;neczil;lemma_4339;type_372678;ANLEGEN;entscheidungen.csv
WZB_106ra_3_5;neczil;lemma_4339;type_372678;ANLEGEN;entscheidungen.csv
WZB_106rb_15_1;neczil;lemma_4339;type_372678;ANLEGEN;entscheidungen.csv
WZB_107rb_8_6;neczil;lemma_4339;type_372678;ANLEGEN;entscheidungen.csv
WZB_107va_27_1;neczil;lemma_4339;type_372678;ANLEGEN;entscheidungen.csv
WZB_206rb_23_3;neczil;lemma_4339;type_372678;ANLEGEN;entscheidungen.csv
WZB_119vb_3_3;nevkomen;lemma_8598;type_372679;ANLEGEN;entscheidungen.csv
WZB_126ra_24_0;nevkomen;lemma_8598;type_372679;ANLEGEN;entscheidungen.csv
WZB_126va_12_3;nevkomen;lemma_8598;type_372679;ANLEGEN;entscheidungen.csv
WZB_126vb_13_0;nevkomen;lemma_8598;type_372679;ANLEGEN;entscheidungen.csv
WZB_126vb_24_4;nevkomen;lemma_8598;type_372679;ANLEGEN;entscheidungen.csv
WZB_6va_3_2;nevnhundert;lemma_13645;type_372680;ANLEGEN;entscheidungen.csv
WZB_6va_10_3;nevnhundert;lemma_13645;type_372680;ANLEGEN;entscheidungen.csv
WZB_6va_17_2;nevnhundert;lemma_13645;type_372680;ANLEGEN;entscheidungen.csv
WZB_6va_30_4;nevnhundert;lemma_13645;type_372680;ANLEGEN;entscheidungen.csv
WZB_6vb_18_2;nevnhundert;lemma_13645;type_372680;ANLEGEN;entscheidungen.csv
WZB_9vb_19_2;nevnhundert;lemma_13645;type_372680;ANLEGEN;entscheidungen.csv
WZB_201rb_17_3;newkomen;lemma_8598;type_372681;ANLEGEN;entscheidungen.csv
WZB_201rb_31_1;newkomen;lemma_8598;type_372681;ANLEGEN;entscheidungen.csv
WZB_201va_4_5;newkomen;lemma_8598;type_372681;ANLEGEN;entscheidungen.csv
WZB_201va_11_0;newkomen;lemma_8598;type_372681;ANLEGEN;entscheidungen.csv
WZB_203ra_7_0;newkomen;lemma_8598;type_372681;ANLEGEN;entscheidungen.csv
WZB_203ra_16_0;newkomen;lemma_8598;type_372681;ANLEGEN;entscheidungen.csv
WZB_207rb_6_0;newkomen;lemma_8598;type_372681;ANLEGEN;entscheidungen.csv
WZB_85rb_9_0;nirlein;lemma_26768;type_372682;ANLEGEN;entscheidungen.csv
WZB_100va_32_5;nirlein;lemma_26768;type_372682;ANLEGEN;entscheidungen.csv
WZB_100vb_14_1;nirlein;lemma_26768;type_372682;ANLEGEN;entscheidungen.csv
WZB_100vb_17_2;nirlein;lemma_26768;type_372682;ANLEGEN;entscheidungen.csv
WZB_101rb_8_5;nirlein;lemma_26768;type_372682;ANLEGEN;entscheidungen.csv
WZB_101rb_11_4;nirlein;lemma_26768;type_372682;ANLEGEN;entscheidungen.csv
WZB_104rb_4_3;nirlein;lemma_26768;type_372682;ANLEGEN;entscheidungen.csv
WZB_106ra_5_0;nirlein;lemma_26768;type_372682;ANLEGEN;entscheidungen.csv
WZB_107rb_8_2;nirlein;lemma_26768;type_372682;ANLEGEN;entscheidungen.csv
WZB_107va_25_6;nirlein;lemma_26768;type_372682;ANLEGEN;entscheidungen.csv
WZB_80rb_36_3;nvs;lemma_4441;type_372683;ANLEGEN;entscheidungen.csv
WZB_80va_4_1;nvs;lemma_4441;type_372683;ANLEGEN;entscheidungen.csv
WZB_80va_11_1;nvs;lemma_4441;type_372683;ANLEGEN;entscheidungen.csv
WZB_95rb_12_0;nvs;lemma_4441;type_372683;ANLEGEN;entscheidungen.csv
WZB_95rb_15_1;nvs;lemma_4441;type_372683;ANLEGEN;entscheidungen.csv
WZB_95rb_22_2;nvs;lemma_4441;type_372683;ANLEGEN;entscheidungen.csv
WZB_12rb_35_8;nŏrden;lemma_4424;type_372684;ANLEGEN;entscheidungen.csv
WZB_27rb_21_5;nŏrden;lemma_4424;type_372684;ANLEGEN;entscheidungen.csv
WZB_221rb_36_5;nŏrden;lemma_4424;type_372684;ANLEGEN;entscheidungen.csv
WZB_229va_11_0;nŏrden;lemma_4424;type_372684;ANLEGEN;entscheidungen.csv
WZB_229va_15_2;nŏrden;lemma_4424;type_372684;ANLEGEN;entscheidungen.csv
WZB_229vb_2_4;nŏrden;lemma_4424;type_372684;ANLEGEN;entscheidungen.csv
WZB_230vb_30_9;nŏrden;lemma_4424;type_372684;ANLEGEN;entscheidungen.csv
WZB_231va_22_2;nŏrden;lemma_4424;type_372684;ANLEGEN;entscheidungen.csv
WZB_231va_25_6;nŏrden;lemma_4424;type_372684;ANLEGEN;entscheidungen.csv
WZB_231va_28_1;nŏrden;lemma_4424;type_372684;ANLEGEN;entscheidungen.csv
WZB_232rb_2_1;nŏrden;lemma_4424;type_372684;ANLEGEN;entscheidungen.csv
WZB_233rb_18_1;nŏrden;lemma_4424;type_372684;ANLEGEN;entscheidungen.csv
WZB_233va_20_3;nŏrden;lemma_4424;type_372684;ANLEGEN;entscheidungen.csv
WZB_74vb_9_4;ochsens;lemma_4480;type_372685;ANLEGEN;entscheidungen.csv
WZB_76ra_17_1;ochsens;lemma_4480;type_372685;ANLEGEN;entscheidungen.csv
WZB_76rb_15_1;ochsens;lemma_4480;type_372685;ANLEGEN;entscheidungen.csv
WZB_105ra_2_2;ochsens;lemma_4480;type_372685;ANLEGEN;entscheidungen.csv
WZB_107va_24_2;ochsens;lemma_4480;type_372685;ANLEGEN;entscheidungen.csv
WZB_130ra_11_2;ochsens;lemma_4480;type_372685;ANLEGEN;entscheidungen.csv
WZB_152va_10_5;ochsens;lemma_4480;type_372685;ANLEGEN;entscheidungen.csv
WZB_181vb_32_5;ochsens;lemma_4480;type_372685;ANLEGEN;entscheidungen.csv
WZB_192vb_6_3;ochsens;lemma_4480;type_372685;ANLEGEN;entscheidungen.csv
WZB_201vb_15_1;ochsens;lemma_4480;type_372685;ANLEGEN;entscheidungen.csv
WZB_79va_11_0;oniknien;lemma_4446;type_372686;ANLEGEN;entscheidungen.csv
WZB_83rb_27_1;oniknien;lemma_4446;type_372686;ANLEGEN;entscheidungen.csv
WZB_87va_19_1;oniknien;lemma_4446;type_372686;ANLEGEN;entscheidungen.csv
WZB_92va_29_3;oniknien;lemma_4446;type_372686;ANLEGEN;entscheidungen.csv
WZB_93rb_4_1;oniknien;lemma_4446;type_372686;ANLEGEN;entscheidungen.csv
WZB_97ra_2_1;oniknien;lemma_4446;type_372686;ANLEGEN;entscheidungen.csv
WZB_102vb_27_0;opfernde;lemma_4489;type_372687;ANLEGEN;entscheidungen.csv
WZB_105ra_28_5;opfernde;lemma_4489;type_372687;ANLEGEN;entscheidungen.csv
WZB_107ra_18_4;opfernde;lemma_4489;type_372687;ANLEGEN;entscheidungen.csv
WZB_107vb_22_2;opfernde;lemma_4489;type_372687;ANLEGEN;entscheidungen.csv
WZB_115va_2_2;opfernde;lemma_4489;type_372687;ANLEGEN;entscheidungen.csv
WZB_136vb_3_3;opfernde;lemma_4489;type_372687;ANLEGEN;entscheidungen.csv
WZB_148rb_15_5;opfernde;lemma_4489;type_372687;ANLEGEN;entscheidungen.csv
WZB_148vb_20_3;opfernde;lemma_4489;type_372687;ANLEGEN;entscheidungen.csv
WZB_150ra_23_0;opfernde;lemma_4489;type_372687;ANLEGEN;entscheidungen.csv
WZB_166va_10_6;opfernde;lemma_4489;type_372687;ANLEGEN;entscheidungen.csv
WZB_190ra_25_6;opfernde;lemma_4489;type_372687;ANLEGEN;entscheidungen.csv
WZB_88vb_14_2;opfertir;lemma_6080;type_372688;ANLEGEN;entscheidungen.csv
WZB_99ra_8_0;opfertir;lemma_6080;type_372688;ANLEGEN;entscheidungen.csv
WZB_99ra_11_0;opfertir;lemma_6080;type_372688;ANLEGEN;entscheidungen.csv
WZB_100rb_18_0;opfertir;lemma_6080;type_372688;ANLEGEN;entscheidungen.csv
WZB_100rb_29_4;opfertir;lemma_6080;type_372688;ANLEGEN;entscheidungen.csv
WZB_100va_22_3;opfertir;lemma_6080;type_372688;ANLEGEN;entscheidungen.csv
WZB_101vb_3_1;opfertir;lemma_6080;type_372688;ANLEGEN;entscheidungen.csv
WZB_101vb_8_1;opfertir;lemma_6080;type_372688;ANLEGEN;entscheidungen.csv
WZB_102ra_11_3;opfertir;lemma_6080;type_372688;ANLEGEN;entscheidungen.csv
WZB_102ra_16_1;opfertir;lemma_6080;type_372688;ANLEGEN;entscheidungen.csv
WZB_104ra_32_1;opfertir;lemma_6080;type_372688;ANLEGEN;entscheidungen.csv
WZB_104rb_13_4;opfertir;lemma_6080;type_372688;ANLEGEN;entscheidungen.csv
WZB_104rb_16_3;opfertir;lemma_6080;type_372688;ANLEGEN;entscheidungen.csv
WZB_104rb_20_2;opfertir;lemma_6080;type_372688;ANLEGEN;entscheidungen.csv
WZB_104va_11_0;opfertir;lemma_6080;type_372688;ANLEGEN;entscheidungen.csv
WZB_104vb_3_2;opfertir;lemma_6080;type_372688;ANLEGEN;entscheidungen.csv
WZB_105ra_21_6;opfertir;lemma_6080;type_372688;ANLEGEN;entscheidungen.csv
WZB_105ra_35_3;opfertir;lemma_6080;type_372688;ANLEGEN;entscheidungen.csv
WZB_107ra_34_3;opfertir;lemma_6080;type_372688;ANLEGEN;entscheidungen.csv
WZB_107va_20_0;opfertir;lemma_6080;type_372688;ANLEGEN;entscheidungen.csv
WZB_117ra_10_4;opfertir;lemma_6080;type_372688;ANLEGEN;entscheidungen.csv
WZB_117ra_15_0;opfertir;lemma_6080;type_372688;ANLEGEN;entscheidungen.csv
WZB_117rb_2_2;opfertir;lemma_6080;type_372688;ANLEGEN;entscheidungen.csv
WZB_117rb_11_0;opfertir;lemma_6080;type_372688;ANLEGEN;entscheidungen.csv
WZB_118va_28_9;opfertir;lemma_6080;type_372688;ANLEGEN;entscheidungen.csv
WZB_121va_10_0;opfertir;lemma_6080;type_372688;ANLEGEN;entscheidungen.csv
WZB_122rb_18_6;opfertir;lemma_6080;type_372688;ANLEGEN;entscheidungen.csv
WZB_122va_29_8;opfertir;lemma_6080;type_372688;ANLEGEN;entscheidungen.csv
WZB_138vb_12_1;opfertir;lemma_6080;type_372688;ANLEGEN;entscheidungen.csv
WZB_139ra_18_4;opfertir;lemma_6080;type_372688;ANLEGEN;entscheidungen.csv
WZB_139rb_18_6;opfertir;lemma_6080;type_372688;ANLEGEN;entscheidungen.csv
WZB_142va_20_2;opfertir;lemma_6080;type_372688;ANLEGEN;entscheidungen.csv
WZB_148rb_13_3;opfertir;lemma_6080;type_372688;ANLEGEN;entscheidungen.csv
WZB_148rb_21_2;opfertir;lemma_6080;type_372688;ANLEGEN;entscheidungen.csv
WZB_148rb_30_0;opfertir;lemma_6080;type_372688;ANLEGEN;entscheidungen.csv
WZB_148va_5_3;opfertir;lemma_6080;type_372688;ANLEGEN;entscheidungen.csv
WZB_148va_7_1;opfertir;lemma_6080;type_372688;ANLEGEN;entscheidungen.csv
WZB_164va_26_1;opfertir;lemma_6080;type_372688;ANLEGEN;entscheidungen.csv
WZB_189rb_19_2;opfertir;lemma_6080;type_372688;ANLEGEN;entscheidungen.csv
WZB_194vb_32_1;opfertir;lemma_6080;type_372688;ANLEGEN;entscheidungen.csv
WZB_203vb_4_1;opfertir;lemma_6080;type_372688;ANLEGEN;entscheidungen.csv
WZB_85vb_18_0;opfertiren;lemma_6080;type_372689;ANLEGEN;entscheidungen.csv
WZB_101vb_18_2;opfertiren;lemma_6080;type_372689;ANLEGEN;entscheidungen.csv
WZB_102ra_5_3;opfertiren;lemma_6080;type_372689;ANLEGEN;entscheidungen.csv
WZB_105rb_7_0;opfertiren;lemma_6080;type_372689;ANLEGEN;entscheidungen.csv
WZB_105rb_24_1;opfertiren;lemma_6080;type_372689;ANLEGEN;entscheidungen.csv
WZB_123va_9_2;opfertiren;lemma_6080;type_372689;ANLEGEN;entscheidungen.csv
WZB_139vb_25_6;opfertiren;lemma_6080;type_372689;ANLEGEN;entscheidungen.csv
WZB_166va_30_1;opfertiren;lemma_6080;type_372689;ANLEGEN;entscheidungen.csv
WZB_211va_24_1;opfertiren;lemma_6080;type_372689;ANLEGEN;entscheidungen.csv
WZB_237rb_14_3;opfertiren;lemma_6080;type_372689;ANLEGEN;entscheidungen.csv
WZB_85rb_29_5;opfertires;lemma_6080;type_372690;ANLEGEN;entscheidungen.csv
WZB_99ra_18_3;opfertires;lemma_6080;type_372690;ANLEGEN;entscheidungen.csv
WZB_101rb_13_1;opfertires;lemma_6080;type_372690;ANLEGEN;entscheidungen.csv
WZB_101vb_29_2;opfertires;lemma_6080;type_372690;ANLEGEN;entscheidungen.csv
WZB_103vb_30_7;opfertires;lemma_6080;type_372690;ANLEGEN;entscheidungen.csv
WZB_104ra_19_6;opfertires;lemma_6080;type_372690;ANLEGEN;entscheidungen.csv
WZB_104ra_27_3;opfertires;lemma_6080;type_372690;ANLEGEN;entscheidungen.csv
WZB_104vb_10_3;opfertires;lemma_6080;type_372690;ANLEGEN;entscheidungen.csv
WZB_104vb_24_4;opfertires;lemma_6080;type_372690;ANLEGEN;entscheidungen.csv
WZB_105ra_27_0;opfertires;lemma_6080;type_372690;ANLEGEN;entscheidungen.csv
WZB_112vb_26_0;opfertires;lemma_6080;type_372690;ANLEGEN;entscheidungen.csv
WZB_22va_17_7;ouff;lemma_6330;type_372691;ANLEGEN;entscheidungen.csv
WZB_39rb_33_5;ouff;lemma_6330;type_372691;ANLEGEN;entscheidungen.csv
WZB_48va_24_4;ouff;lemma_6330;type_372691;ANLEGEN;entscheidungen.csv
WZB_60ra_2_8;ouff;lemma_6330;type_372691;ANLEGEN;entscheidungen.csv
WZB_62ra_7_6;ouff;lemma_6330;type_372691;ANLEGEN;entscheidungen.csv
WZB_62va_24_5;ouff;lemma_6330;type_372691;ANLEGEN;entscheidungen.csv
WZB_68va_18_4;ouff;lemma_6330;type_372691;ANLEGEN;entscheidungen.csv
WZB_76rb_33_6;ouff;lemma_6330;type_372691;ANLEGEN;entscheidungen.csv
WZB_85rb_24_7;ouff;lemma_6330;type_372691;ANLEGEN;entscheidungen.csv
WZB_86vb_17_2;ouff;lemma_6330;type_372691;ANLEGEN;entscheidungen.csv
WZB_88rb_22_6;ouff;lemma_6330;type_372691;ANLEGEN;entscheidungen.csv
WZB_88va_2_5;ouff;lemma_6330;type_372691;ANLEGEN;entscheidungen.csv
WZB_88va_21_2;ouff;lemma_6330;type_372691;ANLEGEN;entscheidungen.csv
WZB_91rb_21_5;ouff;lemma_6330;type_372691;ANLEGEN;entscheidungen.csv
WZB_98vb_27_4;ouff;lemma_6330;type_372691;ANLEGEN;entscheidungen.csv
WZB_100vb_3_5;ouff;lemma_6330;type_372691;ANLEGEN;entscheidungen.csv
WZB_103va_3_5;ouff;lemma_6330;type_372691;ANLEGEN;entscheidungen.csv
WZB_105vb_7_5;ouff;lemma_6330;type_372691;ANLEGEN;entscheidungen.csv
WZB_106ra_2_5;ouff;lemma_6330;type_372691;ANLEGEN;entscheidungen.csv
WZB_130ra_23_1;ouff;lemma_6330;type_372691;ANLEGEN;entscheidungen.csv
WZB_142rb_10_4;ouff;lemma_6330;type_372691;ANLEGEN;entscheidungen.csv
WZB_146ra_19_5;ouff;lemma_6330;type_372691;ANLEGEN;entscheidungen.csv
WZB_147vb_32_4;ouff;lemma_6330;type_372691;ANLEGEN;entscheidungen.csv
WZB_159va_20_5;ouff;lemma_6330;type_372691;ANLEGEN;entscheidungen.csv
WZB_161rb_36_4;ouff;lemma_6330;type_372691;ANLEGEN;entscheidungen.csv
WZB_203va_13_5;ouff;lemma_6330;type_372691;ANLEGEN;entscheidungen.csv
WZB_204ra_15_4;ouff;lemma_6330;type_372691;ANLEGEN;entscheidungen.csv
WZB_204rb_15_6;ouff;lemma_6330;type_372691;ANLEGEN;entscheidungen.csv
WZB_205vb_3_5;ouff;lemma_6330;type_372691;ANLEGEN;entscheidungen.csv
WZB_217ra_12_4;ouff;lemma_6330;type_372691;ANLEGEN;entscheidungen.csv
WZB_218va_24_3;ouff;lemma_6330;type_372691;ANLEGEN;entscheidungen.csv
WZB_221ra_10_4;ouff;lemma_6330;type_372691;ANLEGEN;entscheidungen.csv
WZB_221va_28_5;ouff;lemma_6330;type_372691;ANLEGEN;entscheidungen.csv
WZB_222rb_2_6;ouff;lemma_6330;type_372691;ANLEGEN;entscheidungen.csv
WZB_229rb_34_4;ouff;lemma_6330;type_372691;ANLEGEN;entscheidungen.csv
WZB_82ra_8_1;ouserhalb;lemma_6346;type_372692;ANLEGEN;entscheidungen.csv
WZB_98va_6_2;ouserhalb;lemma_6346;type_372692;ANLEGEN;entscheidungen.csv
WZB_101rb_22_0;ouserhalb;lemma_6346;type_372692;ANLEGEN;entscheidungen.csv
WZB_101va_30_3;ouserhalb;lemma_6346;type_372692;ANLEGEN;entscheidungen.csv
WZB_106ra_9_2;ouserhalb;lemma_6346;type_372692;ANLEGEN;entscheidungen.csv
WZB_107rb_14_0;ouserhalb;lemma_6346;type_372692;ANLEGEN;entscheidungen.csv
WZB_149ra_27_0;ouserhalb;lemma_6346;type_372692;ANLEGEN;entscheidungen.csv
WZB_153va_5_5;ouserhalb;lemma_6346;type_372692;ANLEGEN;entscheidungen.csv
WZB_219rb_11_2;ouserhalb;lemma_6346;type_372692;ANLEGEN;entscheidungen.csv
WZB_66rb_12_0;ouslendiger;lemma_45128;type_372693;ANLEGEN;entscheidungen.csv
WZB_121vb_36_1;ouslendiger;lemma_45128;type_372693;ANLEGEN;entscheidungen.csv
WZB_122ra_19_4;ouslendiger;lemma_45128;type_372693;ANLEGEN;entscheidungen.csv
WZB_127va_2_5;ouslendiger;lemma_45128;type_372693;ANLEGEN;entscheidungen.csv
WZB_152ra_21_0;ouslendiger;lemma_45128;type_372693;ANLEGEN;entscheidungen.csv
WZB_110va_24_5;ousseczikeit;lemma_36171;type_372694;ANLEGEN;entscheidungen.csv
WZB_110va_28_4;ousseczikeit;lemma_36171;type_372694;ANLEGEN;entscheidungen.csv
WZB_110va_31_3;ousseczikeit;lemma_36171;type_372694;ANLEGEN;entscheidungen.csv
WZB_110va_33_5;ousseczikeit;lemma_36171;type_372694;ANLEGEN;entscheidungen.csv
WZB_110vb_6_0;ousseczikeit;lemma_36171;type_372694;ANLEGEN;entscheidungen.csv
WZB_110vb_12_4;ousseczikeit;lemma_36171;type_372694;ANLEGEN;entscheidungen.csv
WZB_110vb_21_2;ousseczikeit;lemma_36171;type_372694;ANLEGEN;entscheidungen.csv
WZB_110vb_24_5;ousseczikeit;lemma_36171;type_372694;ANLEGEN;entscheidungen.csv
WZB_110vb_32_3;ousseczikeit;lemma_36171;type_372694;ANLEGEN;entscheidungen.csv
WZB_111ra_20_2;ousseczikeit;lemma_36171;type_372694;ANLEGEN;entscheidungen.csv
WZB_111ra_33_4;ousseczikeit;lemma_36171;type_372694;ANLEGEN;entscheidungen.csv
WZB_111ra_37_1;ousseczikeit;lemma_36171;type_372694;ANLEGEN;entscheidungen.csv
WZB_111rb_7_8;ousseczikeit;lemma_36171;type_372694;ANLEGEN;entscheidungen.csv
WZB_111rb_21_1;ousseczikeit;lemma_36171;type_372694;ANLEGEN;entscheidungen.csv
WZB_111rb_31_1;ousseczikeit;lemma_36171;type_372694;ANLEGEN;entscheidungen.csv
WZB_111va_4_1;ousseczikeit;lemma_36171;type_372694;ANLEGEN;entscheidungen.csv
WZB_111va_6_4;ousseczikeit;lemma_36171;type_372694;ANLEGEN;entscheidungen.csv
WZB_111va_11_2;ousseczikeit;lemma_36171;type_372694;ANLEGEN;entscheidungen.csv
WZB_111vb_11_4;ousseczikeit;lemma_36171;type_372694;ANLEGEN;entscheidungen.csv
WZB_111vb_27_2;ousseczikeit;lemma_36171;type_372694;ANLEGEN;entscheidungen.csv
WZB_112ra_4_1;ousseczikeit;lemma_36171;type_372694;ANLEGEN;entscheidungen.csv
WZB_112ra_9_3;ousseczikeit;lemma_36171;type_372694;ANLEGEN;entscheidungen.csv
WZB_112ra_17_3;ousseczikeit;lemma_36171;type_372694;ANLEGEN;entscheidungen.csv
WZB_112ra_25_3;ousseczikeit;lemma_36171;type_372694;ANLEGEN;entscheidungen.csv
WZB_112ra_30_2;ousseczikeit;lemma_36171;type_372694;ANLEGEN;entscheidungen.csv
WZB_112ra_35_0;ousseczikeit;lemma_36171;type_372694;ANLEGEN;entscheidungen.csv
WZB_112ra_36_6;ousseczikeit;lemma_36171;type_372694;ANLEGEN;entscheidungen.csv
WZB_112rb_6_3;ousseczikeit;lemma_36171;type_372694;ANLEGEN;entscheidungen.csv
WZB_112rb_12_3;ousseczikeit;lemma_36171;type_372694;ANLEGEN;entscheidungen.csv
WZB_112va_5_4;ousseczikeit;lemma_36171;type_372694;ANLEGEN;entscheidungen.csv
WZB_113va_21_5;ousseczikeit;lemma_36171;type_372694;ANLEGEN;entscheidungen.csv
WZB_113va_27_2;ousseczikeit;lemma_36171;type_372694;ANLEGEN;entscheidungen.csv
WZB_113va_31_1;ousseczikeit;lemma_36171;type_372694;ANLEGEN;entscheidungen.csv
WZB_113vb_4_2;ousseczikeit;lemma_36171;type_372694;ANLEGEN;entscheidungen.csv
WZB_113vb_6_7;ousseczikeit;lemma_36171;type_372694;ANLEGEN;entscheidungen.csv
WZB_113vb_23_0;ousseczikeit;lemma_36171;type_372694;ANLEGEN;entscheidungen.csv
WZB_113vb_26_0;ousseczikeit;lemma_36171;type_372694;ANLEGEN;entscheidungen.csv
WZB_114ra_4_3;ousseczikeit;lemma_36171;type_372694;ANLEGEN;entscheidungen.csv
WZB_114ra_32_0;ousseczikeit;lemma_36171;type_372694;ANLEGEN;entscheidungen.csv
WZB_114ra_33_1;ousseczikeit;lemma_36171;type_372694;ANLEGEN;entscheidungen.csv
WZB_145rb_22_0;ousseczikeit;lemma_36171;type_372694;ANLEGEN;entscheidungen.csv
WZB_145va_2_5;ousseczikeit;lemma_36171;type_372694;ANLEGEN;entscheidungen.csv
WZB_145va_11_2;ousseczikeit;lemma_36171;type_372694;ANLEGEN;entscheidungen.csv
WZB_194ra_19_3;ousseczikeit;lemma_36171;type_372694;ANLEGEN;entscheidungen.csv
WZB_194ra_20_1;ousseczikeit;lemma_36171;type_372694;ANLEGEN;entscheidungen.csv
WZB_201ra_12_4;ousseczikeit;lemma_36171;type_372694;ANLEGEN;entscheidungen.csv
WZB_98vb_32_2;ousvart;lemma_9775;type_372695;ANLEGEN;entscheidungen.csv
WZB_130rb_7_4;ousvart;lemma_9775;type_372695;ANLEGEN;entscheidungen.csv
WZB_171rb_21_2;ousvart;lemma_9775;type_372695;ANLEGEN;entscheidungen.csv
WZB_212vb_34_0;ousvart;lemma_9775;type_372695;ANLEGEN;entscheidungen.csv
WZB_233va_29_1;ousvart;lemma_9775;type_372695;ANLEGEN;entscheidungen.csv
WZB_71vb_19_1;pergis;lemma_521;type_372696;ANLEGEN;entscheidungen.csv
WZB_74ra_17_0;pergis;lemma_521;type_372696;ANLEGEN;entscheidungen.csv
WZB_74ra_35_4;pergis;lemma_521;type_372696;ANLEGEN;entscheidungen.csv
WZB_79rb_18_5;pergis;lemma_521;type_372696;ANLEGEN;entscheidungen.csv
WZB_89rb_16_2;pergis;lemma_521;type_372696;ANLEGEN;entscheidungen.csv
WZB_91ra_7_4;pergis;lemma_521;type_372696;ANLEGEN;entscheidungen.csv
WZB_147vb_33_4;pergis;lemma_521;type_372696;ANLEGEN;entscheidungen.csv
WZB_148ra_14_1;pergis;lemma_521;type_372696;ANLEGEN;entscheidungen.csv
WZB_155rb_24_1;pergis;lemma_521;type_372696;ANLEGEN;entscheidungen.csv
WZB_159va_21_3;pergis;lemma_521;type_372696;ANLEGEN;entscheidungen.csv
WZB_174va_20_3;pergis;lemma_521;type_372696;ANLEGEN;entscheidungen.csv
WZB_174vb_27_2;pergis;lemma_521;type_372696;ANLEGEN;entscheidungen.csv
WZB_175rb_25_0;pergis;lemma_521;type_372696;ANLEGEN;entscheidungen.csv
WZB_178va_23_5;pergis;lemma_521;type_372696;ANLEGEN;entscheidungen.csv
WZB_178vb_15_1;pergis;lemma_521;type_372696;ANLEGEN;entscheidungen.csv
WZB_179ra_27_4;pergis;lemma_521;type_372696;ANLEGEN;entscheidungen.csv
WZB_179va_26_1;pergis;lemma_521;type_372696;ANLEGEN;entscheidungen.csv
WZB_181ra_31_3;pergis;lemma_521;type_372696;ANLEGEN;entscheidungen.csv
WZB_225vb_24_2;pergis;lemma_521;type_372696;ANLEGEN;entscheidungen.csv
WZB_226va_6_4;pergis;lemma_521;type_372696;ANLEGEN;entscheidungen.csv
WZB_226va_9_1;pergis;lemma_521;type_372696;ANLEGEN;entscheidungen.csv
WZB_227ra_3_3;pergis;lemma_521;type_372696;ANLEGEN;entscheidungen.csv
WZB_227ra_22_0;pergis;lemma_521;type_372696;ANLEGEN;entscheidungen.csv
WZB_229va_31_1;pergis;lemma_521;type_372696;ANLEGEN;entscheidungen.csv
WZB_229vb_4_2;pergis;lemma_521;type_372696;ANLEGEN;entscheidungen.csv
WZB_229vb_6_2;pergis;lemma_521;type_372696;ANLEGEN;entscheidungen.csv
WZB_229vb_11_4;pergis;lemma_521;type_372696;ANLEGEN;entscheidungen.csv
WZB_231vb_25_2;pergis;lemma_521;type_372696;ANLEGEN;entscheidungen.csv
WZB_232va_29_4;pergis;lemma_521;type_372696;ANLEGEN;entscheidungen.csv
WZB_232vb_6_7;pergis;lemma_521;type_372696;ANLEGEN;entscheidungen.csv
WZB_239vb_7_0;pergis;lemma_521;type_372696;ANLEGEN;entscheidungen.csv
WZB_24rb_3_9;pilgereime;lemma_706;type_372697;ANLEGEN;entscheidungen.csv
WZB_77va_27_0;pilgereime;lemma_706;type_372697;ANLEGEN;entscheidungen.csv
WZB_125rb_4_2;pilgereime;lemma_706;type_372697;ANLEGEN;entscheidungen.csv
WZB_126va_13_3;pilgereime;lemma_706;type_372697;ANLEGEN;entscheidungen.csv
WZB_148va_18_5;pilgereime;lemma_706;type_372697;ANLEGEN;entscheidungen.csv
WZB_187va_8_6;pilgereime;lemma_706;type_372697;ANLEGEN;entscheidungen.csv
WZB_191va_15_1;pilgereime;lemma_706;type_372697;ANLEGEN;entscheidungen.csv
WZB_127vb_24_4;povme;lemma_820;type_372698;ANLEGEN;entscheidungen.csv
WZB_146ra_10_4;povme;lemma_820;type_372698;ANLEGEN;entscheidungen.csv
WZB_193vb_11_0;povme;lemma_820;type_372698;ANLEGEN;entscheidungen.csv
WZB_197va_10_4;povme;lemma_820;type_372698;ANLEGEN;entscheidungen.csv
WZB_197va_19_2;povme;lemma_820;type_372698;ANLEGEN;entscheidungen.csv
WZB_198vb_23_4;povme;lemma_820;type_372698;ANLEGEN;entscheidungen.csv
WZB_93ra_10_4;purpir;lemma_4763;type_372699;ANLEGEN;entscheidungen.csv
WZB_93ra_20_2;purpir;lemma_4763;type_372699;ANLEGEN;entscheidungen.csv
WZB_94va_12_3;purpir;lemma_4763;type_372699;ANLEGEN;entscheidungen.csv
WZB_96rb_37_4;purpir;lemma_4763;type_372699;ANLEGEN;entscheidungen.csv
WZB_97ra_14_1;purpir;lemma_4763;type_372699;ANLEGEN;entscheidungen.csv
WZB_97rb_27_3;purpir;lemma_4763;type_372699;ANLEGEN;entscheidungen.csv
WZB_97va_11_4;purpir;lemma_4763;type_372699;ANLEGEN;entscheidungen.csv
WZB_29vb_18_5;pŏcke;lemma_784;type_372700;ANLEGEN;entscheidungen.csv
WZB_115vb_6_0;pŏcke;lemma_784;type_372700;ANLEGEN;entscheidungen.csv
WZB_115vb_11_3;pŏcke;lemma_784;type_372700;ANLEGEN;entscheidungen.csv
WZB_130ra_15_5;pŏse;lemma_788;type_372701;ANLEGEN;entscheidungen.csv
WZB_154rb_4_2;pŏse;lemma_788;type_372701;ANLEGEN;entscheidungen.csv
WZB_194ra_15_1;pŏse;lemma_788;type_372701;ANLEGEN;entscheidungen.csv
WZB_196rb_35_3;pŏse;lemma_788;type_372701;ANLEGEN;entscheidungen.csv
WZB_195ra_36_1;pŏsen;lemma_788;type_372702;ANLEGEN;entscheidungen.csv
WZB_199ra_21_4;pŏsen;lemma_788;type_372702;ANLEGEN;entscheidungen.csv
WZB_200ra_26_0;pŏsen;lemma_788;type_372702;ANLEGEN;entscheidungen.csv
WZB_137va_25_0;pŭrden;lemma_924;type_372703;ANLEGEN;entscheidungen.csv
WZB_79va_12_4;racional;lemma_45292;type_372704;ANLEGEN;entscheidungen.csv
WZB_83va_12_6;racional;lemma_45292;type_372704;ANLEGEN;entscheidungen.csv
WZB_83vb_8_3;racional;lemma_45292;type_372704;ANLEGEN;entscheidungen.csv
WZB_83vb_18_4;racional;lemma_45292;type_372704;ANLEGEN;entscheidungen.csv
WZB_83vb_30_3;racional;lemma_45292;type_372704;ANLEGEN;entscheidungen.csv
WZB_83vb_33_1;racional;lemma_45292;type_372704;ANLEGEN;entscheidungen.csv
WZB_84ra_2_6;racional;lemma_45292;type_372704;ANLEGEN;entscheidungen.csv
WZB_84ra_7_2;racional;lemma_45292;type_372704;ANLEGEN;entscheidungen.csv
WZB_84ra_12_1;racional;lemma_45292;type_372704;ANLEGEN;entscheidungen.csv
WZB_84vb_21_0;racional;lemma_45292;type_372704;ANLEGEN;entscheidungen.csv
WZB_93rb_6_5;racional;lemma_45292;type_372704;ANLEGEN;entscheidungen.csv
WZB_97ra_11_2;racional;lemma_45292;type_372704;ANLEGEN;entscheidungen.csv
WZB_97ra_33_2;racional;lemma_45292;type_372704;ANLEGEN;entscheidungen.csv
WZB_97rb_10_2;racional;lemma_45292;type_372704;ANLEGEN;entscheidungen.csv
WZB_105va_22_0;racional;lemma_45292;type_372704;ANLEGEN;entscheidungen.csv
WZB_8va_17_6;rackte;lemma_4825;type_372705;ANLEGEN;entscheidungen.csv
WZB_19va_19_3;rackte;lemma_4825;type_372705;ANLEGEN;entscheidungen.csv
WZB_39vb_10_3;rackte;lemma_4825;type_372705;ANLEGEN;entscheidungen.csv
WZB_51ra_9_0;rackte;lemma_4825;type_372705;ANLEGEN;entscheidungen.csv
WZB_63vb_14_4;rackte;lemma_4825;type_372705;ANLEGEN;entscheidungen.csv
WZB_86ra_20_1;reinigunge;lemma_28890;type_372706;ANLEGEN;entscheidungen.csv
WZB_99ra_20_4;reinigunge;lemma_28890;type_372706;ANLEGEN;entscheidungen.csv
WZB_110rb_1_5;reinigunge;lemma_28890;type_372706;ANLEGEN;entscheidungen.csv
WZB_110rb_11_2;reinigunge;lemma_28890;type_372706;ANLEGEN;entscheidungen.csv
WZB_110rb_13_1;reinigunge;lemma_28890;type_372706;ANLEGEN;entscheidungen.csv
WZB_111va_33_0;reinigunge;lemma_28890;type_372706;ANLEGEN;entscheidungen.csv
WZB_113ra_32_1;reinigunge;lemma_28890;type_372706;ANLEGEN;entscheidungen.csv
WZB_113va_11_2;reinigunge;lemma_28890;type_372706;ANLEGEN;entscheidungen.csv
WZB_114ra_9_0;reinigunge;lemma_28890;type_372706;ANLEGEN;entscheidungen.csv
WZB_114vb_1_6;reinigunge;lemma_28890;type_372706;ANLEGEN;entscheidungen.csv
WZB_115rb_8_1;reinigunge;lemma_28890;type_372706;ANLEGEN;entscheidungen.csv
WZB_116va_24_1;reinigunge;lemma_28890;type_372706;ANLEGEN;entscheidungen.csv
WZB_116vb_5_1;reinigunge;lemma_28890;type_372706;ANLEGEN;entscheidungen.csv
WZB_123vb_10_1;reinigunge;lemma_28890;type_372706;ANLEGEN;entscheidungen.csv
WZB_135rb_22_0;reinigunge;lemma_28890;type_372706;ANLEGEN;entscheidungen.csv
WZB_136va_8_1;reinigunge;lemma_28890;type_372706;ANLEGEN;entscheidungen.csv
WZB_153vb_2_2;reinigunge;lemma_28890;type_372706;ANLEGEN;entscheidungen.csv
WZB_154ra_6_2;reinigunge;lemma_28890;type_372706;ANLEGEN;entscheidungen.csv
WZB_154ra_12_1;reinigunge;lemma_28890;type_372706;ANLEGEN;entscheidungen.csv
WZB_165ra_26_1;reinigunge;lemma_28890;type_372706;ANLEGEN;entscheidungen.csv
WZB_165rb_17_3;reinigunge;lemma_28890;type_372706;ANLEGEN;entscheidungen.csv
WZB_165va_30_4;reinigunge;lemma_28890;type_372706;ANLEGEN;entscheidungen.csv
WZB_168ra_35_1;reinigunge;lemma_28890;type_372706;ANLEGEN;entscheidungen.csv
WZB_38rb_25_2;reisse;lemma_4893;type_372707;ANLEGEN;entscheidungen.csv
WZB_38va_6_5;reisse;lemma_4893;type_372707;ANLEGEN;entscheidungen.csv
WZB_84rb_7_5;reisse;lemma_4893;type_372707;ANLEGEN;entscheidungen.csv
WZB_99va_32_3;reisse;lemma_4893;type_372707;ANLEGEN;entscheidungen.csv
WZB_102va_21_4;reisse;lemma_4893;type_372707;ANLEGEN;entscheidungen.csv
WZB_112rb_1_3;reisse;lemma_4893;type_372707;ANLEGEN;entscheidungen.csv
WZB_150va_11_6;reisse;lemma_4893;type_372707;ANLEGEN;entscheidungen.csv
WZB_220ra_2_2;reisse;lemma_4893;type_372707;ANLEGEN;entscheidungen.csv
WZB_68rb_5_3;reitenden;lemma_4885;type_372708;ANLEGEN;entscheidungen.csv
WZB_68va_32_4;reitenden;lemma_4885;type_372708;ANLEGEN;entscheidungen.csv
WZB_68vb_7_0;reitenden;lemma_4885;type_372708;ANLEGEN;entscheidungen.csv
WZB_69rb_32_4;reitenden;lemma_4885;type_372708;ANLEGEN;entscheidungen.csv
WZB_194va_9_4;reitenden;lemma_4885;type_372708;ANLEGEN;entscheidungen.csv
WZB_238va_37_1;reitenden;lemma_4885;type_372708;ANLEGEN;entscheidungen.csv
WZB_80rb_30_1;ringel;lemma_4917;type_372709;ANLEGEN;entscheidungen.csv
WZB_80rb_37_3;ringel;lemma_4917;type_372709;ANLEGEN;entscheidungen.csv
WZB_80va_5_0;ringel;lemma_4917;type_372709;ANLEGEN;entscheidungen.csv
WZB_81ra_10_0;ringel;lemma_4917;type_372709;ANLEGEN;entscheidungen.csv
WZB_93vb_33_1;ringel;lemma_4917;type_372709;ANLEGEN;entscheidungen.csv
WZB_95rb_13_1;ringel;lemma_4917;type_372709;ANLEGEN;entscheidungen.csv
WZB_95rb_16_1;ringel;lemma_4917;type_372709;ANLEGEN;entscheidungen.csv
WZB_95rb_24_0;ringel;lemma_4917;type_372709;ANLEGEN;entscheidungen.csv
WZB_95rb_28_1;ringel;lemma_4917;type_372709;ANLEGEN;entscheidungen.csv
WZB_95rb_2_0;rouchvas;lemma_11699;type_372710;ANLEGEN;entscheidungen.csv
WZB_149va_23_1;rouchvas;lemma_11699;type_372710;ANLEGEN;entscheidungen.csv
WZB_150ra_21_4;rouchvas;lemma_11699;type_372710;ANLEGEN;entscheidungen.csv
WZB_150ra_26_2;rouchvas;lemma_11699;type_372710;ANLEGEN;entscheidungen.csv
WZB_150vb_11_6;rouchvas;lemma_11699;type_372710;ANLEGEN;entscheidungen.csv
WZB_150vb_24_5;rouchvas;lemma_11699;type_372710;ANLEGEN;entscheidungen.csv
WZB_151ra_19_5;rouchvas;lemma_11699;type_372710;ANLEGEN;entscheidungen.csv
WZB_9ra_8_3;ruch;lemma_31613;type_372711;ANLEGEN;entscheidungen.csv
WZB_26ra_18_2;ruch;lemma_31613;type_372711;ANLEGEN;entscheidungen.csv
WZB_26ra_20_1;ruch;lemma_31613;type_372711;ANLEGEN;entscheidungen.csv
WZB_26ra_21_1;ruch;lemma_31613;type_372711;ANLEGEN;entscheidungen.csv
WZB_102ra_7_5;ruch;lemma_31613;type_372711;ANLEGEN;entscheidungen.csv
WZB_116ra_2_4;ruch;lemma_31613;type_372711;ANLEGEN;entscheidungen.csv
WZB_128rb_4_0;ruch;lemma_31613;type_372711;ANLEGEN;entscheidungen.csv
WZB_148rb_18_0;ruch;lemma_31613;type_372711;ANLEGEN;entscheidungen.csv
WZB_148vb_11_0;ruch;lemma_31613;type_372711;ANLEGEN;entscheidungen.csv
WZB_164vb_33_4;ruch;lemma_31613;type_372711;ANLEGEN;entscheidungen.csv
WZB_165ra_13_0;ruch;lemma_31613;type_372711;ANLEGEN;entscheidungen.csv
WZB_165rb_4_2;ruch;lemma_31613;type_372711;ANLEGEN;entscheidungen.csv
WZB_165va_6_5;ruch;lemma_31613;type_372711;ANLEGEN;entscheidungen.csv
WZB_165va_15_3;ruch;lemma_31613;type_372711;ANLEGEN;entscheidungen.csv
WZB_85ra_8_6;rŏcke;lemma_4956;type_372712;ANLEGEN;entscheidungen.csv
WZB_108ra_9_0;rŏcken;lemma_4956;type_372713;ANLEGEN;entscheidungen.csv
WZB_14va_22_0;samens;lemma_5039;type_372714;ANLEGEN;entscheidungen.csv
WZB_114rb_10_1;samens;lemma_5039;type_372714;ANLEGEN;entscheidungen.csv
WZB_114va_20_1;samens;lemma_5039;type_372714;ANLEGEN;entscheidungen.csv
WZB_114vb_14_3;samens;lemma_5039;type_372714;ANLEGEN;entscheidungen.csv
WZB_115rb_25_4;samens;lemma_5039;type_372714;ANLEGEN;entscheidungen.csv
WZB_118ra_28_2;samens;lemma_5039;type_372714;ANLEGEN;entscheidungen.csv
WZB_119ra_21_1;samens;lemma_5039;type_372714;ANLEGEN;entscheidungen.csv
WZB_121vb_8_4;samens;lemma_5039;type_372714;ANLEGEN;entscheidungen.csv
WZB_135ra_13_1;samens;lemma_5039;type_372714;ANLEGEN;entscheidungen.csv
WZB_205va_9_4;samens;lemma_5039;type_372714;ANLEGEN;entscheidungen.csv
WZB_206va_7_2;samens;lemma_5039;type_372714;ANLEGEN;entscheidungen.csv
WZB_208rb_13_2;samens;lemma_5039;type_372714;ANLEGEN;entscheidungen.csv
WZB_210ra_7_0;samens;lemma_5039;type_372714;ANLEGEN;entscheidungen.csv
WZB_2vb_2_2;schepfte;lemma_5212;type_372715;ANLEGEN;entscheidungen.csv
WZB_3ra_37_4;schepfte;lemma_5212;type_372715;ANLEGEN;entscheidungen.csv
WZB_3rb_31_8;schepfte;lemma_5212;type_372715;ANLEGEN;entscheidungen.csv
WZB_3rb_33_5;schepfte;lemma_5212;type_372715;ANLEGEN;entscheidungen.csv
WZB_3rb_34_5;schepfte;lemma_5212;type_372715;ANLEGEN;entscheidungen.csv
WZB_3va_34_1;schepfte;lemma_5212;type_372715;ANLEGEN;entscheidungen.csv
WZB_6rb_14_0;schepfte;lemma_5212;type_372715;ANLEGEN;entscheidungen.csv
WZB_6rb_16_3;schepfte;lemma_5212;type_372715;ANLEGEN;entscheidungen.csv
WZB_3vb_23_2;schŏne;lemma_5280;type_372716;ANLEGEN;entscheidungen.csv
WZB_4va_20_5;schŏne;lemma_5280;type_372716;ANLEGEN;entscheidungen.csv
WZB_7ra_9_5;schŏne;lemma_5280;type_372716;ANLEGEN;entscheidungen.csv
WZB_11va_29_3;schŏne;lemma_5280;type_372716;ANLEGEN;entscheidungen.csv
WZB_21ra_36_3;schŏne;lemma_5280;type_372716;ANLEGEN;entscheidungen.csv
WZB_41va_23_2;schŏne;lemma_5280;type_372716;ANLEGEN;entscheidungen.csv
WZB_54rb_8_7;schŏne;lemma_5280;type_372716;ANLEGEN;entscheidungen.csv
WZB_81vb_11_3;schŏne;lemma_5280;type_372716;ANLEGEN;entscheidungen.csv
WZB_159vb_20_2;schŏne;lemma_5280;type_372716;ANLEGEN;entscheidungen.csv
WZB_198ra_22_3;schŏne;lemma_5280;type_372716;ANLEGEN;entscheidungen.csv
WZB_212vb_26_0;schŏne;lemma_5280;type_372716;ANLEGEN;entscheidungen.csv
WZB_41vb_6_1;schŏner;lemma_5280;type_372717;ANLEGEN;entscheidungen.csv
WZB_42ra_34_5;schŏner;lemma_5280;type_372717;ANLEGEN;entscheidungen.csv
WZB_42rb_16_3;schŏner;lemma_5280;type_372717;ANLEGEN;entscheidungen.csv
WZB_51vb_18_3;schŏner;lemma_5280;type_372717;ANLEGEN;entscheidungen.csv
WZB_211ra_13_0;schŏpfers;lemma_5211;type_372718;ANLEGEN;entscheidungen.csv
WZB_149va_24_5;schŏpfet;lemma_5212;type_372719;ANLEGEN;entscheidungen.csv
WZB_20va_3_2;scot;lemma_78668;type_372720;ANLEGEN;entscheidungen.csv
WZB_21va_8_3;scot;lemma_78668;type_372720;ANLEGEN;entscheidungen.csv
WZB_21va_10_1;scot;lemma_78668;type_372720;ANLEGEN;entscheidungen.csv
WZB_76ra_35_0;scot;lemma_78668;type_372720;ANLEGEN;entscheidungen.csv
WZB_87ra_8_2;scot;lemma_78668;type_372720;ANLEGEN;entscheidungen.csv
WZB_87ra_9_5;scot;lemma_78668;type_372720;ANLEGEN;entscheidungen.csv
WZB_87ra_11_1;scot;lemma_78668;type_372720;ANLEGEN;entscheidungen.csv
WZB_87ra_16_5;scot;lemma_78668;type_372720;ANLEGEN;entscheidungen.csv
WZB_87rb_12_2;scot;lemma_78668;type_372720;ANLEGEN;entscheidungen.csv
WZB_87rb_15_0;scot;lemma_78668;type_372720;ANLEGEN;entscheidungen.csv
WZB_87rb_17_2;scot;lemma_78668;type_372720;ANLEGEN;entscheidungen.csv
WZB_87rb_19_0;scot;lemma_78668;type_372720;ANLEGEN;entscheidungen.csv
WZB_96va_8_0;scot;lemma_78668;type_372720;ANLEGEN;entscheidungen.csv
WZB_96va_14_0;scot;lemma_78668;type_372720;ANLEGEN;entscheidungen.csv
WZB_96va_15_4;scot;lemma_78668;type_372720;ANLEGEN;entscheidungen.csv
WZB_96vb_3_4;scot;lemma_78668;type_372720;ANLEGEN;entscheidungen.csv
WZB_102vb_21_0;scot;lemma_78668;type_372720;ANLEGEN;entscheidungen.csv
WZB_129ra_7_0;scot;lemma_78668;type_372720;ANLEGEN;entscheidungen.csv
WZB_129ra_13_0;scot;lemma_78668;type_372720;ANLEGEN;entscheidungen.csv
WZB_129ra_17_1;scot;lemma_78668;type_372720;ANLEGEN;entscheidungen.csv
WZB_129ra_20_0;scot;lemma_78668;type_372720;ANLEGEN;entscheidungen.csv
WZB_129rb_29_0;scot;lemma_78668;type_372720;ANLEGEN;entscheidungen.csv
WZB_129va_33_4;scot;lemma_78668;type_372720;ANLEGEN;entscheidungen.csv
WZB_129va_35_3;scot;lemma_78668;type_372720;ANLEGEN;entscheidungen.csv
WZB_133sra_30_0;scot;lemma_78668;type_372720;ANLEGEN;entscheidungen.csv
WZB_133srb_2_0;scot;lemma_78668;type_372720;ANLEGEN;entscheidungen.csv
WZB_133srb_10_4;scot;lemma_78668;type_372720;ANLEGEN;entscheidungen.csv
WZB_137vb_6_3;scot;lemma_78668;type_372720;ANLEGEN;entscheidungen.csv
WZB_137vb_8_1;scot;lemma_78668;type_372720;ANLEGEN;entscheidungen.csv
WZB_138ra_10_0;scot;lemma_78668;type_372720;ANLEGEN;entscheidungen.csv
WZB_138ra_15_0;scot;lemma_78668;type_372720;ANLEGEN;entscheidungen.csv
WZB_138ra_30_3;scot;lemma_78668;type_372720;ANLEGEN;entscheidungen.csv
WZB_138ra_32_2;scot;lemma_78668;type_372720;ANLEGEN;entscheidungen.csv
WZB_138ra_37_1;scot;lemma_78668;type_372720;ANLEGEN;entscheidungen.csv
WZB_138rb_15_2;scot;lemma_78668;type_372720;ANLEGEN;entscheidungen.csv
WZB_138rb_17_0;scot;lemma_78668;type_372720;ANLEGEN;entscheidungen.csv
WZB_138rb_21_3;scot;lemma_78668;type_372720;ANLEGEN;entscheidungen.csv
WZB_138rb_37_1;scot;lemma_78668;type_372720;ANLEGEN;entscheidungen.csv
WZB_138va_5_3;scot;lemma_78668;type_372720;ANLEGEN;entscheidungen.csv
WZB_138va_20_1;scot;lemma_78668;type_372720;ANLEGEN;entscheidungen.csv
WZB_138vb_2_1;scot;lemma_78668;type_372720;ANLEGEN;entscheidungen.csv
WZB_138vb_6_2;scot;lemma_78668;type_372720;ANLEGEN;entscheidungen.csv
WZB_138vb_20_2;scot;lemma_78668;type_372720;ANLEGEN;entscheidungen.csv
WZB_138vb_22_0;scot;lemma_78668;type_372720;ANLEGEN;entscheidungen.csv
WZB_138vb_26_2;scot;lemma_78668;type_372720;ANLEGEN;entscheidungen.csv
WZB_139ra_6_2;scot;lemma_78668;type_372720;ANLEGEN;entscheidungen.csv
WZB_139ra_8_0;scot;lemma_78668;type_372720;ANLEGEN;entscheidungen.csv
WZB_139ra_12_3;scot;lemma_78668;type_372720;ANLEGEN;entscheidungen.csv
WZB_139rb_6_2;scot;lemma_78668;type_372720;ANLEGEN;entscheidungen.csv
WZB_139rb_8_0;scot;lemma_78668;type_372720;ANLEGEN;entscheidungen.csv
WZB_139rb_13_0;scot;lemma_78668;type_372720;ANLEGEN;entscheidungen.csv
WZB_139rb_27_3;scot;lemma_78668;type_372720;ANLEGEN;entscheidungen.csv
WZB_139rb_29_1;scot;lemma_78668;type_372720;ANLEGEN;entscheidungen.csv
WZB_139rb_34_0;scot;lemma_78668;type_372720;ANLEGEN;entscheidungen.csv
WZB_139va_16_0;scot;lemma_78668;type_372720;ANLEGEN;entscheidungen.csv
WZB_139va_17_2;scot;lemma_78668;type_372720;ANLEGEN;entscheidungen.csv
WZB_139va_22_1;scot;lemma_78668;type_372720;ANLEGEN;entscheidungen.csv
WZB_139vb_14_2;scot;lemma_78668;type_372720;ANLEGEN;entscheidungen.csv
WZB_139vb_16_0;scot;lemma_78668;type_372720;ANLEGEN;entscheidungen.csv
WZB_139vb_20_1;scot;lemma_78668;type_372720;ANLEGEN;entscheidungen.csv
WZB_140ra_2_4;scot;lemma_78668;type_372720;ANLEGEN;entscheidungen.csv
WZB_140ra_4_2;scot;lemma_78668;type_372720;ANLEGEN;entscheidungen.csv
WZB_140ra_7_0;scot;lemma_78668;type_372720;ANLEGEN;entscheidungen.csv
WZB_140ra_11_1;scot;lemma_78668;type_372720;ANLEGEN;entscheidungen.csv
WZB_152va_7_1;scot;lemma_78668;type_372720;ANLEGEN;entscheidungen.csv
WZB_152va_9_0;scot;lemma_78668;type_372720;ANLEGEN;entscheidungen.csv
WZB_169ra_15_0;scot;lemma_78668;type_372720;ANLEGEN;entscheidungen.csv
WZB_199vb_12_0;scot;lemma_78668;type_372720;ANLEGEN;entscheidungen.csv
WZB_220va_17_3;scot;lemma_78668;type_372720;ANLEGEN;entscheidungen.csv
WZB_96va_34_0;scoten;lemma_78668;type_372721;ANLEGEN;entscheidungen.csv
WZB_137vb_13_2;scoten;lemma_78668;type_372721;ANLEGEN;entscheidungen.csv
WZB_138ra_8_1;scoten;lemma_78668;type_372721;ANLEGEN;entscheidungen.csv
WZB_199rb_10_2;scoten;lemma_78668;type_372721;ANLEGEN;entscheidungen.csv
WZB_220va_20_3;scoten;lemma_78668;type_372721;ANLEGEN;entscheidungen.csv
WZB_112vb_14_0;sechster;lemma_5369;type_372722;ANLEGEN;entscheidungen.csv
WZB_112vb_32_3;sechster;lemma_5369;type_372722;ANLEGEN;entscheidungen.csv
WZB_113ra_26_1;sechster;lemma_5369;type_372722;ANLEGEN;entscheidungen.csv
WZB_113ra_36_4;sechster;lemma_5369;type_372722;ANLEGEN;entscheidungen.csv
WZB_119va_28_5;sechster;lemma_5369;type_372722;ANLEGEN;entscheidungen.csv
WZB_42vb_22_0;seideinen;lemma_5429;type_372723;ANLEGEN;entscheidungen.csv
WZB_80vb_2_4;seideinen;lemma_5429;type_372723;ANLEGEN;entscheidungen.csv
WZB_81vb_6_1;seideinen;lemma_5429;type_372723;ANLEGEN;entscheidungen.csv
WZB_82ra_15_3;seideinen;lemma_5429;type_372723;ANLEGEN;entscheidungen.csv
WZB_82vb_2_4;seideinen;lemma_5429;type_372723;ANLEGEN;entscheidungen.csv
WZB_71rb_13_5;semil;lemma_5393;type_372724;ANLEGEN;entscheidungen.csv
WZB_86rb_11_2;semil;lemma_5393;type_372724;ANLEGEN;entscheidungen.csv
WZB_99vb_37_5;semil;lemma_5393;type_372724;ANLEGEN;entscheidungen.csv
WZB_100ra_6_7;semil;lemma_5393;type_372724;ANLEGEN;entscheidungen.csv
WZB_103va_16_5;semil;lemma_5393;type_372724;ANLEGEN;entscheidungen.csv
WZB_103va_19_1;semil;lemma_5393;type_372724;ANLEGEN;entscheidungen.csv
WZB_103vb_12_3;semil;lemma_5393;type_372724;ANLEGEN;entscheidungen.csv
WZB_104va_7_0;semil;lemma_5393;type_372724;ANLEGEN;entscheidungen.csv
WZB_104va_8_0;semil;lemma_5393;type_372724;ANLEGEN;entscheidungen.csv
WZB_106va_3_3;semil;lemma_5393;type_372724;ANLEGEN;entscheidungen.csv
WZB_107ra_17_4;semil;lemma_5393;type_372724;ANLEGEN;entscheidungen.csv
WZB_112vb_5_4;semil;lemma_5393;type_372724;ANLEGEN;entscheidungen.csv
WZB_113ra_24_0;semil;lemma_5393;type_372724;ANLEGEN;entscheidungen.csv
WZB_124va_13_2;semil;lemma_5393;type_372724;ANLEGEN;entscheidungen.csv
WZB_137vb_10_2;semil;lemma_5393;type_372724;ANLEGEN;entscheidungen.csv
WZB_138ra_11_5;semil;lemma_5393;type_372724;ANLEGEN;entscheidungen.csv
WZB_138ra_34_1;semil;lemma_5393;type_372724;ANLEGEN;entscheidungen.csv
WZB_138rb_18_4;semil;lemma_5393;type_372724;ANLEGEN;entscheidungen.csv
WZB_138va_3_0;semil;lemma_5393;type_372724;ANLEGEN;entscheidungen.csv
WZB_138vb_3_4;semil;lemma_5393;type_372724;ANLEGEN;entscheidungen.csv
WZB_138vb_23_3;semil;lemma_5393;type_372724;ANLEGEN;entscheidungen.csv
WZB_139ra_9_4;semil;lemma_5393;type_372724;ANLEGEN;entscheidungen.csv
WZB_139rb_10_0;semil;lemma_5393;type_372724;ANLEGEN;entscheidungen.csv
WZB_139rb_31_0;semil;lemma_5393;type_372724;ANLEGEN;entscheidungen.csv
WZB_139va_19_2;semil;lemma_5393;type_372724;ANLEGEN;entscheidungen.csv
WZB_139vb_17_3;semil;lemma_5393;type_372724;ANLEGEN;entscheidungen.csv
WZB_140va_19_2;semil;lemma_5393;type_372724;ANLEGEN;entscheidungen.csv
WZB_148rb_22_3;semil;lemma_5393;type_372724;ANLEGEN;entscheidungen.csv
WZB_148rb_33_1;semil;lemma_5393;type_372724;ANLEGEN;entscheidungen.csv
WZB_148va_9_1;semil;lemma_5393;type_372724;ANLEGEN;entscheidungen.csv
WZB_164ra_34_2;semil;lemma_5393;type_372724;ANLEGEN;entscheidungen.csv
WZB_164rb_21_3;semil;lemma_5393;type_372724;ANLEGEN;entscheidungen.csv
WZB_164va_14_0;semil;lemma_5393;type_372724;ANLEGEN;entscheidungen.csv
WZB_164va_17_0;semil;lemma_5393;type_372724;ANLEGEN;entscheidungen.csv
WZB_164va_20_0;semil;lemma_5393;type_372724;ANLEGEN;entscheidungen.csv
WZB_165ra_18_0;semil;lemma_5393;type_372724;ANLEGEN;entscheidungen.csv
WZB_165rb_9_0;semil;lemma_5393;type_372724;ANLEGEN;entscheidungen.csv
WZB_165va_20_0;semil;lemma_5393;type_372724;ANLEGEN;entscheidungen.csv
WZB_165vb_12_2;semil;lemma_5393;type_372724;ANLEGEN;entscheidungen.csv
WZB_81rb_21_0;sethimischem;lemma_16163;type_372725;ANLEGEN;entscheidungen.csv
WZB_81va_25_1;sethimischem;lemma_16163;type_372725;ANLEGEN;entscheidungen.csv
WZB_82ra_22_3;sethimischem;lemma_16163;type_372725;ANLEGEN;entscheidungen.csv
WZB_82rb_13_1;sethimischem;lemma_16163;type_372725;ANLEGEN;entscheidungen.csv
WZB_86va_10_1;sethimischem;lemma_16163;type_372725;ANLEGEN;entscheidungen.csv
WZB_94rb_28_1;sethimischem;lemma_16163;type_372725;ANLEGEN;entscheidungen.csv
WZB_94va_17_5;sethimischem;lemma_16163;type_372725;ANLEGEN;entscheidungen.csv
WZB_94va_33_3;sethimischem;lemma_16163;type_372725;ANLEGEN;entscheidungen.csv
WZB_94vb_11_4;sethimischem;lemma_16163;type_372725;ANLEGEN;entscheidungen.csv
WZB_95ra_14_1;sethimischem;lemma_16163;type_372725;ANLEGEN;entscheidungen.csv
WZB_95ra_32_4;sethimischem;lemma_16163;type_372725;ANLEGEN;entscheidungen.csv
WZB_95va_3_2;sethimischem;lemma_16163;type_372725;ANLEGEN;entscheidungen.csv
WZB_95va_19_1;sethimischem;lemma_16163;type_372725;ANLEGEN;entscheidungen.csv
WZB_95vb_12_2;sethimischem;lemma_16163;type_372725;ANLEGEN;entscheidungen.csv
WZB_80rb_17_0;sethimischen;lemma_16163;type_372726;ANLEGEN;entscheidungen.csv
WZB_81vb_13_3;sethimischen;lemma_16163;type_372726;ANLEGEN;entscheidungen.csv
WZB_82ra_29_0;sethimischen;lemma_16163;type_372726;ANLEGEN;entscheidungen.csv
WZB_95va_30_1;sethimischen;lemma_16163;type_372726;ANLEGEN;entscheidungen.csv
WZB_186vb_2_1;sethimischen;lemma_16163;type_372726;ANLEGEN;entscheidungen.csv
WZB_15va_21_0;seuche;lemma_11369;type_372727;ANLEGEN;entscheidungen.csv
WZB_62ra_18_4;seuche;lemma_11369;type_372727;ANLEGEN;entscheidungen.csv
WZB_110rb_9_1;seuche;lemma_11369;type_372727;ANLEGEN;entscheidungen.csv
WZB_114va_37_3;seuche;lemma_11369;type_372727;ANLEGEN;entscheidungen.csv
WZB_115ra_33_4;seuche;lemma_11369;type_372727;ANLEGEN;entscheidungen.csv
WZB_118ra_24_2;seuche;lemma_11369;type_372727;ANLEGEN;entscheidungen.csv
WZB_113va_8_0;speisen;lemma_5669;type_372728;ANLEGEN;entscheidungen.csv
WZB_123va_4_4;speisen;lemma_5669;type_372728;ANLEGEN;entscheidungen.csv
WZB_165va_4_1;speisen;lemma_5669;type_372728;ANLEGEN;entscheidungen.csv
WZB_165vb_11_3;speisen;lemma_5669;type_372728;ANLEGEN;entscheidungen.csv
WZB_166va_29_2;speisen;lemma_5669;type_372728;ANLEGEN;entscheidungen.csv
WZB_27rb_10_5;steigen;lemma_5763;type_372729;ANLEGEN;entscheidungen.csv
WZB_30va_19_0;steigen;lemma_5763;type_372729;ANLEGEN;entscheidungen.csv
WZB_30va_27_0;steigen;lemma_5763;type_372729;ANLEGEN;entscheidungen.csv
WZB_42ra_35_3;steigen;lemma_5763;type_372729;ANLEGEN;entscheidungen.csv
WZB_43ra_3_7;steigen;lemma_5763;type_372729;ANLEGEN;entscheidungen.csv
WZB_60rb_12_6;steigen;lemma_5763;type_372729;ANLEGEN;entscheidungen.csv
WZB_65va_8_5;steigen;lemma_5763;type_372729;ANLEGEN;entscheidungen.csv
WZB_73vb_15_1;steigen;lemma_5763;type_372729;ANLEGEN;entscheidungen.csv
WZB_74ra_34_3;steigen;lemma_5763;type_372729;ANLEGEN;entscheidungen.csv
WZB_74rb_18_1;steigen;lemma_5763;type_372729;ANLEGEN;entscheidungen.csv
WZB_78va_25_1;steigen;lemma_5763;type_372729;ANLEGEN;entscheidungen.csv
WZB_88rb_29_1;steigen;lemma_5763;type_372729;ANLEGEN;entscheidungen.csv
WZB_147vb_35_1;steigen;lemma_5763;type_372729;ANLEGEN;entscheidungen.csv
WZB_150va_7_0;steigen;lemma_5763;type_372729;ANLEGEN;entscheidungen.csv
WZB_172rb_10_1;steigen;lemma_5763;type_372729;ANLEGEN;entscheidungen.csv
WZB_175va_8_3;steigen;lemma_5763;type_372729;ANLEGEN;entscheidungen.csv
WZB_175va_33_3;steigen;lemma_5763;type_372729;ANLEGEN;entscheidungen.csv
WZB_205va_32_5;steigen;lemma_5763;type_372729;ANLEGEN;entscheidungen.csv
WZB_205va_34_3;steigen;lemma_5763;type_372729;ANLEGEN;entscheidungen.csv
WZB_215ra_11_1;steigen;lemma_5763;type_372729;ANLEGEN;entscheidungen.csv
WZB_217rb_6_5;steigen;lemma_5763;type_372729;ANLEGEN;entscheidungen.csv
WZB_221vb_4_1;steigen;lemma_5763;type_372729;ANLEGEN;entscheidungen.csv
WZB_79ra_18_1;steineine;lemma_5746;type_372730;ANLEGEN;entscheidungen.csv
WZB_88rb_23_1;steineine;lemma_5746;type_372730;ANLEGEN;entscheidungen.csv
WZB_179vb_2_3;steineine;lemma_5746;type_372730;ANLEGEN;entscheidungen.csv
WZB_182ra_5_3;steineine;lemma_5746;type_372730;ANLEGEN;entscheidungen.csv
WZB_185vb_3_7;steineine;lemma_5746;type_372730;ANLEGEN;entscheidungen.csv
WZB_185vb_10_5;steineine;lemma_5746;type_372730;ANLEGEN;entscheidungen.csv
WZB_185vb_20_3;steineine;lemma_5746;type_372730;ANLEGEN;entscheidungen.csv
WZB_186vb_3_5;steineine;lemma_5746;type_372730;ANLEGEN;entscheidungen.csv
WZB_217va_23_5;steineine;lemma_5746;type_372730;ANLEGEN;entscheidungen.csv
WZB_80rb_31_6;stengil;lemma_15183;type_372731;ANLEGEN;entscheidungen.csv
WZB_80rb_33_5;stengil;lemma_15183;type_372731;ANLEGEN;entscheidungen.csv
WZB_80rb_37_1;stengil;lemma_15183;type_372731;ANLEGEN;entscheidungen.csv
WZB_80va_4_5;stengil;lemma_15183;type_372731;ANLEGEN;entscheidungen.csv
WZB_80va_17_4;stengil;lemma_15183;type_372731;ANLEGEN;entscheidungen.csv
WZB_95rb_6_6;stengil;lemma_15183;type_372731;ANLEGEN;entscheidungen.csv
WZB_95rb_8_1;stengil;lemma_15183;type_372731;ANLEGEN;entscheidungen.csv
WZB_95rb_10_2;stengil;lemma_15183;type_372731;ANLEGEN;entscheidungen.csv
WZB_95rb_29_0;stengil;lemma_15183;type_372731;ANLEGEN;entscheidungen.csv
WZB_140va_2_4;stengil;lemma_15183;type_372731;ANLEGEN;entscheidungen.csv
WZB_1vb_21_4;strase;lemma_5798;type_372732;ANLEGEN;entscheidungen.csv
WZB_155ra_7_2;strase;lemma_5798;type_372732;ANLEGEN;entscheidungen.csv
WZB_155ra_17_0;strase;lemma_5798;type_372732;ANLEGEN;entscheidungen.csv
WZB_177va_18_0;strase;lemma_5798;type_372732;ANLEGEN;entscheidungen.csv
WZB_223ra_12_0;strase;lemma_5798;type_372732;ANLEGEN;entscheidungen.csv
WZB_51va_20_10;streitende;lemma_5818;type_372733;ANLEGEN;entscheidungen.csv
WZB_157rb_31_5;streitende;lemma_5818;type_372733;ANLEGEN;entscheidungen.csv
WZB_169vb_27_5;streitende;lemma_5818;type_372733;ANLEGEN;entscheidungen.csv
WZB_217va_33_2;streitende;lemma_5818;type_372733;ANLEGEN;entscheidungen.csv
WZB_218rb_16_5;streitende;lemma_5818;type_372733;ANLEGEN;entscheidungen.csv
WZB_221ra_21_3;streitende;lemma_5818;type_372733;ANLEGEN;entscheidungen.csv
WZB_224ra_27_1;streitende;lemma_5818;type_372733;ANLEGEN;entscheidungen.csv
WZB_226va_15_3;streitende;lemma_5818;type_372733;ANLEGEN;entscheidungen.csv
WZB_131vb_26_1;streitenden;lemma_5818;type_372734;ANLEGEN;entscheidungen.csv
WZB_131vb_33_0;streitenden;lemma_5818;type_372734;ANLEGEN;entscheidungen.csv
WZB_132ra_5_1;streitenden;lemma_5818;type_372734;ANLEGEN;entscheidungen.csv
WZB_132ra_16_2;streitenden;lemma_5818;type_372734;ANLEGEN;entscheidungen.csv
WZB_132ra_22_4;streitenden;lemma_5818;type_372734;ANLEGEN;entscheidungen.csv
WZB_132ra_27_5;streitenden;lemma_5818;type_372734;ANLEGEN;entscheidungen.csv
WZB_132rb_10_2;streitenden;lemma_5818;type_372734;ANLEGEN;entscheidungen.csv
WZB_132rb_14_9;streitenden;lemma_5818;type_372734;ANLEGEN;entscheidungen.csv
WZB_132va_2_4;streitenden;lemma_5818;type_372734;ANLEGEN;entscheidungen.csv
WZB_132va_11_0;streitenden;lemma_5818;type_372734;ANLEGEN;entscheidungen.csv
WZB_168vb_33_2;streitenden;lemma_5818;type_372734;ANLEGEN;entscheidungen.csv
WZB_177ra_13_1;streitenden;lemma_5818;type_372734;ANLEGEN;entscheidungen.csv
WZB_197va_16_4;streitenden;lemma_5818;type_372734;ANLEGEN;entscheidungen.csv
WZB_221ra_10_1;streitenden;lemma_5818;type_372734;ANLEGEN;entscheidungen.csv
WZB_221rb_24_2;streitenden;lemma_5818;type_372734;ANLEGEN;entscheidungen.csv
WZB_90rb_11_7;stvnd;lemma_5710;type_372735;ANLEGEN;entscheidungen.csv
WZB_90rb_23_2;stvnd;lemma_5710;type_372735;ANLEGEN;entscheidungen.csv
WZB_157vb_2_0;stvnd;lemma_5710;type_372735;ANLEGEN;entscheidungen.csv
WZB_206rb_27_0;stvnd;lemma_5710;type_372735;ANLEGEN;entscheidungen.csv
WZB_209va_28_1;stvnd;lemma_5710;type_372735;ANLEGEN;entscheidungen.csv
WZB_215vb_10_1;stvnd;lemma_5710;type_372735;ANLEGEN;entscheidungen.csv
WZB_221ra_20_6;stvnd;lemma_5710;type_372735;ANLEGEN;entscheidungen.csv
WZB_221va_5_5;stvnd;lemma_5710;type_372735;ANLEGEN;entscheidungen.csv
WZB_224rb_23_4;stvnd;lemma_5710;type_372735;ANLEGEN;entscheidungen.csv
WZB_100vb_30_5;svndet;lemma_5867;type_372736;ANLEGEN;entscheidungen.csv
WZB_100vb_36_0;svndet;lemma_5867;type_372736;ANLEGEN;entscheidungen.csv
WZB_101va_34_4;svndet;lemma_5867;type_372736;ANLEGEN;entscheidungen.csv
WZB_101vb_21_5;svndet;lemma_5867;type_372736;ANLEGEN;entscheidungen.csv
WZB_101vb_25_5;svndet;lemma_5867;type_372736;ANLEGEN;entscheidungen.csv
WZB_102ra_32_2;svndet;lemma_5867;type_372736;ANLEGEN;entscheidungen.csv
WZB_102vb_29_0;svndet;lemma_5867;type_372736;ANLEGEN;entscheidungen.csv
WZB_148vb_28_6;svndet;lemma_5867;type_372736;ANLEGEN;entscheidungen.csv
WZB_149ra_5_0;svndet;lemma_5867;type_372736;ANLEGEN;entscheidungen.csv
WZB_170ra_4_2;svndet;lemma_5867;type_372736;ANLEGEN;entscheidungen.csv
WZB_197va_5_1;svndet;lemma_5867;type_372736;ANLEGEN;entscheidungen.csv
WZB_86va_9_1;thimiamisch;lemma_11856;type_372737;ANLEGEN;entscheidungen.csv
WZB_86vb_8_1;thimiamisch;lemma_11856;type_372737;ANLEGEN;entscheidungen.csv
WZB_87vb_4_0;thimiamisch;lemma_11856;type_372737;ANLEGEN;entscheidungen.csv
WZB_97vb_8_4;thimiamisch;lemma_11856;type_372737;ANLEGEN;entscheidungen.csv
WZB_149va_26_2;thimiamisch;lemma_11856;type_372737;ANLEGEN;entscheidungen.csv
WZB_87rb_31_2;thimiamischen;lemma_11856;type_372738;ANLEGEN;entscheidungen.csv
WZB_88ra_13_5;thimiamischen;lemma_11856;type_372738;ANLEGEN;entscheidungen.csv
WZB_92vb_12_2;thimiamischen;lemma_11856;type_372738;ANLEGEN;entscheidungen.csv
WZB_93rb_9_5;thimiamischen;lemma_11856;type_372738;ANLEGEN;entscheidungen.csv
WZB_95va_2_5;thimiamischen;lemma_11856;type_372738;ANLEGEN;entscheidungen.csv
WZB_101ra_17_2;thimiamischen;lemma_11856;type_372738;ANLEGEN;entscheidungen.csv
WZB_151ra_30_1;thimiamischen;lemma_11856;type_372738;ANLEGEN;entscheidungen.csv
WZB_212va_14_1;thimiamischen;lemma_11856;type_372738;ANLEGEN;entscheidungen.csv
WZB_8ra_9_5;tir;lemma_6080;type_372739;ANLEGEN;entscheidungen.csv
WZB_8rb_2_8;tir;lemma_6080;type_372739;ANLEGEN;entscheidungen.csv
WZB_8rb_3_4;tir;lemma_6080;type_372739;ANLEGEN;entscheidungen.csv
WZB_8rb_10_4;tir;lemma_6080;type_372739;ANLEGEN;entscheidungen.csv
WZB_8rb_18_1;tir;lemma_6080;type_372739;ANLEGEN;entscheidungen.csv
WZB_8vb_25_1;tir;lemma_6080;type_372739;ANLEGEN;entscheidungen.csv
WZB_9ra_26_3;tir;lemma_6080;type_372739;ANLEGEN;entscheidungen.csv
WZB_9rb_2_0;tir;lemma_6080;type_372739;ANLEGEN;entscheidungen.csv
WZB_47ra_7_0;tir;lemma_6080;type_372739;ANLEGEN;entscheidungen.csv
WZB_72vb_16_4;tir;lemma_6080;type_372739;ANLEGEN;entscheidungen.csv
WZB_75ra_21_0;tir;lemma_6080;type_372739;ANLEGEN;entscheidungen.csv
WZB_77rb_18_0;tir;lemma_6080;type_372739;ANLEGEN;entscheidungen.csv
WZB_88vb_3_2;tir;lemma_6080;type_372739;ANLEGEN;entscheidungen.csv
WZB_92ra_8_5;tir;lemma_6080;type_372739;ANLEGEN;entscheidungen.csv
WZB_100va_10_0;tir;lemma_6080;type_372739;ANLEGEN;entscheidungen.csv
WZB_102rb_6_0;tir;lemma_6080;type_372739;ANLEGEN;entscheidungen.csv
WZB_108va_25_2;tir;lemma_6080;type_372739;ANLEGEN;entscheidungen.csv
WZB_108vb_3_5;tir;lemma_6080;type_372739;ANLEGEN;entscheidungen.csv
WZB_108vb_5_1;tir;lemma_6080;type_372739;ANLEGEN;entscheidungen.csv
WZB_108vb_18_0;tir;lemma_6080;type_372739;ANLEGEN;entscheidungen.csv
WZB_109va_10_2;tir;lemma_6080;type_372739;ANLEGEN;entscheidungen.csv
WZB_109vb_29_2;tir;lemma_6080;type_372739;ANLEGEN;entscheidungen.csv
WZB_110ra_19_10;tir;lemma_6080;type_372739;ANLEGEN;entscheidungen.csv
WZB_112vb_18_0;tir;lemma_6080;type_372739;ANLEGEN;entscheidungen.csv
WZB_125ra_22_6;tir;lemma_6080;type_372739;ANLEGEN;entscheidungen.csv
WZB_127rb_16_0;tir;lemma_6080;type_372739;ANLEGEN;entscheidungen.csv
WZB_127vb_31_4;tir;lemma_6080;type_372739;ANLEGEN;entscheidungen.csv
WZB_129ra_27_0;tir;lemma_6080;type_372739;ANLEGEN;entscheidungen.csv
WZB_129rb_2_1;tir;lemma_6080;type_372739;ANLEGEN;entscheidungen.csv
WZB_129vb_5_7;tir;lemma_6080;type_372739;ANLEGEN;entscheidungen.csv
WZB_129vb_14_2;tir;lemma_6080;type_372739;ANLEGEN;entscheidungen.csv
WZB_140ra_20_0;tir;lemma_6080;type_372739;ANLEGEN;entscheidungen.csv
WZB_152va_4_2;tir;lemma_6080;type_372739;ANLEGEN;entscheidungen.csv
WZB_158ra_25_1;tir;lemma_6080;type_372739;ANLEGEN;entscheidungen.csv
WZB_179vb_22_0;tir;lemma_6080;type_372739;ANLEGEN;entscheidungen.csv
WZB_184rb_14_2;tir;lemma_6080;type_372739;ANLEGEN;entscheidungen.csv
WZB_189ra_8_3;tir;lemma_6080;type_372739;ANLEGEN;entscheidungen.csv
WZB_189vb_37_4;tir;lemma_6080;type_372739;ANLEGEN;entscheidungen.csv
WZB_191ra_25_2;tir;lemma_6080;type_372739;ANLEGEN;entscheidungen.csv
WZB_191ra_30_1;tir;lemma_6080;type_372739;ANLEGEN;entscheidungen.csv
WZB_213ra_2_0;tir;lemma_6080;type_372739;ANLEGEN;entscheidungen.csv
WZB_221ra_18_5;tir;lemma_6080;type_372739;ANLEGEN;entscheidungen.csv
WZB_222rb_14_0;tir;lemma_6080;type_372739;ANLEGEN;entscheidungen.csv
WZB_228ra_23_1;tir;lemma_6080;type_372739;ANLEGEN;entscheidungen.csv
WZB_237ra_28_2;tir;lemma_6080;type_372739;ANLEGEN;entscheidungen.csv
WZB_92ra_7_1;tires;lemma_6080;type_372740;ANLEGEN;entscheidungen.csv
WZB_100rb_24_0;tires;lemma_6080;type_372740;ANLEGEN;entscheidungen.csv
WZB_100va_16_1;tires;lemma_6080;type_372740;ANLEGEN;entscheidungen.csv
WZB_101vb_11_5;tires;lemma_6080;type_372740;ANLEGEN;entscheidungen.csv
WZB_105ra_13_2;tires;lemma_6080;type_372740;ANLEGEN;entscheidungen.csv
WZB_117va_9_0;tires;lemma_6080;type_372740;ANLEGEN;entscheidungen.csv
WZB_109ra_13_4;totis;lemma_6118;type_372741;ANLEGEN;entscheidungen.csv
WZB_109va_3_4;totis;lemma_6118;type_372741;ANLEGEN;entscheidungen.csv
WZB_109va_32_5;totis;lemma_6118;type_372741;ANLEGEN;entscheidungen.csv
WZB_109vb_15_2;totis;lemma_6118;type_372741;ANLEGEN;entscheidungen.csv
WZB_109vb_27_1;totis;lemma_6118;type_372741;ANLEGEN;entscheidungen.csv
WZB_96va_20_2;tousenten;lemma_6267;type_372742;ANLEGEN;entscheidungen.csv
WZB_96va_21_2;tousenten;lemma_6267;type_372742;ANLEGEN;entscheidungen.csv
WZB_96va_32_1;tousenten;lemma_6267;type_372742;ANLEGEN;entscheidungen.csv
WZB_167va_8_3;tousenten;lemma_6267;type_372742;ANLEGEN;entscheidungen.csv
WZB_168vb_16_0;tousenten;lemma_6267;type_372742;ANLEGEN;entscheidungen.csv
WZB_168vb_17_0;tousenten;lemma_6267;type_372742;ANLEGEN;entscheidungen.csv
WZB_41ra_22_1;trouben;lemma_15282;type_372743;ANLEGEN;entscheidungen.csv
WZB_118vb_11_1;trouben;lemma_15282;type_372743;ANLEGEN;entscheidungen.csv
WZB_125rb_32_0;trouben;lemma_15282;type_372743;ANLEGEN;entscheidungen.csv
WZB_146ra_14_1;trouben;lemma_15282;type_372743;ANLEGEN;entscheidungen.csv
WZB_146ra_26_2;trouben;lemma_15282;type_372743;ANLEGEN;entscheidungen.csv
WZB_146ra_33_0;trouben;lemma_15282;type_372743;ANLEGEN;entscheidungen.csv
WZB_211va_4_1;trouben;lemma_15282;type_372743;ANLEGEN;entscheidungen.csv
WZB_229va_16_4;trouben;lemma_15282;type_372743;ANLEGEN;entscheidungen.csv
WZB_101vb_10_0;tvnke;lemma_59702;type_372744;ANLEGEN;entscheidungen.csv
WZB_112va_17_5;tvnke;lemma_59702;type_372744;ANLEGEN;entscheidungen.csv
WZB_112vb_34_0;tvnke;lemma_59702;type_372744;ANLEGEN;entscheidungen.csv
WZB_114ra_16_2;tvnke;lemma_59702;type_372744;ANLEGEN;entscheidungen.csv
WZB_153rb_2_0;tvnke;lemma_59702;type_372744;ANLEGEN;entscheidungen.csv
WZB_153vb_23_3;tvnke;lemma_59702;type_372744;ANLEGEN;entscheidungen.csv
WZB_213ra_26_1;tvnke;lemma_59702;type_372744;ANLEGEN;entscheidungen.csv
WZB_6va_22_5;tŏchter;lemma_6135;type_372745;ANLEGEN;entscheidungen.csv
WZB_10vb_16_2;tŏchter;lemma_6135;type_372745;ANLEGEN;entscheidungen.csv
WZB_11ra_4_5;tŏchter;lemma_6135;type_372745;ANLEGEN;entscheidungen.csv
WZB_16va_36_2;tŏchter;lemma_6135;type_372745;ANLEGEN;entscheidungen.csv
WZB_16vb_8_4;tŏchter;lemma_6135;type_372745;ANLEGEN;entscheidungen.csv
WZB_16vb_17_1;tŏchter;lemma_6135;type_372745;ANLEGEN;entscheidungen.csv
WZB_17ra_2_0;tŏchter;lemma_6135;type_372745;ANLEGEN;entscheidungen.csv
WZB_17rb_21_6;tŏchter;lemma_6135;type_372745;ANLEGEN;entscheidungen.csv
WZB_17rb_24_6;tŏchter;lemma_6135;type_372745;ANLEGEN;entscheidungen.csv
WZB_17va_20_0;tŏchter;lemma_6135;type_372745;ANLEGEN;entscheidungen.csv
WZB_21ra_16_3;tŏchter;lemma_6135;type_372745;ANLEGEN;entscheidungen.csv
WZB_31ra_12_1;tŏchter;lemma_6135;type_372745;ANLEGEN;entscheidungen.csv
WZB_31vb_4_4;tŏchter;lemma_6135;type_372745;ANLEGEN;entscheidungen.csv
WZB_32ra_30_1;tŏchter;lemma_6135;type_372745;ANLEGEN;entscheidungen.csv
WZB_34va_6_3;tŏchter;lemma_6135;type_372745;ANLEGEN;entscheidungen.csv
WZB_34va_7_2;tŏchter;lemma_6135;type_372745;ANLEGEN;entscheidungen.csv
WZB_34va_36_0;tŏchter;lemma_6135;type_372745;ANLEGEN;entscheidungen.csv
WZB_34vb_20_5;tŏchter;lemma_6135;type_372745;ANLEGEN;entscheidungen.csv
WZB_36rb_14_2;tŏchter;lemma_6135;type_372745;ANLEGEN;entscheidungen.csv
WZB_52ra_13_0;tŏchter;lemma_6135;type_372745;ANLEGEN;entscheidungen.csv
WZB_56rb_19_3;tŏchter;lemma_6135;type_372745;ANLEGEN;entscheidungen.csv
WZB_88va_5_3;tŏchter;lemma_6135;type_372745;ANLEGEN;entscheidungen.csv
WZB_108va_6_2;tŏchter;lemma_6135;type_372745;ANLEGEN;entscheidungen.csv
WZB_156va_33_4;tŏchter;lemma_6135;type_372745;ANLEGEN;entscheidungen.csv
WZB_163rb_14_0;tŏchter;lemma_6135;type_372745;ANLEGEN;entscheidungen.csv
WZB_163va_6_3;tŏchter;lemma_6135;type_372745;ANLEGEN;entscheidungen.csv
WZB_190ra_26_4;tŏchter;lemma_6135;type_372745;ANLEGEN;entscheidungen.csv
WZB_205va_25_1;tŏchter;lemma_6135;type_372745;ANLEGEN;entscheidungen.csv
WZB_231rb_7_0;tŏchter;lemma_6135;type_372745;ANLEGEN;entscheidungen.csv
WZB_231va_5_5;tŏchter;lemma_6135;type_372745;ANLEGEN;entscheidungen.csv
WZB_91va_17_3;tŏchtern;lemma_6135;type_372746;ANLEGEN;entscheidungen.csv
WZB_200rb_22_2;tŏchtern;lemma_6135;type_372746;ANLEGEN;entscheidungen.csv
WZB_82rb_2_1;tŏpfe;lemma_6144;type_372747;ANLEGEN;entscheidungen.csv
WZB_95vb_2_6;tŏpfe;lemma_6144;type_372747;ANLEGEN;entscheidungen.csv
WZB_38rb_11_1;tŏten;lemma_6133;type_372748;ANLEGEN;entscheidungen.csv
WZB_54vb_13_3;tŏten;lemma_6133;type_372748;ANLEGEN;entscheidungen.csv
WZB_57rb_23_1;tŏten;lemma_6133;type_372748;ANLEGEN;entscheidungen.csv
WZB_76ra_26_3;tŏten;lemma_6133;type_372748;ANLEGEN;entscheidungen.csv
WZB_76rb_13_1;tŏten;lemma_6133;type_372748;ANLEGEN;entscheidungen.csv
WZB_77ra_12_7;tŏten;lemma_6133;type_372748;ANLEGEN;entscheidungen.csv
WZB_77va_22_0;tŏten;lemma_6133;type_372748;ANLEGEN;entscheidungen.csv
WZB_91vb_18_2;tŏten;lemma_6133;type_372748;ANLEGEN;entscheidungen.csv
WZB_92va_10_0;tŏten;lemma_6133;type_372748;ANLEGEN;entscheidungen.csv
WZB_99va_6_3;tŏten;lemma_6133;type_372748;ANLEGEN;entscheidungen.csv
WZB_100vb_4_3;tŏten;lemma_6133;type_372748;ANLEGEN;entscheidungen.csv
WZB_101va_4_4;tŏten;lemma_6133;type_372748;ANLEGEN;entscheidungen.csv
WZB_113ra_13_2;tŏten;lemma_6133;type_372748;ANLEGEN;entscheidungen.csv
WZB_136vb_31_4;tŏten;lemma_6133;type_372748;ANLEGEN;entscheidungen.csv
WZB_173va_2_4;tŏten;lemma_6133;type_372748;ANLEGEN;entscheidungen.csv
WZB_53vb_33_6;tŏtet;lemma_6133;type_372749;ANLEGEN;entscheidungen.csv
WZB_76rb_23_5;tŏtet;lemma_6133;type_372749;ANLEGEN;entscheidungen.csv
WZB_104ra_30_0;tŏtet;lemma_6133;type_372749;ANLEGEN;entscheidungen.csv
WZB_118va_28_7;tŏtet;lemma_6133;type_372749;ANLEGEN;entscheidungen.csv
WZB_105vb_13_4;tŏtte;lemma_6133;type_372750;ANLEGEN;entscheidungen.csv
WZB_106ra_16_6;tŏtte;lemma_6133;type_372750;ANLEGEN;entscheidungen.csv
WZB_107rb_1_4;tŏtte;lemma_6133;type_372750;ANLEGEN;entscheidungen.csv
WZB_107rb_15_0;tŏtte;lemma_6133;type_372750;ANLEGEN;entscheidungen.csv
WZB_107va_8_3;tŏtte;lemma_6133;type_372750;ANLEGEN;entscheidungen.csv
WZB_204ra_2_3;uorvluchet;lemma_7007;type_372751;ANLEGEN;entscheidungen.csv
WZB_204ra_5_5;uorvluchet;lemma_7007;type_372751;ANLEGEN;entscheidungen.csv
WZB_204ra_8_7;uorvluchet;lemma_7007;type_372751;ANLEGEN;entscheidungen.csv
WZB_204ra_13_3;uorvluchet;lemma_7007;type_372751;ANLEGEN;entscheidungen.csv
WZB_204ra_18_0;uorvluchet;lemma_7007;type_372751;ANLEGEN;entscheidungen.csv
WZB_204ra_20_7;uorvluchet;lemma_7007;type_372751;ANLEGEN;entscheidungen.csv
WZB_204ra_25_0;uorvluchet;lemma_7007;type_372751;ANLEGEN;entscheidungen.csv
WZB_204ra_27_7;uorvluchet;lemma_7007;type_372751;ANLEGEN;entscheidungen.csv
WZB_204ra_30_7;uorvluchet;lemma_7007;type_372751;ANLEGEN;entscheidungen.csv
WZB_204ra_34_3;uorvluchet;lemma_7007;type_372751;ANLEGEN;entscheidungen.csv
WZB_204rb_2_5;uorvluchet;lemma_7007;type_372751;ANLEGEN;entscheidungen.csv
WZB_204vb_19_5;uorvluchet;lemma_7007;type_372751;ANLEGEN;entscheidungen.csv
WZB_219va_10_3;uorvluchet;lemma_7007;type_372751;ANLEGEN;entscheidungen.csv
WZB_14rb_20_3;uorwar;lemma_8989;type_372752;ANLEGEN;entscheidungen.csv
WZB_30va_9_0;uorwar;lemma_8989;type_372752;ANLEGEN;entscheidungen.csv
WZB_56vb_21_3;uorwar;lemma_8989;type_372752;ANLEGEN;entscheidungen.csv
WZB_61va_4_4;uorwar;lemma_8989;type_372752;ANLEGEN;entscheidungen.csv
WZB_131vb_4_4;uorwar;lemma_8989;type_372752;ANLEGEN;entscheidungen.csv
WZB_160rb_15_4;uorwar;lemma_8989;type_372752;ANLEGEN;entscheidungen.csv
WZB_161vb_29_7;uorwar;lemma_8989;type_372752;ANLEGEN;entscheidungen.csv
WZB_162rb_17_0;uorwar;lemma_8989;type_372752;ANLEGEN;entscheidungen.csv
WZB_170rb_30_2;uorwar;lemma_8989;type_372752;ANLEGEN;entscheidungen.csv
WZB_235ra_24_2;uorwar;lemma_8989;type_372752;ANLEGEN;entscheidungen.csv
WZB_80va_28_2;vassen;lemma_6774;type_372753;ANLEGEN;entscheidungen.csv
WZB_87rb_29_2;vassen;lemma_6774;type_372753;ANLEGEN;entscheidungen.csv
WZB_88ra_13_0;vassen;lemma_6774;type_372753;ANLEGEN;entscheidungen.csv
WZB_92vb_9_3;vassen;lemma_6774;type_372753;ANLEGEN;entscheidungen.csv
WZB_92vb_19_3;vassen;lemma_6774;type_372753;ANLEGEN;entscheidungen.csv
WZB_95rb_33_0;vassen;lemma_6774;type_372753;ANLEGEN;entscheidungen.csv
WZB_95rb_37_2;vassen;lemma_6774;type_372753;ANLEGEN;entscheidungen.csv
WZB_97vb_21_0;vassen;lemma_6774;type_372753;ANLEGEN;entscheidungen.csv
WZB_98ra_23_6;vassen;lemma_6774;type_372753;ANLEGEN;entscheidungen.csv
WZB_109vb_13_5;vassen;lemma_6774;type_372753;ANLEGEN;entscheidungen.csv
WZB_133svb_4_3;vassen;lemma_6774;type_372753;ANLEGEN;entscheidungen.csv
WZB_137rb_13_0;vassen;lemma_6774;type_372753;ANLEGEN;entscheidungen.csv
WZB_151vb_30_8;vassen;lemma_6774;type_372753;ANLEGEN;entscheidungen.csv
WZB_102ra_20_5;vberige;lemma_6375;type_372754;ANLEGEN;entscheidungen.csv
WZB_102vb_11_7;vberige;lemma_6375;type_372754;ANLEGEN;entscheidungen.csv
WZB_105vb_19_6;vberige;lemma_6375;type_372754;ANLEGEN;entscheidungen.csv
WZB_107rb_6_3;vberige;lemma_6375;type_372754;ANLEGEN;entscheidungen.csv
WZB_204rb_27_3;vberige;lemma_6375;type_372754;ANLEGEN;entscheidungen.csv
WZB_204vb_19_1;vberige;lemma_6375;type_372754;ANLEGEN;entscheidungen.csv
WZB_206rb_18_2;vberige;lemma_6375;type_372754;ANLEGEN;entscheidungen.csv
WZB_221rb_35_6;vberige;lemma_6375;type_372754;ANLEGEN;entscheidungen.csv
WZB_81ra_16_2;vbirdecke;lemma_46787;type_372755;ANLEGEN;entscheidungen.csv
WZB_81ra_24_0;vbirdecke;lemma_46787;type_372755;ANLEGEN;entscheidungen.csv
WZB_81ra_27_2;vbirdecke;lemma_46787;type_372755;ANLEGEN;entscheidungen.csv
WZB_81ra_31_3;vbirdecke;lemma_46787;type_372755;ANLEGEN;entscheidungen.csv
WZB_81ra_37_2;vbirdecke;lemma_46787;type_372755;ANLEGEN;entscheidungen.csv
WZB_81rb_5_2;vbirdecke;lemma_46787;type_372755;ANLEGEN;entscheidungen.csv
WZB_81rb_14_4;vbirdecke;lemma_46787;type_372755;ANLEGEN;entscheidungen.csv
WZB_81rb_17_5;vbirdecke;lemma_46787;type_372755;ANLEGEN;entscheidungen.csv
WZB_94ra_2_6;vbirdecke;lemma_46787;type_372755;ANLEGEN;entscheidungen.csv
WZB_94ra_13_4;vbirdecke;lemma_46787;type_372755;ANLEGEN;entscheidungen.csv
WZB_94ra_19_3;vbirdecke;lemma_46787;type_372755;ANLEGEN;entscheidungen.csv
WZB_122vb_32_2;veierlich;lemma_32980;type_372756;ANLEGEN;entscheidungen.csv
WZB_123va_16_3;veierlich;lemma_32980;type_372756;ANLEGEN;entscheidungen.csv
WZB_124ra_7_2;veierlich;lemma_32980;type_372756;ANLEGEN;entscheidungen.csv
WZB_124ra_12_3;veierlich;lemma_32980;type_372756;ANLEGEN;entscheidungen.csv
WZB_165ra_2_2;veierlich;lemma_32980;type_372756;ANLEGEN;entscheidungen.csv
WZB_166va_8_7;veierlich;lemma_32980;type_372756;ANLEGEN;entscheidungen.csv
WZB_65ra_13_1;veiern;lemma_7058;type_372757;ANLEGEN;entscheidungen.csv
WZB_65ra_24_3;veiern;lemma_7058;type_372757;ANLEGEN;entscheidungen.csv
WZB_66va_34_0;veiern;lemma_7058;type_372757;ANLEGEN;entscheidungen.csv
WZB_77vb_14_5;veiern;lemma_7058;type_372757;ANLEGEN;entscheidungen.csv
WZB_88rb_14_0;veiern;lemma_7058;type_372757;ANLEGEN;entscheidungen.csv
WZB_122vb_22_5;veiern;lemma_7058;type_372757;ANLEGEN;entscheidungen.csv
WZB_123vb_34_2;veiern;lemma_7058;type_372757;ANLEGEN;entscheidungen.csv
WZB_124ra_35_0;veiern;lemma_7058;type_372757;ANLEGEN;entscheidungen.csv
WZB_124rb_9_3;veiern;lemma_7058;type_372757;ANLEGEN;entscheidungen.csv
WZB_124rb_15_3;veiern;lemma_7058;type_372757;ANLEGEN;entscheidungen.csv
WZB_125rb_20_4;veiern;lemma_7058;type_372757;ANLEGEN;entscheidungen.csv
WZB_128rb_18_1;veiern;lemma_7058;type_372757;ANLEGEN;entscheidungen.csv
WZB_165vb_4_0;veiern;lemma_7058;type_372757;ANLEGEN;entscheidungen.csv
WZB_166ra_21_1;veiern;lemma_7058;type_372757;ANLEGEN;entscheidungen.csv
WZB_166va_19_0;veiern;lemma_7058;type_372757;ANLEGEN;entscheidungen.csv
WZB_193rb_16_4;veiern;lemma_7058;type_372757;ANLEGEN;entscheidungen.csv
WZB_193rb_36_0;veiern;lemma_7058;type_372757;ANLEGEN;entscheidungen.csv
WZB_193va_12_1;veiern;lemma_7058;type_372757;ANLEGEN;entscheidungen.csv
WZB_146ra_30_2;veigen;lemma_7052;type_372758;ANLEGEN;entscheidungen.csv
WZB_154rb_5_5;veigen;lemma_7052;type_372758;ANLEGEN;entscheidungen.csv
WZB_184vb_11_0;veigen;lemma_7052;type_372758;ANLEGEN;entscheidungen.csv
WZB_26rb_3_6;veisticheit;lemma_36292;type_372759;ANLEGEN;entscheidungen.csv
WZB_26va_25_7;veisticheit;lemma_36292;type_372759;ANLEGEN;entscheidungen.csv
WZB_77vb_34_5;veisticheit;lemma_36292;type_372759;ANLEGEN;entscheidungen.csv
WZB_85rb_6_3;veisticheit;lemma_36292;type_372759;ANLEGEN;entscheidungen.csv
WZB_85va_12_6;veisticheit;lemma_36292;type_372759;ANLEGEN;entscheidungen.csv
WZB_100rb_33_3;veisticheit;lemma_36292;type_372759;ANLEGEN;entscheidungen.csv
WZB_100rb_35_2;veisticheit;lemma_36292;type_372759;ANLEGEN;entscheidungen.csv
WZB_100va_25_0;veisticheit;lemma_36292;type_372759;ANLEGEN;entscheidungen.csv
WZB_100va_27_2;veisticheit;lemma_36292;type_372759;ANLEGEN;entscheidungen.csv
WZB_100va_30_1;veisticheit;lemma_36292;type_372759;ANLEGEN;entscheidungen.csv
WZB_100vb_11_4;veisticheit;lemma_36292;type_372759;ANLEGEN;entscheidungen.csv
WZB_100vb_21_0;veisticheit;lemma_36292;type_372759;ANLEGEN;entscheidungen.csv
WZB_100vb_24_4;veisticheit;lemma_36292;type_372759;ANLEGEN;entscheidungen.csv
WZB_101rb_4_2;veisticheit;lemma_36292;type_372759;ANLEGEN;entscheidungen.csv
WZB_101rb_10_4;veisticheit;lemma_36292;type_372759;ANLEGEN;entscheidungen.csv
WZB_101va_22_2;veisticheit;lemma_36292;type_372759;ANLEGEN;entscheidungen.csv
WZB_102ra_3_1;veisticheit;lemma_36292;type_372759;ANLEGEN;entscheidungen.csv
WZB_102ra_24_1;veisticheit;lemma_36292;type_372759;ANLEGEN;entscheidungen.csv
WZB_103va_9_1;veisticheit;lemma_36292;type_372759;ANLEGEN;entscheidungen.csv
WZB_104ra_37_0;veisticheit;lemma_36292;type_372759;ANLEGEN;entscheidungen.csv
WZB_104rb_2_2;veisticheit;lemma_36292;type_372759;ANLEGEN;entscheidungen.csv
WZB_105ra_4_3;veisticheit;lemma_36292;type_372759;ANLEGEN;entscheidungen.csv
WZB_105ra_8_6;veisticheit;lemma_36292;type_372759;ANLEGEN;entscheidungen.csv
WZB_105ra_26_3;veisticheit;lemma_36292;type_372759;ANLEGEN;entscheidungen.csv
WZB_105rb_1_2;veisticheit;lemma_36292;type_372759;ANLEGEN;entscheidungen.csv
WZB_106ra_2_0;veisticheit;lemma_36292;type_372759;ANLEGEN;entscheidungen.csv
WZB_106ra_21_2;veisticheit;lemma_36292;type_372759;ANLEGEN;entscheidungen.csv
WZB_106va_6_2;veisticheit;lemma_36292;type_372759;ANLEGEN;entscheidungen.csv
WZB_107rb_7_5;veisticheit;lemma_36292;type_372759;ANLEGEN;entscheidungen.csv
WZB_107va_24_0;veisticheit;lemma_36292;type_372759;ANLEGEN;entscheidungen.csv
WZB_100rb_31_5;veistikeit;lemma_36292;type_372760;ANLEGEN;entscheidungen.csv
WZB_102ra_22_5;veistikeit;lemma_36292;type_372760;ANLEGEN;entscheidungen.csv
WZB_105ra_31_6;veistikeit;lemma_36292;type_372760;ANLEGEN;entscheidungen.csv
WZB_106rb_11_5;veistikeit;lemma_36292;type_372760;ANLEGEN;entscheidungen.csv
WZB_107va_29_2;veistikeit;lemma_36292;type_372760;ANLEGEN;entscheidungen.csv
WZB_107vb_12_5;veistikeit;lemma_36292;type_372760;ANLEGEN;entscheidungen.csv
WZB_108va_11_1;veistikeit;lemma_36292;type_372760;ANLEGEN;entscheidungen.csv
WZB_116va_12_1;veistikeit;lemma_36292;type_372760;ANLEGEN;entscheidungen.csv
WZB_117ra_19_3;veistikeit;lemma_36292;type_372760;ANLEGEN;entscheidungen.csv
WZB_152va_15_5;veistikeit;lemma_36292;type_372760;ANLEGEN;entscheidungen.csv
WZB_210vb_25_5;veistikeit;lemma_36292;type_372760;ANLEGEN;entscheidungen.csv
WZB_211va_25_0;veistikeit;lemma_36292;type_372760;ANLEGEN;entscheidungen.csv
WZB_80rb_5_0;veldungen;lemma_6797;type_372761;ANLEGEN;entscheidungen.csv
WZB_163ra_36_2;veldungen;lemma_6797;type_372761;ANLEGEN;entscheidungen.csv
WZB_167vb_4_2;veldungen;lemma_6797;type_372761;ANLEGEN;entscheidungen.csv
WZB_172vb_11_1;veldungen;lemma_6797;type_372761;ANLEGEN;entscheidungen.csv
WZB_174va_3_4;veldungen;lemma_6797;type_372761;ANLEGEN;entscheidungen.csv
WZB_188vb_5_11;veldungen;lemma_6797;type_372761;ANLEGEN;entscheidungen.csv
WZB_213rb_18_2;veldungen;lemma_6797;type_372761;ANLEGEN;entscheidungen.csv
WZB_213va_16_5;veldungen;lemma_6797;type_372761;ANLEGEN;entscheidungen.csv
WZB_218ra_13_1;veldungen;lemma_6797;type_372761;ANLEGEN;entscheidungen.csv
WZB_225vb_17_5;veldungen;lemma_6797;type_372761;ANLEGEN;entscheidungen.csv
WZB_228rb_3_0;veldungen;lemma_6797;type_372761;ANLEGEN;entscheidungen.csv
WZB_228va_28_3;veldungen;lemma_6797;type_372761;ANLEGEN;entscheidungen.csv
WZB_230rb_18_7;veldungen;lemma_6797;type_372761;ANLEGEN;entscheidungen.csv
WZB_231vb_30_4;veldungen;lemma_6797;type_372761;ANLEGEN;entscheidungen.csv
WZB_232vb_21_3;veldungen;lemma_6797;type_372761;ANLEGEN;entscheidungen.csv
WZB_19rb_24_4;verrens;lemma_6913;type_372762;ANLEGEN;entscheidungen.csv
WZB_37vb_35_3;verrens;lemma_6913;type_372762;ANLEGEN;entscheidungen.csv
WZB_75ra_7_5;verrens;lemma_6913;type_372762;ANLEGEN;entscheidungen.csv
WZB_78va_21_1;verrens;lemma_6913;type_372762;ANLEGEN;entscheidungen.csv
WZB_205vb_28_1;verrens;lemma_6913;type_372762;ANLEGEN;entscheidungen.csv
WZB_207vb_12_0;verrens;lemma_6913;type_372762;ANLEGEN;entscheidungen.csv
WZB_216ra_7_3;verrens;lemma_6913;type_372762;ANLEGEN;entscheidungen.csv
WZB_179va_28_2;vinsternŭsse;lemma_7089;type_372763;ANLEGEN;entscheidungen.csv
WZB_182ra_8_2;vinsternŭsse;lemma_7089;type_372763;ANLEGEN;entscheidungen.csv
WZB_12vb_3_0;virczehenden;lemma_7072;type_372764;ANLEGEN;entscheidungen.csv
WZB_65ra_34_2;virczehenden;lemma_7072;type_372764;ANLEGEN;entscheidungen.csv
WZB_122vb_24_2;virczehenden;lemma_7072;type_372764;ANLEGEN;entscheidungen.csv
WZB_141rb_8_2;virczehenden;lemma_7072;type_372764;ANLEGEN;entscheidungen.csv
WZB_141va_18_3;virczehenden;lemma_7072;type_372764;ANLEGEN;entscheidungen.csv
WZB_182vb_28_1;vleissiclich;lemma_7126;type_372765;ANLEGEN;entscheidungen.csv
WZB_193vb_34_1;vleissiclich;lemma_7126;type_372765;ANLEGEN;entscheidungen.csv
WZB_195va_35_1;vleissiclich;lemma_7126;type_372765;ANLEGEN;entscheidungen.csv
WZB_201ra_11_1;vleissiclich;lemma_7126;type_372765;ANLEGEN;entscheidungen.csv
WZB_236rb_9_0;vleissiclich;lemma_7126;type_372765;ANLEGEN;entscheidungen.csv
WZB_238ra_29_2;vleissiclich;lemma_7126;type_372765;ANLEGEN;entscheidungen.csv
WZB_173ra_26_1;vluchtigen;lemma_7142;type_372766;ANLEGEN;entscheidungen.csv
WZB_173ra_36_1;vluchtigen;lemma_7142;type_372766;ANLEGEN;entscheidungen.csv
WZB_173vb_15_4;vluchtigen;lemma_7142;type_372766;ANLEGEN;entscheidungen.csv
WZB_195vb_5_7;vluchtigen;lemma_7142;type_372766;ANLEGEN;entscheidungen.csv
WZB_224va_16_3;vluchtigen;lemma_7142;type_372766;ANLEGEN;entscheidungen.csv
WZB_234rb_18_1;vluchtigen;lemma_7142;type_372766;ANLEGEN;entscheidungen.csv
WZB_80vb_21_5;vmbhenge;lemma_9487;type_372767;ANLEGEN;entscheidungen.csv
WZB_82va_12_5;vmbhenge;lemma_9487;type_372767;ANLEGEN;entscheidungen.csv
WZB_82va_20_4;vmbhenge;lemma_9487;type_372767;ANLEGEN;entscheidungen.csv
WZB_82va_32_0;vmbhenge;lemma_9487;type_372767;ANLEGEN;entscheidungen.csv
WZB_96ra_6_3;vmbhenge;lemma_9487;type_372767;ANLEGEN;entscheidungen.csv
WZB_80vb_12_3;vmhenge;lemma_9487;type_372768;ANLEGEN;entscheidungen.csv
WZB_80vb_13_4;vmhenge;lemma_9487;type_372768;ANLEGEN;entscheidungen.csv
WZB_81ra_11_1;vmhenge;lemma_9487;type_372768;ANLEGEN;entscheidungen.csv
WZB_93vb_9_0;vmhenge;lemma_9487;type_372768;ANLEGEN;entscheidungen.csv
WZB_93vb_15_0;vmhenge;lemma_9487;type_372768;ANLEGEN;entscheidungen.csv
WZB_93vb_19_0;vmhenge;lemma_9487;type_372768;ANLEGEN;entscheidungen.csv
WZB_93vb_34_5;vmhenge;lemma_9487;type_372768;ANLEGEN;entscheidungen.csv
WZB_95vb_25_0;vmhenge;lemma_9487;type_372768;ANLEGEN;entscheidungen.csv
WZB_95vb_32_4;vmhenge;lemma_9487;type_372768;ANLEGEN;entscheidungen.csv
WZB_95vb_37_4;vmhenge;lemma_9487;type_372768;ANLEGEN;entscheidungen.csv
WZB_96ra_14_3;vmhenge;lemma_9487;type_372768;ANLEGEN;entscheidungen.csv
WZB_96ra_16_4;vmhenge;lemma_9487;type_372768;ANLEGEN;entscheidungen.csv
WZB_97vb_14_4;vmhenge;lemma_9487;type_372768;ANLEGEN;entscheidungen.csv
WZB_133va_15_4;vmhenge;lemma_9487;type_372768;ANLEGEN;entscheidungen.csv
WZB_134rb_9_0;vmhenge;lemma_9487;type_372768;ANLEGEN;entscheidungen.csv
WZB_134rb_16_2;vmhenge;lemma_9487;type_372768;ANLEGEN;entscheidungen.csv
WZB_70va_12_1;vmringe;lemma_6433;type_372769;ANLEGEN;entscheidungen.csv
WZB_94vb_7_2;vmringe;lemma_6433;type_372769;ANLEGEN;entscheidungen.csv
WZB_98vb_7_2;vmringe;lemma_6433;type_372769;ANLEGEN;entscheidungen.csv
WZB_99va_11_4;vmringe;lemma_6433;type_372769;ANLEGEN;entscheidungen.csv
WZB_126vb_12_0;vmringe;lemma_6433;type_372769;ANLEGEN;entscheidungen.csv
WZB_127va_25_2;vmringe;lemma_6433;type_372769;ANLEGEN;entscheidungen.csv
WZB_131va_15_0;vmringe;lemma_6433;type_372769;ANLEGEN;entscheidungen.csv
WZB_131vb_5_2;vmringe;lemma_6433;type_372769;ANLEGEN;entscheidungen.csv
WZB_131vb_18_4;vmringe;lemma_6433;type_372769;ANLEGEN;entscheidungen.csv
WZB_144vb_18_3;vmringe;lemma_6433;type_372769;ANLEGEN;entscheidungen.csv
WZB_170rb_19_5;vmringe;lemma_6433;type_372769;ANLEGEN;entscheidungen.csv
WZB_172rb_19_0;vmringe;lemma_6433;type_372769;ANLEGEN;entscheidungen.csv
WZB_172vb_15_2;vmringe;lemma_6433;type_372769;ANLEGEN;entscheidungen.csv
WZB_202rb_32_2;vmringe;lemma_6433;type_372769;ANLEGEN;entscheidungen.csv
WZB_229vb_20_8;vmringe;lemma_6433;type_372769;ANLEGEN;entscheidungen.csv
WZB_232vb_31_2;vmringe;lemma_6433;type_372769;ANLEGEN;entscheidungen.csv
WZB_233ra_21_7;vmringe;lemma_6433;type_372769;ANLEGEN;entscheidungen.csv
WZB_81va_29_3;vndergank;lemma_33210;type_372770;ANLEGEN;entscheidungen.csv
WZB_132rb_7_1;vndergank;lemma_33210;type_372770;ANLEGEN;entscheidungen.csv
WZB_188vb_4_4;vndergank;lemma_33210;type_372770;ANLEGEN;entscheidungen.csv
WZB_193rb_4_1;vndergank;lemma_33210;type_372770;ANLEGEN;entscheidungen.csv
WZB_201ra_30_2;vndergank;lemma_33210;type_372770;ANLEGEN;entscheidungen.csv
WZB_201rb_6_3;vndergank;lemma_33210;type_372770;ANLEGEN;entscheidungen.csv
WZB_214ra_18_4;vndergank;lemma_33210;type_372770;ANLEGEN;entscheidungen.csv
WZB_217va_15_1;vndergank;lemma_33210;type_372770;ANLEGEN;entscheidungen.csv
WZB_222ra_30_2;vndergank;lemma_33210;type_372770;ANLEGEN;entscheidungen.csv
WZB_11rb_4_0;vnfruchtber;lemma_22850;type_372771;ANLEGEN;entscheidungen.csv
WZB_23va_27_2;vnfruchtber;lemma_22850;type_372771;ANLEGEN;entscheidungen.csv
WZB_28va_27_1;vnfruchtber;lemma_22850;type_372771;ANLEGEN;entscheidungen.csv
WZB_28vb_17_0;vnfruchtber;lemma_22850;type_372771;ANLEGEN;entscheidungen.csv
WZB_31va_15_2;vnfruchtber;lemma_22850;type_372771;ANLEGEN;entscheidungen.csv
WZB_78rb_13_1;vnfruchtber;lemma_22850;type_372771;ANLEGEN;entscheidungen.csv
WZB_146ra_9_5;vnfruchtber;lemma_22850;type_372771;ANLEGEN;entscheidungen.csv
WZB_118ra_35_6;vnmenschlichkeit;lemma_21755;type_372772;ANLEGEN;entscheidungen.csv
WZB_190vb_7_4;vnmenschlichkeit;lemma_21755;type_372772;ANLEGEN;entscheidungen.csv
WZB_193vb_35_6;vnmenschlichkeit;lemma_21755;type_372772;ANLEGEN;entscheidungen.csv
WZB_195ra_27_1;vnmenschlichkeit;lemma_21755;type_372772;ANLEGEN;entscheidungen.csv
WZB_197va_3_0;vnmenschlichkeit;lemma_21755;type_372772;ANLEGEN;entscheidungen.csv
WZB_207va_10_4;vnmenschlichkeit;lemma_21755;type_372772;ANLEGEN;entscheidungen.csv
WZB_91rb_9_1;vnreinikeit;lemma_36137;type_372773;ANLEGEN;entscheidungen.csv
WZB_102rb_7_0;vnreinikeit;lemma_36137;type_372773;ANLEGEN;entscheidungen.csv
WZB_102rb_10_2;vnreinikeit;lemma_36137;type_372773;ANLEGEN;entscheidungen.csv
WZB_102rb_11_4;vnreinikeit;lemma_36137;type_372773;ANLEGEN;entscheidungen.csv
WZB_104vb_29_0;vnreinikeit;lemma_36137;type_372773;ANLEGEN;entscheidungen.csv
WZB_110vb_23_1;vnreinikeit;lemma_36137;type_372773;ANLEGEN;entscheidungen.csv
WZB_111ra_2_2;vnreinikeit;lemma_36137;type_372773;ANLEGEN;entscheidungen.csv
WZB_111vb_2_0;vnreinikeit;lemma_36137;type_372773;ANLEGEN;entscheidungen.csv
WZB_115rb_18_4;vnreinikeit;lemma_36137;type_372773;ANLEGEN;entscheidungen.csv
WZB_115rb_20_3;vnreinikeit;lemma_36137;type_372773;ANLEGEN;entscheidungen.csv
WZB_116ra_16_3;vnreinikeit;lemma_36137;type_372773;ANLEGEN;entscheidungen.csv
WZB_116rb_3_1;vnreinikeit;lemma_36137;type_372773;ANLEGEN;entscheidungen.csv
WZB_118ra_25_6;vnreinikeit;lemma_36137;type_372773;ANLEGEN;entscheidungen.csv
WZB_121vb_4_0;vnreinikeit;lemma_36137;type_372773;ANLEGEN;entscheidungen.csv
WZB_153vb_4_5;vnreinikeit;lemma_36137;type_372773;ANLEGEN;entscheidungen.csv
WZB_184rb_35_1;vnreinikeit;lemma_36137;type_372773;ANLEGEN;entscheidungen.csv
WZB_203ra_24_0;vnreinikeit;lemma_36137;type_372773;ANLEGEN;entscheidungen.csv
WZB_105ra_15_1;vogiln;lemma_7154;type_372774;ANLEGEN;entscheidungen.csv
WZB_109ra_17_2;vogiln;lemma_7154;type_372774;ANLEGEN;entscheidungen.csv
WZB_109rb_10_0;vogiln;lemma_7154;type_372774;ANLEGEN;entscheidungen.csv
WZB_109rb_20_4;vogiln;lemma_7154;type_372774;ANLEGEN;entscheidungen.csv
WZB_119rb_12_8;vogiln;lemma_7154;type_372774;ANLEGEN;entscheidungen.csv
WZB_120va_18_3;volken;lemma_7166;type_372775;ANLEGEN;entscheidungen.csv
WZB_179rb_30_0;volken;lemma_7166;type_372775;ANLEGEN;entscheidungen.csv
WZB_183va_17_3;volken;lemma_7166;type_372775;ANLEGEN;entscheidungen.csv
WZB_183vb_4_3;volken;lemma_7166;type_372775;ANLEGEN;entscheidungen.csv
WZB_184ra_8_2;volken;lemma_7166;type_372775;ANLEGEN;entscheidungen.csv
WZB_205va_7_4;volken;lemma_7166;type_372775;ANLEGEN;entscheidungen.csv
WZB_208ra_35_1;volken;lemma_7166;type_372775;ANLEGEN;entscheidungen.csv
WZB_239rb_2_2;volken;lemma_7166;type_372775;ANLEGEN;entscheidungen.csv
WZB_102rb_20_1;vorbindet;lemma_6820;type_372776;ANLEGEN;entscheidungen.csv
WZB_166vb_5_0;vorbindet;lemma_6820;type_372776;ANLEGEN;entscheidungen.csv
WZB_166vb_10_5;vorbindet;lemma_6820;type_372776;ANLEGEN;entscheidungen.csv
WZB_166vb_32_0;vorbindet;lemma_6820;type_372776;ANLEGEN;entscheidungen.csv
WZB_167ra_12_2;vorbindet;lemma_6820;type_372776;ANLEGEN;entscheidungen.csv
WZB_167ra_23_4;vorbindet;lemma_6820;type_372776;ANLEGEN;entscheidungen.csv
WZB_55rb_35_0;vorbrante;lemma_6824;type_372777;ANLEGEN;entscheidungen.csv
WZB_89rb_18_2;vorbrante;lemma_6824;type_372777;ANLEGEN;entscheidungen.csv
WZB_106ra_9_0;vorbrante;lemma_6824;type_372777;ANLEGEN;entscheidungen.csv
WZB_106ra_21_3;vorbrante;lemma_6824;type_372777;ANLEGEN;entscheidungen.csv
WZB_107rb_13_3;vorbrante;lemma_6824;type_372777;ANLEGEN;entscheidungen.csv
WZB_107va_4_5;vorbrante;lemma_6824;type_372777;ANLEGEN;entscheidungen.csv
WZB_107vb_26_3;vorbrante;lemma_6824;type_372777;ANLEGEN;entscheidungen.csv
WZB_150vb_6_3;vorbrante;lemma_6824;type_372777;ANLEGEN;entscheidungen.csv
WZB_161va_24_4;vorbrante;lemma_6824;type_372777;ANLEGEN;entscheidungen.csv
WZB_167va_27_0;vorbrante;lemma_6824;type_372777;ANLEGEN;entscheidungen.csv
WZB_186rb_13_2;vorbrante;lemma_6824;type_372777;ANLEGEN;entscheidungen.csv
WZB_226rb_2_5;vorbrante;lemma_6824;type_372777;ANLEGEN;entscheidungen.csv
WZB_101va_31_3;vorbruen;lemma_6824;type_372778;ANLEGEN;entscheidungen.csv
WZB_112ra_21_1;vorbruen;lemma_6824;type_372778;ANLEGEN;entscheidungen.csv
WZB_112ra_32_3;vorbruen;lemma_6824;type_372778;ANLEGEN;entscheidungen.csv
WZB_112rb_7_4;vorbruen;lemma_6824;type_372778;ANLEGEN;entscheidungen.csv
WZB_118va_34_1;vorbruen;lemma_6824;type_372778;ANLEGEN;entscheidungen.csv
WZB_121ra_18_0;vorbruen;lemma_6824;type_372778;ANLEGEN;entscheidungen.csv
WZB_19va_30_1;vorchtest;lemma_7298;type_372779;ANLEGEN;entscheidungen.csv
WZB_182va_18_1;vorchtest;lemma_7298;type_372779;ANLEGEN;entscheidungen.csv
WZB_184ra_35_0;vorchtest;lemma_7298;type_372779;ANLEGEN;entscheidungen.csv
WZB_184vb_3_4;vorchtest;lemma_7298;type_372779;ANLEGEN;entscheidungen.csv
WZB_187ra_32_5;vorchtest;lemma_7298;type_372779;ANLEGEN;entscheidungen.csv
WZB_206va_2_3;vorchtest;lemma_7298;type_372779;ANLEGEN;entscheidungen.csv
WZB_73ra_6_3;vorczert;lemma_7817;type_372780;ANLEGEN;entscheidungen.csv
WZB_103vb_25_5;vorczert;lemma_7817;type_372780;ANLEGEN;entscheidungen.csv
WZB_169va_23_4;vorczert;lemma_7817;type_372780;ANLEGEN;entscheidungen.csv
WZB_177ra_12_1;vorczert;lemma_7817;type_372780;ANLEGEN;entscheidungen.csv
WZB_207ra_18_3;vorczert;lemma_7817;type_372780;ANLEGEN;entscheidungen.csv
WZB_220vb_15_1;vorczert;lemma_7817;type_372780;ANLEGEN;entscheidungen.csv
WZB_78ra_6_3;vorczihen;lemma_7036;type_372781;ANLEGEN;entscheidungen.csv
WZB_90vb_23_6;vorczihen;lemma_7036;type_372781;ANLEGEN;entscheidungen.csv
WZB_155ra_23_2;vorczihen;lemma_7036;type_372781;ANLEGEN;entscheidungen.csv
WZB_179ra_34_3;vorczihen;lemma_7036;type_372781;ANLEGEN;entscheidungen.csv
WZB_209ra_14_0;vorczihen;lemma_7036;type_372781;ANLEGEN;entscheidungen.csv
WZB_216rb_8_1;vorczihen;lemma_7036;type_372781;ANLEGEN;entscheidungen.csv
WZB_52va_14_0;vorgiengen;lemma_6851;type_372782;ANLEGEN;entscheidungen.csv
WZB_150va_18_1;vorgiengen;lemma_6851;type_372782;ANLEGEN;entscheidungen.csv
WZB_151rb_5_9;vorgiengen;lemma_6851;type_372782;ANLEGEN;entscheidungen.csv
WZB_161va_29_1;vorgiengen;lemma_6851;type_372782;ANLEGEN;entscheidungen.csv
WZB_177ra_16_8;vorgiengen;lemma_6851;type_372782;ANLEGEN;entscheidungen.csv
WZB_177ra_19_1;vorgiengen;lemma_6851;type_372782;ANLEGEN;entscheidungen.csv
WZB_216va_9_0;vorgiengen;lemma_6851;type_372782;ANLEGEN;entscheidungen.csv
WZB_218vb_20_3;vorgiengen;lemma_6851;type_372782;ANLEGEN;entscheidungen.csv
WZB_226va_21_3;vorgiengen;lemma_6851;type_372782;ANLEGEN;entscheidungen.csv
WZB_9rb_8_1;vorgossen;lemma_6857;type_372783;ANLEGEN;entscheidungen.csv
WZB_113ra_8_0;vorgossen;lemma_6857;type_372783;ANLEGEN;entscheidungen.csv
WZB_113rb_17_2;vorgossen;lemma_6857;type_372783;ANLEGEN;entscheidungen.csv
WZB_117ra_7_5;vorgossen;lemma_6857;type_372783;ANLEGEN;entscheidungen.csv
WZB_161rb_26_1;vorgossen;lemma_6857;type_372783;ANLEGEN;entscheidungen.csv
WZB_196ra_3_1;vorgossen;lemma_6857;type_372783;ANLEGEN;entscheidungen.csv
WZB_196ra_26_1;vorgossen;lemma_6857;type_372783;ANLEGEN;entscheidungen.csv
WZB_196rb_4_3;vorgossen;lemma_6857;type_372783;ANLEGEN;entscheidungen.csv
WZB_198ra_5_3;vorgossen;lemma_6857;type_372783;ANLEGEN;entscheidungen.csv
WZB_198ra_15_0;vorgossen;lemma_6857;type_372783;ANLEGEN;entscheidungen.csv
WZB_198vb_34_6;vorgossen;lemma_6857;type_372783;ANLEGEN;entscheidungen.csv
WZB_234vb_15_1;vorgossen;lemma_6857;type_372783;ANLEGEN;entscheidungen.csv
WZB_86va_28_1;vorhange;lemma_30875;type_372784;ANLEGEN;entscheidungen.csv
WZB_98va_19_2;vorhange;lemma_30875;type_372784;ANLEGEN;entscheidungen.csv
WZB_101ra_14_2;vorhange;lemma_30875;type_372784;ANLEGEN;entscheidungen.csv
WZB_101va_12_1;vorhange;lemma_30875;type_372784;ANLEGEN;entscheidungen.csv
WZB_115va_7_1;vorhange;lemma_30875;type_372784;ANLEGEN;entscheidungen.csv
WZB_82va_37_1;vorhank;lemma_30875;type_372785;ANLEGEN;entscheidungen.csv
WZB_92rb_7_2;vorhank;lemma_30875;type_372785;ANLEGEN;entscheidungen.csv
WZB_92vb_5_0;vorhank;lemma_30875;type_372785;ANLEGEN;entscheidungen.csv
WZB_92vb_15_3;vorhank;lemma_30875;type_372785;ANLEGEN;entscheidungen.csv
WZB_92vb_23_5;vorhank;lemma_30875;type_372785;ANLEGEN;entscheidungen.csv
WZB_94va_11_2;vorhank;lemma_30875;type_372785;ANLEGEN;entscheidungen.csv
WZB_94va_21_3;vorhank;lemma_30875;type_372785;ANLEGEN;entscheidungen.csv
WZB_96va_27_3;vorhank;lemma_30875;type_372785;ANLEGEN;entscheidungen.csv
WZB_97vb_10_0;vorhank;lemma_30875;type_372785;ANLEGEN;entscheidungen.csv
WZB_97vb_16_5;vorhank;lemma_30875;type_372785;ANLEGEN;entscheidungen.csv
WZB_98ra_4_1;vorhank;lemma_30875;type_372785;ANLEGEN;entscheidungen.csv
WZB_98ra_12_0;vorhank;lemma_30875;type_372785;ANLEGEN;entscheidungen.csv
WZB_98ra_14_1;vorhank;lemma_30875;type_372785;ANLEGEN;entscheidungen.csv
WZB_98va_23_1;vorhank;lemma_30875;type_372785;ANLEGEN;entscheidungen.csv
WZB_115vb_34_2;vorhank;lemma_30875;type_372785;ANLEGEN;entscheidungen.csv
WZB_116ra_12_1;vorhank;lemma_30875;type_372785;ANLEGEN;entscheidungen.csv
WZB_121va_15_2;vorhank;lemma_30875;type_372785;ANLEGEN;entscheidungen.csv
WZB_133va_13_0;vorhank;lemma_30875;type_372785;ANLEGEN;entscheidungen.csv
WZB_133va_16_4;vorhank;lemma_30875;type_372785;ANLEGEN;entscheidungen.csv
WZB_133vb_6_1;vorhank;lemma_30875;type_372785;ANLEGEN;entscheidungen.csv
WZB_133srb_30_4;vorhank;lemma_30875;type_372785;ANLEGEN;entscheidungen.csv
WZB_134rb_13_3;vorhank;lemma_30875;type_372785;ANLEGEN;entscheidungen.csv
WZB_134rb_17_2;vorhank;lemma_30875;type_372785;ANLEGEN;entscheidungen.csv
WZB_43va_2_3;vorkoufe;lemma_6879;type_372786;ANLEGEN;entscheidungen.csv
WZB_125vb_16_2;vorkoufe;lemma_6879;type_372786;ANLEGEN;entscheidungen.csv
WZB_129vb_10_1;vorkoufe;lemma_6879;type_372786;ANLEGEN;entscheidungen.csv
WZB_177va_21_1;vorkoufe;lemma_6879;type_372786;ANLEGEN;entscheidungen.csv
WZB_191va_18_0;vorkoufe;lemma_6879;type_372786;ANLEGEN;entscheidungen.csv
WZB_191vb_4_5;vorkoufe;lemma_6879;type_372786;ANLEGEN;entscheidungen.csv
WZB_38rb_12_8;vorkoufen;lemma_6879;type_372787;ANLEGEN;entscheidungen.csv
WZB_50rb_4_1;vorkoufen;lemma_6879;type_372787;ANLEGEN;entscheidungen.csv
WZB_75va_11_1;vorkoufen;lemma_6879;type_372787;ANLEGEN;entscheidungen.csv
WZB_76va_2_3;vorkoufen;lemma_6879;type_372787;ANLEGEN;entscheidungen.csv
WZB_129vb_15_2;vorkoufen;lemma_6879;type_372787;ANLEGEN;entscheidungen.csv
WZB_50ra_26_2;vorkoufende;lemma_6879;type_372788;ANLEGEN;entscheidungen.csv
WZB_125vb_3_2;vorkoufest;lemma_6879;type_372789;ANLEGEN;entscheidungen.csv
WZB_30vb_7_6;vorkouft;lemma_6879;type_372790;ANLEGEN;entscheidungen.csv
WZB_47rb_22_5;vorkouft;lemma_6879;type_372790;ANLEGEN;entscheidungen.csv
WZB_47va_4_7;vorkouft;lemma_6879;type_372790;ANLEGEN;entscheidungen.csv
WZB_125vb_9_3;vorkouft;lemma_6879;type_372790;ANLEGEN;entscheidungen.csv
WZB_126rb_29_0;vorkouft;lemma_6879;type_372790;ANLEGEN;entscheidungen.csv
WZB_126va_7_5;vorkouft;lemma_6879;type_372790;ANLEGEN;entscheidungen.csv
WZB_126vb_6_1;vorkouft;lemma_6879;type_372790;ANLEGEN;entscheidungen.csv
WZB_129rb_29_4;vorkouft;lemma_6879;type_372790;ANLEGEN;entscheidungen.csv
WZB_129va_13_0;vorkouft;lemma_6879;type_372790;ANLEGEN;entscheidungen.csv
WZB_129va_30_5;vorkouft;lemma_6879;type_372790;ANLEGEN;entscheidungen.csv
WZB_192rb_27_2;vorkouft;lemma_6879;type_372790;ANLEGEN;entscheidungen.csv
WZB_201ra_7_5;vorkouft;lemma_6879;type_372790;ANLEGEN;entscheidungen.csv
WZB_206vb_26_4;vorkouft;lemma_6879;type_372790;ANLEGEN;entscheidungen.csv
WZB_211rb_31_0;vorkouft;lemma_6879;type_372790;ANLEGEN;entscheidungen.csv
WZB_24ra_8_5;vorkoufte;lemma_6879;type_372791;ANLEGEN;entscheidungen.csv
WZB_43rb_34_0;vorkoufte;lemma_6879;type_372791;ANLEGEN;entscheidungen.csv
WZB_43va_18_1;vorkoufte;lemma_6879;type_372791;ANLEGEN;entscheidungen.csv
WZB_38rb_19_6;vorkouften;lemma_6879;type_372792;ANLEGEN;entscheidungen.csv
WZB_38va_16_4;vorkouften;lemma_6879;type_372792;ANLEGEN;entscheidungen.csv
WZB_49vb_28_4;vorkoufunge;lemma_44905;type_372793;ANLEGEN;entscheidungen.csv
WZB_126rb_2_4;vorkoufunge;lemma_44905;type_372793;ANLEGEN;entscheidungen.csv
WZB_126rb_10_5;vorkoufunge;lemma_44905;type_372793;ANLEGEN;entscheidungen.csv
WZB_126vb_29_0;vorkoufunge;lemma_44905;type_372793;ANLEGEN;entscheidungen.csv
WZB_127ra_2_4;vorkoufunge;lemma_44905;type_372793;ANLEGEN;entscheidungen.csv
WZB_128vb_3_3;vorlasen;lemma_6881;type_372794;ANLEGEN;entscheidungen.csv
WZB_135rb_11_3;vorlasen;lemma_6881;type_372794;ANLEGEN;entscheidungen.csv
WZB_142ra_7_1;vorlasen;lemma_6881;type_372794;ANLEGEN;entscheidungen.csv
WZB_186ra_9_1;vorlasen;lemma_6881;type_372794;ANLEGEN;entscheidungen.csv
WZB_204vb_33_1;vorlasen;lemma_6881;type_372794;ANLEGEN;entscheidungen.csv
WZB_207vb_30_1;vorlasen;lemma_6881;type_372794;ANLEGEN;entscheidungen.csv
WZB_209vb_2_3;vorlasen;lemma_6881;type_372794;ANLEGEN;entscheidungen.csv
WZB_211ra_11_3;vorlasen;lemma_6881;type_372794;ANLEGEN;entscheidungen.csv
WZB_214rb_3_5;vorlasen;lemma_6881;type_372794;ANLEGEN;entscheidungen.csv
WZB_102va_4_1;vorlasenheit;lemma_45677;type_372795;ANLEGEN;entscheidungen.csv
WZB_103va_34_1;vorlasenheit;lemma_45677;type_372795;ANLEGEN;entscheidungen.csv
WZB_104rb_15_3;vorlasenheit;lemma_45677;type_372795;ANLEGEN;entscheidungen.csv
WZB_105rb_22_3;vorlasenheit;lemma_45677;type_372795;ANLEGEN;entscheidungen.csv
WZB_112vb_13_1;vorlasenheit;lemma_45677;type_372795;ANLEGEN;entscheidungen.csv
WZB_112vb_22_0;vorlasenheit;lemma_45677;type_372795;ANLEGEN;entscheidungen.csv
WZB_112vb_27_2;vorlasenheit;lemma_45677;type_372795;ANLEGEN;entscheidungen.csv
WZB_113ra_8_4;vorlasenheit;lemma_45677;type_372795;ANLEGEN;entscheidungen.csv
WZB_113ra_21_3;vorlasenheit;lemma_45677;type_372795;ANLEGEN;entscheidungen.csv
WZB_113ra_36_1;vorlasenheit;lemma_45677;type_372795;ANLEGEN;entscheidungen.csv
WZB_113rb_18_1;vorlasenheit;lemma_45677;type_372795;ANLEGEN;entscheidungen.csv
WZB_116rb_9_6;vorlasenheit;lemma_45677;type_372795;ANLEGEN;entscheidungen.csv
WZB_119ra_27_6;vorlasenheit;lemma_45677;type_372795;ANLEGEN;entscheidungen.csv
WZB_119ra_32_2;vorlasenheit;lemma_45677;type_372795;ANLEGEN;entscheidungen.csv
WZB_122ra_30_4;vorlasenheit;lemma_45677;type_372795;ANLEGEN;entscheidungen.csv
WZB_152rb_2_6;vorlasenheit;lemma_45677;type_372795;ANLEGEN;entscheidungen.csv
WZB_165va_30_1;vorlasenheit;lemma_45677;type_372795;ANLEGEN;entscheidungen.csv
WZB_76va_27_0;vorporgen;lemma_6814;type_372796;ANLEGEN;entscheidungen.csv
WZB_135va_5_1;vorporgen;lemma_6814;type_372796;ANLEGEN;entscheidungen.csv
WZB_208ra_13_0;vorporgen;lemma_6814;type_372796;ANLEGEN;entscheidungen.csv
WZB_219ra_9_0;vorporgen;lemma_6814;type_372796;ANLEGEN;entscheidungen.csv
WZB_220ra_31_2;vorporgen;lemma_6814;type_372796;ANLEGEN;entscheidungen.csv
WZB_220va_22_6;vorporgen;lemma_6814;type_372796;ANLEGEN;entscheidungen.csv
WZB_220va_30_1;vorporgen;lemma_6814;type_372796;ANLEGEN;entscheidungen.csv
WZB_224va_4_1;vorporgen;lemma_6814;type_372796;ANLEGEN;entscheidungen.csv
WZB_225ra_13_0;vorporgen;lemma_6814;type_372796;ANLEGEN;entscheidungen.csv
WZB_8rb_25_6;vorpoten;lemma_6819;type_372797;ANLEGEN;entscheidungen.csv
WZB_101vb_25_2;vorpoten;lemma_6819;type_372797;ANLEGEN;entscheidungen.csv
WZB_102vb_31_2;vorpoten;lemma_6819;type_372797;ANLEGEN;entscheidungen.csv
WZB_157va_4_4;vorpoten;lemma_6819;type_372797;ANLEGEN;entscheidungen.csv
WZB_180ra_21_2;vorpoten;lemma_6819;type_372797;ANLEGEN;entscheidungen.csv
WZB_8rb_22_2;vorslossen;lemma_6956;type_372798;ANLEGEN;entscheidungen.csv
WZB_18rb_17_5;vorslossen;lemma_6956;type_372798;ANLEGEN;entscheidungen.csv
WZB_28ra_8_1;vorslossen;lemma_6956;type_372798;ANLEGEN;entscheidungen.csv
WZB_67va_13_5;vorslossen;lemma_6956;type_372798;ANLEGEN;entscheidungen.csv
WZB_76ra_22_1;vorslossen;lemma_6956;type_372798;ANLEGEN;entscheidungen.csv
WZB_83rb_36_2;vorslossen;lemma_6956;type_372798;ANLEGEN;entscheidungen.csv
WZB_111va_25_2;vorslossen;lemma_6956;type_372798;ANLEGEN;entscheidungen.csv
WZB_113vb_33_1;vorslossen;lemma_6956;type_372798;ANLEGEN;entscheidungen.csv
WZB_211rb_32_1;vorslossen;lemma_6956;type_372798;ANLEGEN;entscheidungen.csv
WZB_211va_19_2;vorslossen;lemma_6956;type_372798;ANLEGEN;entscheidungen.csv
WZB_215ra_18_0;vorslossen;lemma_6956;type_372798;ANLEGEN;entscheidungen.csv
WZB_218rb_9_1;vorslossen;lemma_6956;type_372798;ANLEGEN;entscheidungen.csv
WZB_224va_13_5;vorslossen;lemma_6956;type_372798;ANLEGEN;entscheidungen.csv
WZB_229vb_19_4;vorslossen;lemma_6956;type_372798;ANLEGEN;entscheidungen.csv
WZB_28va_36_5;vorsmehet;lemma_6961;type_372799;ANLEGEN;entscheidungen.csv
WZB_75va_13_0;vorsmehet;lemma_6961;type_372799;ANLEGEN;entscheidungen.csv
WZB_127va_32_0;vorsmehet;lemma_6961;type_372799;ANLEGEN;entscheidungen.csv
WZB_128vb_14_3;vorsmehet;lemma_6961;type_372799;ANLEGEN;entscheidungen.csv
WZB_149ra_11_2;vorsmehet;lemma_6961;type_372799;ANLEGEN;entscheidungen.csv
WZB_190ra_24_1;vorsmehet;lemma_6961;type_372799;ANLEGEN;entscheidungen.csv
WZB_198va_7_2;vorsmehet;lemma_6961;type_372799;ANLEGEN;entscheidungen.csv
WZB_198va_15_2;vorsmehet;lemma_6961;type_372799;ANLEGEN;entscheidungen.csv
WZB_172vb_14_5;vorstete;lemma_44091;type_372800;ANLEGEN;entscheidungen.csv
WZB_228vb_26_0;vorstete;lemma_44091;type_372800;ANLEGEN;entscheidungen.csv
WZB_235ra_10_6;vorstete;lemma_44091;type_372800;ANLEGEN;entscheidungen.csv
WZB_235ra_13_5;vorstete;lemma_44091;type_372800;ANLEGEN;entscheidungen.csv
WZB_235rb_2_1;vorstete;lemma_44091;type_372800;ANLEGEN;entscheidungen.csv
WZB_235rb_13_0;vorstete;lemma_44091;type_372800;ANLEGEN;entscheidungen.csv
WZB_173ra_11_2;vorsteten;lemma_44091;type_372801;ANLEGEN;entscheidungen.csv
WZB_235rb_23_2;vorsteten;lemma_44091;type_372801;ANLEGEN;entscheidungen.csv
WZB_235rb_28_3;vorsteten;lemma_44091;type_372801;ANLEGEN;entscheidungen.csv
WZB_235rb_32_0;vorsteten;lemma_44091;type_372801;ANLEGEN;entscheidungen.csv
WZB_235vb_4_3;vorsteten;lemma_44091;type_372801;ANLEGEN;entscheidungen.csv
WZB_235vb_7_8;vorsteten;lemma_44091;type_372801;ANLEGEN;entscheidungen.csv
WZB_235vb_11_4;vorsteten;lemma_44091;type_372801;ANLEGEN;entscheidungen.csv
WZB_235vb_17_2;vorsteten;lemma_44091;type_372801;ANLEGEN;entscheidungen.csv
WZB_236ra_6_5;vorsteten;lemma_44091;type_372801;ANLEGEN;entscheidungen.csv
WZB_5va_23_1;vorterbte;lemma_6835;type_372802;ANLEGEN;entscheidungen.csv
WZB_68va_21_2;vorterbte;lemma_6835;type_372802;ANLEGEN;entscheidungen.csv
WZB_88vb_32_6;vorterbte;lemma_6835;type_372802;ANLEGEN;entscheidungen.csv
WZB_186va_17_3;vorterbte;lemma_6835;type_372802;ANLEGEN;entscheidungen.csv
WZB_223va_13_3;vorterbte;lemma_6835;type_372802;ANLEGEN;entscheidungen.csv
WZB_224rb_2_2;vorterbte;lemma_6835;type_372802;ANLEGEN;entscheidungen.csv
WZB_225ra_5_1;vorterbte;lemma_6835;type_372802;ANLEGEN;entscheidungen.csv
WZB_225ra_20_3;vorterbte;lemma_6835;type_372802;ANLEGEN;entscheidungen.csv
WZB_225va_31_2;vorterbte;lemma_6835;type_372802;ANLEGEN;entscheidungen.csv
WZB_226rb_14_0;vorterbte;lemma_6835;type_372802;ANLEGEN;entscheidungen.csv
WZB_226rb_17_3;vorterbte;lemma_6835;type_372802;ANLEGEN;entscheidungen.csv
WZB_226va_24_2;vorterbte;lemma_6835;type_372802;ANLEGEN;entscheidungen.csv
WZB_5vb_21_3;vorterbten;lemma_6835;type_372803;ANLEGEN;entscheidungen.csv
WZB_167va_19_2;vorterbten;lemma_6835;type_372803;ANLEGEN;entscheidungen.csv
WZB_177vb_18_1;vorterbten;lemma_6835;type_372803;ANLEGEN;entscheidungen.csv
WZB_219ra_30_2;vorterbten;lemma_6835;type_372803;ANLEGEN;entscheidungen.csv
WZB_228rb_20_4;vorterbten;lemma_6835;type_372803;ANLEGEN;entscheidungen.csv
WZB_231ra_15_2;vorterbten;lemma_6835;type_372803;ANLEGEN;entscheidungen.csv
WZB_231vb_13_2;vorterbten;lemma_6835;type_372803;ANLEGEN;entscheidungen.csv
WZB_16rb_9_7;vortilge;lemma_6992;type_372804;ANLEGEN;entscheidungen.csv
WZB_88vb_23_0;vortilge;lemma_6992;type_372804;ANLEGEN;entscheidungen.csv
WZB_190vb_11_3;vortilge;lemma_6992;type_372804;ANLEGEN;entscheidungen.csv
WZB_202rb_34_6;vortilge;lemma_6992;type_372804;ANLEGEN;entscheidungen.csv
WZB_207vb_2_1;vortilge;lemma_6992;type_372804;ANLEGEN;entscheidungen.csv
WZB_7ra_32_7;vortilgen;lemma_6992;type_372805;ANLEGEN;entscheidungen.csv
WZB_7vb_7_2;vortilgen;lemma_6992;type_372805;ANLEGEN;entscheidungen.csv
WZB_9va_8_1;vortilgen;lemma_6992;type_372805;ANLEGEN;entscheidungen.csv
WZB_16ra_24_8;vortilgen;lemma_6992;type_372805;ANLEGEN;entscheidungen.csv
WZB_16vb_2_1;vortilgen;lemma_6992;type_372805;ANLEGEN;entscheidungen.csv
WZB_16vb_11_1;vortilgen;lemma_6992;type_372805;ANLEGEN;entscheidungen.csv
WZB_72rb_5_6;vortilgen;lemma_6992;type_372805;ANLEGEN;entscheidungen.csv
WZB_89vb_12_3;vortilgen;lemma_6992;type_372805;ANLEGEN;entscheidungen.csv
WZB_90ra_31_0;vortilgen;lemma_6992;type_372805;ANLEGEN;entscheidungen.csv
WZB_117rb_21_5;vortilgen;lemma_6992;type_372805;ANLEGEN;entscheidungen.csv
WZB_123vb_23_5;vortilgen;lemma_6992;type_372805;ANLEGEN;entscheidungen.csv
WZB_151ra_16_7;vortilgen;lemma_6992;type_372805;ANLEGEN;entscheidungen.csv
WZB_155va_9_7;vortilgen;lemma_6992;type_372805;ANLEGEN;entscheidungen.csv
WZB_157ra_21_1;vortilgen;lemma_6992;type_372805;ANLEGEN;entscheidungen.csv
WZB_180rb_16_5;vortilgen;lemma_6992;type_372805;ANLEGEN;entscheidungen.csv
WZB_180va_6_0;vortilgen;lemma_6992;type_372805;ANLEGEN;entscheidungen.csv
WZB_184ra_25_3;vortilgen;lemma_6992;type_372805;ANLEGEN;entscheidungen.csv
WZB_184rb_9_0;vortilgen;lemma_6992;type_372805;ANLEGEN;entscheidungen.csv
WZB_184rb_12_0;vortilgen;lemma_6992;type_372805;ANLEGEN;entscheidungen.csv
WZB_185vb_33_1;vortilgen;lemma_6992;type_372805;ANLEGEN;entscheidungen.csv
WZB_186rb_5_0;vortilgen;lemma_6992;type_372805;ANLEGEN;entscheidungen.csv
WZB_195rb_7_4;vortilgen;lemma_6992;type_372805;ANLEGEN;entscheidungen.csv
WZB_209ra_11_0;vortilgen;lemma_6992;type_372805;ANLEGEN;entscheidungen.csv
WZB_209ra_19_2;vortilgen;lemma_6992;type_372805;ANLEGEN;entscheidungen.csv
WZB_210ra_5_0;vortilgen;lemma_6992;type_372805;ANLEGEN;entscheidungen.csv
WZB_219vb_5_4;vortilgen;lemma_6992;type_372805;ANLEGEN;entscheidungen.csv
WZB_220ra_21_3;vortilgen;lemma_6992;type_372805;ANLEGEN;entscheidungen.csv
WZB_227vb_7_5;vortilgen;lemma_6992;type_372805;ANLEGEN;entscheidungen.csv
WZB_229rb_4_5;vortilgen;lemma_6992;type_372805;ANLEGEN;entscheidungen.csv
WZB_230vb_7_6;vortilgen;lemma_6992;type_372805;ANLEGEN;entscheidungen.csv
WZB_8ra_36_4;vortilget;lemma_6992;type_372806;ANLEGEN;entscheidungen.csv
WZB_8rb_11_3;vortilget;lemma_6992;type_372806;ANLEGEN;entscheidungen.csv
WZB_14vb_14_6;vortilget;lemma_6992;type_372806;ANLEGEN;entscheidungen.csv
WZB_35rb_6_2;vortilget;lemma_6992;type_372806;ANLEGEN;entscheidungen.csv
WZB_104vb_33_5;vortilget;lemma_6992;type_372806;ANLEGEN;entscheidungen.csv
WZB_141va_31_5;vortilget;lemma_6992;type_372806;ANLEGEN;entscheidungen.csv
WZB_151vb_10_2;vortilget;lemma_6992;type_372806;ANLEGEN;entscheidungen.csv
WZB_176vb_33_9;vortilget;lemma_6992;type_372806;ANLEGEN;entscheidungen.csv
WZB_177rb_3_0;vortilget;lemma_6992;type_372806;ANLEGEN;entscheidungen.csv
WZB_183rb_22_0;vortilget;lemma_6992;type_372806;ANLEGEN;entscheidungen.csv
WZB_183va_7_1;vortilget;lemma_6992;type_372806;ANLEGEN;entscheidungen.csv
WZB_184rb_2_7;vortilget;lemma_6992;type_372806;ANLEGEN;entscheidungen.csv
WZB_184rb_18_2;vortilget;lemma_6992;type_372806;ANLEGEN;entscheidungen.csv
WZB_185rb_15_2;vortilget;lemma_6992;type_372806;ANLEGEN;entscheidungen.csv
WZB_185rb_36_4;vortilget;lemma_6992;type_372806;ANLEGEN;entscheidungen.csv
WZB_185va_6_1;vortilget;lemma_6992;type_372806;ANLEGEN;entscheidungen.csv
WZB_185va_10_2;vortilget;lemma_6992;type_372806;ANLEGEN;entscheidungen.csv
WZB_185va_17_2;vortilget;lemma_6992;type_372806;ANLEGEN;entscheidungen.csv
WZB_185vb_2_0;vortilget;lemma_6992;type_372806;ANLEGEN;entscheidungen.csv
WZB_187vb_10_1;vortilget;lemma_6992;type_372806;ANLEGEN;entscheidungen.csv
WZB_201vb_26_5;vortilget;lemma_6992;type_372806;ANLEGEN;entscheidungen.csv
WZB_238ra_37_3;vortilget;lemma_6992;type_372806;ANLEGEN;entscheidungen.csv
WZB_8rb_7_5;vortilgte;lemma_6992;type_372807;ANLEGEN;entscheidungen.csv
WZB_88vb_33_6;vortilgte;lemma_6992;type_372807;ANLEGEN;entscheidungen.csv
WZB_161ra_9_0;vortilgte;lemma_6992;type_372807;ANLEGEN;entscheidungen.csv
WZB_175va_32_7;vortilgte;lemma_6992;type_372807;ANLEGEN;entscheidungen.csv
WZB_180vb_12_0;vortilgte;lemma_6992;type_372807;ANLEGEN;entscheidungen.csv
WZB_183ra_23_3;vortilgte;lemma_6992;type_372807;ANLEGEN;entscheidungen.csv
WZB_186rb_37_1;vortilgte;lemma_6992;type_372807;ANLEGEN;entscheidungen.csv
WZB_226va_28_2;vortilgte;lemma_6992;type_372807;ANLEGEN;entscheidungen.csv
WZB_228ra_15_2;vortilgte;lemma_6992;type_372807;ANLEGEN;entscheidungen.csv
WZB_229vb_26_5;vortilgte;lemma_6992;type_372807;ANLEGEN;entscheidungen.csv
WZB_16ra_3_1;vortragen;lemma_19874;type_372808;ANLEGEN;entscheidungen.csv
WZB_19va_31_0;vortragen;lemma_19874;type_372808;ANLEGEN;entscheidungen.csv
WZB_19vb_12_2;vortragen;lemma_19874;type_372808;ANLEGEN;entscheidungen.csv
WZB_174ra_11_4;vortragen;lemma_19874;type_372808;ANLEGEN;entscheidungen.csv
WZB_184ra_19_7;vortragen;lemma_19874;type_372808;ANLEGEN;entscheidungen.csv
WZB_59vb_4_1;vorwandilt;lemma_7012;type_372809;ANLEGEN;entscheidungen.csv
WZB_110va_30_3;vorwandilt;lemma_7012;type_372809;ANLEGEN;entscheidungen.csv
WZB_111rb_23_6;vorwandilt;lemma_7012;type_372809;ANLEGEN;entscheidungen.csv
WZB_111va_36_4;vorwandilt;lemma_7012;type_372809;ANLEGEN;entscheidungen.csv
WZB_114rb_2_1;vorwandilt;lemma_7012;type_372809;ANLEGEN;entscheidungen.csv
WZB_13vb_10_0;vrteilen;lemma_55908;type_372810;ANLEGEN;entscheidungen.csv
WZB_75vb_31_1;vrteilen;lemma_55908;type_372810;ANLEGEN;entscheidungen.csv
WZB_111ra_10_4;vrteilen;lemma_55908;type_372810;ANLEGEN;entscheidungen.csv
WZB_112ra_18_3;vrteilen;lemma_55908;type_372810;ANLEGEN;entscheidungen.csv
WZB_112ra_31_3;vrteilen;lemma_55908;type_372810;ANLEGEN;entscheidungen.csv
WZB_173va_25_2;vrteilen;lemma_55908;type_372810;ANLEGEN;entscheidungen.csv
WZB_201vb_3_3;vrteilen;lemma_55908;type_372810;ANLEGEN;entscheidungen.csv
WZB_9rb_19_2;vŏgeln;lemma_7154;type_372811;ANLEGEN;entscheidungen.csv
WZB_18vb_10_10;vŏrchte;lemma_7298;type_372812;ANLEGEN;entscheidungen.csv
WZB_24vb_31_1;vŏrchte;lemma_7298;type_372812;ANLEGEN;entscheidungen.csv
WZB_25va_31_6;vŏrchte;lemma_7298;type_372812;ANLEGEN;entscheidungen.csv
WZB_32va_28_0;vŏrchte;lemma_7298;type_372812;ANLEGEN;entscheidungen.csv
WZB_35vb_13_1;vŏrchte;lemma_7298;type_372812;ANLEGEN;entscheidungen.csv
WZB_48va_13_0;vŏrchte;lemma_7298;type_372812;ANLEGEN;entscheidungen.csv
WZB_118va_23_2;vŏrchte;lemma_7298;type_372812;ANLEGEN;entscheidungen.csv
WZB_118vb_28_5;vŏrchte;lemma_7298;type_372812;ANLEGEN;entscheidungen.csv
WZB_119va_14_1;vŏrchte;lemma_7298;type_372812;ANLEGEN;entscheidungen.csv
WZB_126va_16_6;vŏrchte;lemma_7298;type_372812;ANLEGEN;entscheidungen.csv
WZB_126vb_9_0;vŏrchte;lemma_7298;type_372812;ANLEGEN;entscheidungen.csv
WZB_14va_13_3;wachsende;lemma_7360;type_372813;ANLEGEN;entscheidungen.csv
WZB_24va_25_1;wachsende;lemma_7360;type_372813;ANLEGEN;entscheidungen.csv
WZB_24vb_25_1;wachsende;lemma_7360;type_372813;ANLEGEN;entscheidungen.csv
WZB_27ra_4_5;wachsende;lemma_7360;type_372813;ANLEGEN;entscheidungen.csv
WZB_136rb_27_1;wachsende;lemma_7360;type_372813;ANLEGEN;entscheidungen.csv
WZB_216rb_34_3;wachsende;lemma_7360;type_372813;ANLEGEN;entscheidungen.csv
WZB_90va_36_4;wanderst;lemma_15174;type_372814;ANLEGEN;entscheidungen.csv
WZB_184vb_2_6;wanderst;lemma_15174;type_372814;ANLEGEN;entscheidungen.csv
WZB_187ra_33_4;wanderst;lemma_15174;type_372814;ANLEGEN;entscheidungen.csv
WZB_188rb_24_1;wanderst;lemma_15174;type_372814;ANLEGEN;entscheidungen.csv
WZB_196ra_21_3;wanderst;lemma_15174;type_372814;ANLEGEN;entscheidungen.csv
WZB_198vb_22_1;wanderst;lemma_15174;type_372814;ANLEGEN;entscheidungen.csv
WZB_204va_10_4;wanderst;lemma_15174;type_372814;ANLEGEN;entscheidungen.csv
WZB_208vb_6_0;wanderst;lemma_15174;type_372814;ANLEGEN;entscheidungen.csv
WZB_43va_2_4;weicz;lemma_11998;type_372815;ANLEGEN;entscheidungen.csv
WZB_46ra_16_8;weicz;lemma_11998;type_372815;ANLEGEN;entscheidungen.csv
WZB_48rb_2_0;weicz;lemma_11998;type_372815;ANLEGEN;entscheidungen.csv
WZB_62va_35_4;weicz;lemma_11998;type_372815;ANLEGEN;entscheidungen.csv
WZB_91vb_26_1;weicz;lemma_11998;type_372815;ANLEGEN;entscheidungen.csv
WZB_206ra_4_4;weicz;lemma_11998;type_372815;ANLEGEN;entscheidungen.csv
WZB_85va_22_1;weihunge;lemma_44080;type_372816;ANLEGEN;entscheidungen.csv
WZB_85vb_29_6;weihunge;lemma_44080;type_372816;ANLEGEN;entscheidungen.csv
WZB_105rb_23_2;weihunge;lemma_44080;type_372816;ANLEGEN;entscheidungen.csv
WZB_106ra_32_2;weihunge;lemma_44080;type_372816;ANLEGEN;entscheidungen.csv
WZB_106va_15_0;weihunge;lemma_44080;type_372816;ANLEGEN;entscheidungen.csv
WZB_106va_20_4;weihunge;lemma_44080;type_372816;ANLEGEN;entscheidungen.csv
WZB_106vb_7_2;weihunge;lemma_44080;type_372816;ANLEGEN;entscheidungen.csv
WZB_136rb_35_1;weihunge;lemma_44080;type_372816;ANLEGEN;entscheidungen.csv
WZB_136va_6_0;weihunge;lemma_44080;type_372816;ANLEGEN;entscheidungen.csv
WZB_137va_28_3;weihunge;lemma_44080;type_372816;ANLEGEN;entscheidungen.csv
WZB_137va_34_3;weihunge;lemma_44080;type_372816;ANLEGEN;entscheidungen.csv
WZB_139vb_31_2;weihunge;lemma_44080;type_372816;ANLEGEN;entscheidungen.csv
WZB_41ra_18_4;weintrouben;lemma_26945;type_372817;ANLEGEN;entscheidungen.csv
WZB_51vb_17_1;weintrouben;lemma_26945;type_372817;ANLEGEN;entscheidungen.csv
WZB_136rb_10_3;weintrouben;lemma_26945;type_372817;ANLEGEN;entscheidungen.csv
WZB_136rb_12_4;weintrouben;lemma_26945;type_372817;ANLEGEN;entscheidungen.csv
WZB_169va_3_5;weintrouben;lemma_26945;type_372817;ANLEGEN;entscheidungen.csv
WZB_175va_16_4;weintrouben;lemma_26945;type_372817;ANLEGEN;entscheidungen.csv
WZB_200va_18_3;weintrouben;lemma_26945;type_372817;ANLEGEN;entscheidungen.csv
WZB_210vb_30_3;weintrouben;lemma_26945;type_372817;ANLEGEN;entscheidungen.csv
WZB_85rb_11_0;weirouch;lemma_7528;type_372818;ANLEGEN;entscheidungen.csv
WZB_85rb_27_4;weirouch;lemma_7528;type_372818;ANLEGEN;entscheidungen.csv
WZB_98ra_10_0;weirouch;lemma_7528;type_372818;ANLEGEN;entscheidungen.csv
WZB_98va_20_3;weirouch;lemma_7528;type_372818;ANLEGEN;entscheidungen.csv
WZB_99vb_18_3;weirouch;lemma_7528;type_372818;ANLEGEN;entscheidungen.csv
WZB_99vb_22_6;weirouch;lemma_7528;type_372818;ANLEGEN;entscheidungen.csv
WZB_100rb_9_5;weirouch;lemma_7528;type_372818;ANLEGEN;entscheidungen.csv
WZB_100rb_15_3;weirouch;lemma_7528;type_372818;ANLEGEN;entscheidungen.csv
WZB_102ra_27_3;weirouch;lemma_7528;type_372818;ANLEGEN;entscheidungen.csv
WZB_103va_18_3;weirouch;lemma_7528;type_372818;ANLEGEN;entscheidungen.csv
WZB_103va_31_4;weirouch;lemma_7528;type_372818;ANLEGEN;entscheidungen.csv
WZB_105ra_10_4;weirouch;lemma_7528;type_372818;ANLEGEN;entscheidungen.csv
WZB_107vb_21_5;weirouch;lemma_7528;type_372818;ANLEGEN;entscheidungen.csv
WZB_115vb_33_2;weirouch;lemma_7528;type_372818;ANLEGEN;entscheidungen.csv
WZB_120vb_36_5;weirouch;lemma_7528;type_372818;ANLEGEN;entscheidungen.csv
WZB_123rb_6_1;weirouch;lemma_7528;type_372818;ANLEGEN;entscheidungen.csv
WZB_124va_19_2;weirouch;lemma_7528;type_372818;ANLEGEN;entscheidungen.csv
WZB_135va_19_0;weirouch;lemma_7528;type_372818;ANLEGEN;entscheidungen.csv
WZB_148vb_21_0;weirouch;lemma_7528;type_372818;ANLEGEN;entscheidungen.csv
WZB_150vb_8_6;weirouch;lemma_7528;type_372818;ANLEGEN;entscheidungen.csv
WZB_150vb_18_3;weirouch;lemma_7528;type_372818;ANLEGEN;entscheidungen.csv
WZB_150vb_33_9;weirouch;lemma_7528;type_372818;ANLEGEN;entscheidungen.csv
WZB_151ra_21_3;weirouch;lemma_7528;type_372818;ANLEGEN;entscheidungen.csv
WZB_151ra_30_2;weirouch;lemma_7528;type_372818;ANLEGEN;entscheidungen.csv
WZB_164ra_25_1;weirouch;lemma_7528;type_372818;ANLEGEN;entscheidungen.csv
WZB_164vb_14_2;weirouch;lemma_7528;type_372818;ANLEGEN;entscheidungen.csv
WZB_165va_7_0;weirouch;lemma_7528;type_372818;ANLEGEN;entscheidungen.csv
WZB_212va_14_2;weirouch;lemma_7528;type_372818;ANLEGEN;entscheidungen.csv
WZB_77ra_18_1;weisen;lemma_78688;type_372819;ANLEGEN;entscheidungen.csv
WZB_77ra_26_0;weisen;lemma_78688;type_372819;ANLEGEN;entscheidungen.csv
WZB_77ra_27_1;weisen;lemma_78688;type_372819;ANLEGEN;entscheidungen.csv
WZB_187va_7_4;weisen;lemma_78688;type_372819;ANLEGEN;entscheidungen.csv
WZB_12va_12_6;wenn̆;lemma_7385;type_372820;ANLEGEN;entscheidungen.csv
WZB_14vb_15_5;wenn̆;lemma_7385;type_372820;ANLEGEN;entscheidungen.csv
WZB_17va_17_6;wenn̆;lemma_7385;type_372820;ANLEGEN;entscheidungen.csv
WZB_35vb_13_5;wenn̆;lemma_7385;type_372820;ANLEGEN;entscheidungen.csv
WZB_51vb_18_4;wenn̆;lemma_7385;type_372820;ANLEGEN;entscheidungen.csv
WZB_77ra_15_6;wenn̆;lemma_7385;type_372820;ANLEGEN;entscheidungen.csv
WZB_85rb_18_6;wenn̆;lemma_7385;type_372820;ANLEGEN;entscheidungen.csv
WZB_108va_26_5;wenn̆;lemma_7385;type_372820;ANLEGEN;entscheidungen.csv
WZB_110ra_14_7;wenn̆;lemma_7385;type_372820;ANLEGEN;entscheidungen.csv
WZB_110ra_18_4;wenn̆;lemma_7385;type_372820;ANLEGEN;entscheidungen.csv
WZB_118vb_29_5;wenn̆;lemma_7385;type_372820;ANLEGEN;entscheidungen.csv
WZB_120ra_6_5;wenn̆;lemma_7385;type_372820;ANLEGEN;entscheidungen.csv
WZB_143ra_25_6;wenn̆;lemma_7385;type_372820;ANLEGEN;entscheidungen.csv
WZB_148ra_5_6;wenn̆;lemma_7385;type_372820;ANLEGEN;entscheidungen.csv
WZB_158va_4_4;wenn̆;lemma_7385;type_372820;ANLEGEN;entscheidungen.csv
WZB_168va_4_4;wenn̆;lemma_7385;type_372820;ANLEGEN;entscheidungen.csv
WZB_40rb_7_6;werkis;lemma_7487;type_372821;ANLEGEN;entscheidungen.csv
WZB_55vb_2_3;werkis;lemma_7487;type_372821;ANLEGEN;entscheidungen.csv
WZB_57vb_32_4;werkis;lemma_7487;type_372821;ANLEGEN;entscheidungen.csv
WZB_65ra_25_3;werkis;lemma_7487;type_372821;ANLEGEN;entscheidungen.csv
WZB_80vb_7_1;werkis;lemma_7487;type_372821;ANLEGEN;entscheidungen.csv
WZB_82vb_7_1;werkis;lemma_7487;type_372821;ANLEGEN;entscheidungen.csv
WZB_83rb_20_3;werkis;lemma_7487;type_372821;ANLEGEN;entscheidungen.csv
WZB_95vb_30_0;werkis;lemma_7487;type_372821;ANLEGEN;entscheidungen.csv
WZB_95vb_35_0;werkis;lemma_7487;type_372821;ANLEGEN;entscheidungen.csv
WZB_97ra_11_4;werkis;lemma_7487;type_372821;ANLEGEN;entscheidungen.csv
WZB_97va_5_2;werkis;lemma_7487;type_372821;ANLEGEN;entscheidungen.csv
WZB_181vb_2_1;werkis;lemma_7487;type_372821;ANLEGEN;entscheidungen.csv
WZB_154va_33_3;widersagunge;lemma_64708;type_372822;ANLEGEN;entscheidungen.csv
WZB_155rb_10_1;widersagunge;lemma_64708;type_372822;ANLEGEN;entscheidungen.csv
WZB_163va_34_2;widersagunge;lemma_64708;type_372822;ANLEGEN;entscheidungen.csv
WZB_163vb_5_0;widersagunge;lemma_64708;type_372822;ANLEGEN;entscheidungen.csv
WZB_212ra_29_1;widersagunge;lemma_64708;type_372822;ANLEGEN;entscheidungen.csv
WZB_65rb_12_1;wonungen;lemma_7697;type_372823;ANLEGEN;entscheidungen.csv
WZB_71va_9_1;wonungen;lemma_7697;type_372823;ANLEGEN;entscheidungen.csv
WZB_92va_11_3;wonungen;lemma_7697;type_372823;ANLEGEN;entscheidungen.csv
WZB_100vb_23_2;wonungen;lemma_7697;type_372823;ANLEGEN;entscheidungen.csv
WZB_122vb_20_1;wonungen;lemma_7697;type_372823;ANLEGEN;entscheidungen.csv
WZB_123rb_17_0;wonungen;lemma_7697;type_372823;ANLEGEN;entscheidungen.csv
WZB_123rb_28_4;wonungen;lemma_7697;type_372823;ANLEGEN;entscheidungen.csv
WZB_123va_21_0;wonungen;lemma_7697;type_372823;ANLEGEN;entscheidungen.csv
WZB_123vb_29_0;wonungen;lemma_7697;type_372823;ANLEGEN;entscheidungen.csv
WZB_170va_14_2;wonungen;lemma_7697;type_372823;ANLEGEN;entscheidungen.csv
WZB_173vb_7_5;wonungen;lemma_7697;type_372823;ANLEGEN;entscheidungen.csv
WZB_41va_35_4;wunderschŏne;lemma_9118;type_372824;ANLEGEN;entscheidungen.csv
WZB_18vb_23_4;wustenunge;lemma_59071;type_372825;ANLEGEN;entscheidungen.csv
WZB_36vb_21_4;wustenunge;lemma_59071;type_372825;ANLEGEN;entscheidungen.csv
WZB_38ra_14_7;wustenunge;lemma_59071;type_372825;ANLEGEN;entscheidungen.csv
WZB_50ra_25_0;wustenunge;lemma_59071;type_372825;ANLEGEN;entscheidungen.csv
WZB_55rb_29_0;wustenunge;lemma_59071;type_372825;ANLEGEN;entscheidungen.csv
WZB_56ra_31_0;wustenunge;lemma_59071;type_372825;ANLEGEN;entscheidungen.csv
WZB_57rb_33_2;wustenunge;lemma_59071;type_372825;ANLEGEN;entscheidungen.csv
WZB_57va_20_2;wustenunge;lemma_59071;type_372825;ANLEGEN;entscheidungen.csv
WZB_57va_28_2;wustenunge;lemma_59071;type_372825;ANLEGEN;entscheidungen.csv
WZB_59vb_21_5;wustenunge;lemma_59071;type_372825;ANLEGEN;entscheidungen.csv
WZB_61rb_24_5;wustenunge;lemma_59071;type_372825;ANLEGEN;entscheidungen.csv
WZB_61rb_29_3;wustenunge;lemma_59071;type_372825;ANLEGEN;entscheidungen.csv
WZB_61va_23_2;wustenunge;lemma_59071;type_372825;ANLEGEN;entscheidungen.csv
WZB_67ra_30_0;wustenunge;lemma_59071;type_372825;ANLEGEN;entscheidungen.csv
WZB_67rb_9_2;wustenunge;lemma_59071;type_372825;ANLEGEN;entscheidungen.csv
WZB_67va_14_1;wustenunge;lemma_59071;type_372825;ANLEGEN;entscheidungen.csv
WZB_68ra_3_4;wustenunge;lemma_59071;type_372825;ANLEGEN;entscheidungen.csv
WZB_68ra_11_3;wustenunge;lemma_59071;type_372825;ANLEGEN;entscheidungen.csv
WZB_69va_13_7;wustenunge;lemma_59071;type_372825;ANLEGEN;entscheidungen.csv
WZB_69vb_31_1;wustenunge;lemma_59071;type_372825;ANLEGEN;entscheidungen.csv
WZB_70ra_8_0;wustenunge;lemma_59071;type_372825;ANLEGEN;entscheidungen.csv
WZB_71va_8_2;wustenunge;lemma_59071;type_372825;ANLEGEN;entscheidungen.csv
WZB_72va_2_2;wustenunge;lemma_59071;type_372825;ANLEGEN;entscheidungen.csv
WZB_73rb_23_1;wustenunge;lemma_59071;type_372825;ANLEGEN;entscheidungen.csv
WZB_78rb_28_0;wustenunge;lemma_59071;type_372825;ANLEGEN;entscheidungen.csv
WZB_78va_4_0;wustenunge;lemma_59071;type_372825;ANLEGEN;entscheidungen.csv
WZB_116rb_13_7;wustenunge;lemma_59071;type_372825;ANLEGEN;entscheidungen.csv
WZB_128rb_1_2;wustenunge;lemma_59071;type_372825;ANLEGEN;entscheidungen.csv
WZB_128rb_19_2;wustenunge;lemma_59071;type_372825;ANLEGEN;entscheidungen.csv
WZB_128vb_6_0;wustenunge;lemma_59071;type_372825;ANLEGEN;entscheidungen.csv
WZB_143rb_3_1;wustenunge;lemma_59071;type_372825;ANLEGEN;entscheidungen.csv
WZB_146va_30_1;wustenunge;lemma_59071;type_372825;ANLEGEN;entscheidungen.csv
WZB_147ra_31_0;wustenunge;lemma_59071;type_372825;ANLEGEN;entscheidungen.csv
WZB_147rb_20_9;wustenunge;lemma_59071;type_372825;ANLEGEN;entscheidungen.csv
WZB_147va_4_5;wustenunge;lemma_59071;type_372825;ANLEGEN;entscheidungen.csv
WZB_147va_14_1;wustenunge;lemma_59071;type_372825;ANLEGEN;entscheidungen.csv
WZB_147va_31_2;wustenunge;lemma_59071;type_372825;ANLEGEN;entscheidungen.csv
WZB_147va_33_3;wustenunge;lemma_59071;type_372825;ANLEGEN;entscheidungen.csv
WZB_147vb_4_0;wustenunge;lemma_59071;type_372825;ANLEGEN;entscheidungen.csv
WZB_154ra_21_1;wustenunge;lemma_59071;type_372825;ANLEGEN;entscheidungen.csv
WZB_154ra_35_2;wustenunge;lemma_59071;type_372825;ANLEGEN;entscheidungen.csv
WZB_155vb_8_3;wustenunge;lemma_59071;type_372825;ANLEGEN;entscheidungen.csv
WZB_156ra_7_2;wustenunge;lemma_59071;type_372825;ANLEGEN;entscheidungen.csv
WZB_156ra_30_5;wustenunge;lemma_59071;type_372825;ANLEGEN;entscheidungen.csv
WZB_156rb_5_3;wustenunge;lemma_59071;type_372825;ANLEGEN;entscheidungen.csv
WZB_156va_3_3;wustenunge;lemma_59071;type_372825;ANLEGEN;entscheidungen.csv
WZB_159va_21_10;wustenunge;lemma_59071;type_372825;ANLEGEN;entscheidungen.csv
WZB_159vb_6_1;wustenunge;lemma_59071;type_372825;ANLEGEN;entscheidungen.csv
WZB_163rb_5_4;wustenunge;lemma_59071;type_372825;ANLEGEN;entscheidungen.csv
WZB_163rb_23_4;wustenunge;lemma_59071;type_372825;ANLEGEN;entscheidungen.csv
WZB_163vb_6_0;wustenunge;lemma_59071;type_372825;ANLEGEN;entscheidungen.csv
WZB_169va_22_1;wustenunge;lemma_59071;type_372825;ANLEGEN;entscheidungen.csv
WZB_169va_33_4;wustenunge;lemma_59071;type_372825;ANLEGEN;entscheidungen.csv
WZB_170vb_18_1;wustenunge;lemma_59071;type_372825;ANLEGEN;entscheidungen.csv
WZB_170vb_25_2;wustenunge;lemma_59071;type_372825;ANLEGEN;entscheidungen.csv
WZB_170vb_27_1;wustenunge;lemma_59071;type_372825;ANLEGEN;entscheidungen.csv
WZB_171ra_13_3;wustenunge;lemma_59071;type_372825;ANLEGEN;entscheidungen.csv
WZB_171rb_12_5;wustenunge;lemma_59071;type_372825;ANLEGEN;entscheidungen.csv
WZB_174va_16_1;wustenunge;lemma_59071;type_372825;ANLEGEN;entscheidungen.csv
WZB_175rb_23_0;wustenunge;lemma_59071;type_372825;ANLEGEN;entscheidungen.csv
WZB_175vb_11_0;wustenunge;lemma_59071;type_372825;ANLEGEN;entscheidungen.csv
WZB_176va_13_4;wustenunge;lemma_59071;type_372825;ANLEGEN;entscheidungen.csv
WZB_177va_14_1;wustenunge;lemma_59071;type_372825;ANLEGEN;entscheidungen.csv
WZB_178vb_12_1;wustenunge;lemma_59071;type_372825;ANLEGEN;entscheidungen.csv
WZB_178vb_14_1;wustenunge;lemma_59071;type_372825;ANLEGEN;entscheidungen.csv
WZB_180vb_36_2;wustenunge;lemma_59071;type_372825;ANLEGEN;entscheidungen.csv
WZB_181ra_30_1;wustenunge;lemma_59071;type_372825;ANLEGEN;entscheidungen.csv
WZB_185ra_21_2;wustenunge;lemma_59071;type_372825;ANLEGEN;entscheidungen.csv
WZB_185ra_29_0;wustenunge;lemma_59071;type_372825;ANLEGEN;entscheidungen.csv
WZB_186va_18_0;wustenunge;lemma_59071;type_372825;ANLEGEN;entscheidungen.csv
WZB_187vb_13_3;wustenunge;lemma_59071;type_372825;ANLEGEN;entscheidungen.csv
WZB_207ra_14_5;wustenunge;lemma_59071;type_372825;ANLEGEN;entscheidungen.csv
WZB_210vb_8_1;wustenunge;lemma_59071;type_372825;ANLEGEN;entscheidungen.csv
WZB_212ra_30_2;wustenunge;lemma_59071;type_372825;ANLEGEN;entscheidungen.csv
WZB_214ra_14_1;wustenunge;lemma_59071;type_372825;ANLEGEN;entscheidungen.csv
WZB_217va_34_4;wustenunge;lemma_59071;type_372825;ANLEGEN;entscheidungen.csv
WZB_217vb_5_6;wustenunge;lemma_59071;type_372825;ANLEGEN;entscheidungen.csv
WZB_217vb_8_0;wustenunge;lemma_59071;type_372825;ANLEGEN;entscheidungen.csv
WZB_221va_17_3;wustenunge;lemma_59071;type_372825;ANLEGEN;entscheidungen.csv
WZB_221vb_9_1;wustenunge;lemma_59071;type_372825;ANLEGEN;entscheidungen.csv
WZB_222ra_11_2;wustenunge;lemma_59071;type_372825;ANLEGEN;entscheidungen.csv
WZB_226vb_15_2;wustenunge;lemma_59071;type_372825;ANLEGEN;entscheidungen.csv
WZB_227ra_6_3;wustenunge;lemma_59071;type_372825;ANLEGEN;entscheidungen.csv
WZB_227rb_10_2;wustenunge;lemma_59071;type_372825;ANLEGEN;entscheidungen.csv
WZB_229ra_26_2;wustenunge;lemma_59071;type_372825;ANLEGEN;entscheidungen.csv
WZB_229rb_23_2;wustenunge;lemma_59071;type_372825;ANLEGEN;entscheidungen.csv
WZB_230vb_2_8;wustenunge;lemma_59071;type_372825;ANLEGEN;entscheidungen.csv
WZB_230vb_13_6;wustenunge;lemma_59071;type_372825;ANLEGEN;entscheidungen.csv
WZB_232va_22_0;wustenunge;lemma_59071;type_372825;ANLEGEN;entscheidungen.csv
WZB_234vb_4_3;wustenunge;lemma_59071;type_372825;ANLEGEN;entscheidungen.csv
WZB_235vb_14_4;wustenunge;lemma_59071;type_372825;ANLEGEN;entscheidungen.csv
WZB_238vb_9_2;wustenunge;lemma_59071;type_372825;ANLEGEN;entscheidungen.csv
WZB_14ra_31_1;wustnunge;lemma_59071;type_372826;ANLEGEN;entscheidungen.csv
WZB_115vb_25_5;wustnunge;lemma_59071;type_372826;ANLEGEN;entscheidungen.csv
WZB_147vb_13_5;wustnunge;lemma_59071;type_372826;ANLEGEN;entscheidungen.csv
WZB_163rb_8_4;wustnunge;lemma_59071;type_372826;ANLEGEN;entscheidungen.csv
WZB_172ra_13_5;wustnunge;lemma_59071;type_372826;ANLEGEN;entscheidungen.csv
WZB_176rb_3_5;wustnunge;lemma_59071;type_372826;ANLEGEN;entscheidungen.csv
WZB_176vb_8_4;wustnunge;lemma_59071;type_372826;ANLEGEN;entscheidungen.csv
WZB_184va_14_3;wustnunge;lemma_59071;type_372826;ANLEGEN;entscheidungen.csv
WZB_185va_29_4;wustnunge;lemma_59071;type_372826;ANLEGEN;entscheidungen.csv
WZB_216va_6_6;wustnunge;lemma_59071;type_372826;ANLEGEN;entscheidungen.csv
WZB_16rb_27_2;wŏlle;lemma_7473;type_372827;ANLEGEN;entscheidungen.csv
WZB_16va_22_0;wŏlle;lemma_7473;type_372827;ANLEGEN;entscheidungen.csv
WZB_25va_32_10;wŏlle;lemma_7473;type_372827;ANLEGEN;entscheidungen.csv
WZB_26vb_8_1;wŏlle;lemma_7473;type_372827;ANLEGEN;entscheidungen.csv
WZB_66rb_24_6;wŏlle;lemma_7473;type_372827;ANLEGEN;entscheidungen.csv
WZB_100rb_19_0;wŏlle;lemma_7473;type_372827;ANLEGEN;entscheidungen.csv
WZB_129rb_4_2;wŏlle;lemma_7473;type_372827;ANLEGEN;entscheidungen.csv
WZB_130ra_7_1;wŏlle;lemma_7473;type_372827;ANLEGEN;entscheidungen.csv
WZB_214va_32_0;wŏlle;lemma_7473;type_372827;ANLEGEN;entscheidungen.csv
WZB_214va_33_6;wŏlle;lemma_7473;type_372827;ANLEGEN;entscheidungen.csv
WZB_33va_23_4;wŏllen;lemma_7473;type_372828;ANLEGEN;entscheidungen.csv
WZB_34vb_16_3;wŏllen;lemma_7473;type_372828;ANLEGEN;entscheidungen.csv
WZB_74ra_34_4;wŏllen;lemma_7473;type_372828;ANLEGEN;entscheidungen.csv
WZB_78vb_16_0;wŏllen;lemma_7473;type_372828;ANLEGEN;entscheidungen.csv
WZB_16va_14_2;wŏllet;lemma_7473;type_372829;ANLEGEN;entscheidungen.csv
WZB_22va_7_2;wŏllet;lemma_7473;type_372829;ANLEGEN;entscheidungen.csv
WZB_34va_31_0;wŏllet;lemma_7473;type_372829;ANLEGEN;entscheidungen.csv
WZB_44va_12_4;wŏllet;lemma_7473;type_372829;ANLEGEN;entscheidungen.csv
WZB_238ra_31_8;wŏllet;lemma_7473;type_372829;ANLEGEN;entscheidungen.csv
WZB_34vb_3_0;wŏlt;lemma_7473;type_372830;ANLEGEN;entscheidungen.csv
WZB_45ra_14_7;wŏlt;lemma_7473;type_372830;ANLEGEN;entscheidungen.csv
WZB_46va_15_0;wŏlt;lemma_7473;type_372830;ANLEGEN;entscheidungen.csv
WZB_186rb_29_2;wŏlt;lemma_7473;type_372830;ANLEGEN;entscheidungen.csv
WZB_116rb_10_6;wŭnschet;lemma_7716;type_372831;ANLEGEN;entscheidungen.csv
WZB_116rb_17_4;wŭstenunge;lemma_59071;type_372832;ANLEGEN;entscheidungen.csv
WZB_149vb_18_2;wŭstenunge;lemma_59071;type_372832;ANLEGEN;entscheidungen.csv
WZB_188va_10_2;wŭstenunge;lemma_59071;type_372832;ANLEGEN;entscheidungen.csv
WZB_80va_33_4;xui;lemma_13826;type_372833;ANLEGEN;entscheidungen.csv
WZB_115rb_32_5;xui;lemma_13826;type_372833;ANLEGEN;entscheidungen.csv
WZB_149rb_12_4;xui;lemma_13826;type_372833;ANLEGEN;entscheidungen.csv
WZB_116vb_27_4;xuii;lemma_13826;type_372834;ANLEGEN;entscheidungen.csv
WZB_151rb_10_3;xuii;lemma_13826;type_372834;ANLEGEN;entscheidungen.csv
WZB_64ra_25_3;ycliche;lemma_3006;type_372835;ANLEGEN;entscheidungen.csv
WZB_70vb_8_4;ycliche;lemma_3006;type_372835;ANLEGEN;entscheidungen.csv
WZB_81rb_22_0;ycliche;lemma_3006;type_372835;ANLEGEN;entscheidungen.csv
WZB_87ra_3_0;ycliche;lemma_3006;type_372835;ANLEGEN;entscheidungen.csv
WZB_105ra_16_1;ycliche;lemma_3006;type_372835;ANLEGEN;entscheidungen.csv
WZB_109vb_10_1;ycliche;lemma_3006;type_372835;ANLEGEN;entscheidungen.csv
WZB_117rb_29_4;ycliche;lemma_3006;type_372835;ANLEGEN;entscheidungen.csv
WZB_118va_9_1;ycliche;lemma_3006;type_372835;ANLEGEN;entscheidungen.csv
WZB_123vb_19_5;ycliche;lemma_3006;type_372835;ANLEGEN;entscheidungen.csv
WZB_128va_12_3;ycliche;lemma_3006;type_372835;ANLEGEN;entscheidungen.csv
WZB_131rb_27_0;ycliche;lemma_3006;type_372835;ANLEGEN;entscheidungen.csv
WZB_134rb_24_3;ycliche;lemma_3006;type_372835;ANLEGEN;entscheidungen.csv
WZB_151rb_14_3;ycliche;lemma_3006;type_372835;ANLEGEN;entscheidungen.csv
WZB_151va_13_2;ycliche;lemma_3006;type_372835;ANLEGEN;entscheidungen.csv
WZB_151va_29_4;ycliche;lemma_3006;type_372835;ANLEGEN;entscheidungen.csv
WZB_172va_6_3;ycliche;lemma_3006;type_372835;ANLEGEN;entscheidungen.csv
WZB_175rb_5_0;ycliche;lemma_3006;type_372835;ANLEGEN;entscheidungen.csv
WZB_175va_12_1;ycliche;lemma_3006;type_372835;ANLEGEN;entscheidungen.csv
WZB_191va_7_1;ycliche;lemma_3006;type_372835;ANLEGEN;entscheidungen.csv
WZB_191va_25_1;ycliche;lemma_3006;type_372835;ANLEGEN;entscheidungen.csv
WZB_193va_34_1;ycliche;lemma_3006;type_372835;ANLEGEN;entscheidungen.csv
WZB_210va_32_3;ycliche;lemma_3006;type_372835;ANLEGEN;entscheidungen.csv
WZB_212ra_12_4;ycliche;lemma_3006;type_372835;ANLEGEN;entscheidungen.csv
WZB_214ra_10_9;ycliche;lemma_3006;type_372835;ANLEGEN;entscheidungen.csv
WZB_216va_30_3;ycliche;lemma_3006;type_372835;ANLEGEN;entscheidungen.csv
WZB_218va_18_0;ycliche;lemma_3006;type_372835;ANLEGEN;entscheidungen.csv
WZB_220rb_15_3;ycliche;lemma_3006;type_372835;ANLEGEN;entscheidungen.csv
WZB_235ra_5_2;ycliche;lemma_3006;type_372835;ANLEGEN;entscheidungen.csv
WZB_236ra_7_0;ycliche;lemma_3006;type_372835;ANLEGEN;entscheidungen.csv
WZB_236va_29_0;ycliche;lemma_3006;type_372835;ANLEGEN;entscheidungen.csv
WZB_239va_34_2;ycliche;lemma_3006;type_372835;ANLEGEN;entscheidungen.csv
WZB_7va_19_2;yeclichem;lemma_3006;type_372836;ANLEGEN;entscheidungen.csv
WZB_46ra_13_2;yeclichem;lemma_3006;type_372836;ANLEGEN;entscheidungen.csv
WZB_49vb_22_4;yeclichem;lemma_3006;type_372836;ANLEGEN;entscheidungen.csv
WZB_165va_21_2;yeclichem;lemma_3006;type_372836;ANLEGEN;entscheidungen.csv
WZB_44rb_5_5;yeclichen;lemma_3006;type_372837;ANLEGEN;entscheidungen.csv
WZB_52rb_5_6;yeclichen;lemma_3006;type_372837;ANLEGEN;entscheidungen.csv
WZB_104rb_30_2;yeclichen;lemma_3006;type_372837;ANLEGEN;entscheidungen.csv
WZB_227rb_6_3;yeclichen;lemma_3006;type_372837;ANLEGEN;entscheidungen.csv
WZB_5vb_13_5;yeclicher;lemma_3006;type_372838;ANLEGEN;entscheidungen.csv
WZB_5vb_17_5;yeclicher;lemma_3006;type_372838;ANLEGEN;entscheidungen.csv
WZB_14vb_9_2;yeclicher;lemma_3006;type_372838;ANLEGEN;entscheidungen.csv
WZB_44va_14_6;yeclicher;lemma_3006;type_372838;ANLEGEN;entscheidungen.csv
WZB_50ra_26_4;yeclicher;lemma_3006;type_372838;ANLEGEN;entscheidungen.csv
WZB_70va_28_0;yeclicher;lemma_3006;type_372838;ANLEGEN;entscheidungen.csv
WZB_70vb_18_3;yeclicher;lemma_3006;type_372838;ANLEGEN;entscheidungen.csv
WZB_71rb_5_5;yeclicher;lemma_3006;type_372838;ANLEGEN;entscheidungen.csv
WZB_81va_6_1;yeclicher;lemma_3006;type_372838;ANLEGEN;entscheidungen.csv
WZB_83vb_5_4;yeclicher;lemma_3006;type_372838;ANLEGEN;entscheidungen.csv
WZB_154ra_10_5;yeclicher;lemma_3006;type_372838;ANLEGEN;entscheidungen.csv
WZB_3ra_9_4;yecliches;lemma_3006;type_372839;ANLEGEN;entscheidungen.csv
WZB_8ra_11_5;yeclichs;lemma_3006;type_372840;ANLEGEN;entscheidungen.csv
WZB_42rb_4_1;ŏchsen;lemma_4480;type_372841;ANLEGEN;entscheidungen.csv
WZB_27ra_2_3;ŏhems;lemma_4472;type_372842;ANLEGEN;entscheidungen.csv
WZB_28ra_6_2;ŏhems;lemma_4472;type_372842;ANLEGEN;entscheidungen.csv
WZB_120rb_29_3;ŏhems;lemma_4472;type_372842;ANLEGEN;entscheidungen.csv
WZB_35vb_4_2;ŏl;lemma_4455;type_372843;ANLEGEN;entscheidungen.csv
WZB_82vb_25_4;ŏl;lemma_4455;type_372843;ANLEGEN;entscheidungen.csv
WZB_82vb_26_0;ŏl;lemma_4455;type_372843;ANLEGEN;entscheidungen.csv
WZB_85ra_5_2;ŏl;lemma_4455;type_372843;ANLEGEN;entscheidungen.csv
WZB_85va_24_1;ŏl;lemma_4455;type_372843;ANLEGEN;entscheidungen.csv
WZB_85va_25_2;ŏl;lemma_4455;type_372843;ANLEGEN;entscheidungen.csv
WZB_86rb_12_1;ŏl;lemma_4455;type_372843;ANLEGEN;entscheidungen.csv
WZB_86rb_12_5;ŏl;lemma_4455;type_372843;ANLEGEN;entscheidungen.csv
WZB_87rb_20_2;ŏl;lemma_4455;type_372843;ANLEGEN;entscheidungen.csv
WZB_87rb_22_5;ŏl;lemma_4455;type_372843;ANLEGEN;entscheidungen.csv
WZB_87va_7_1;ŏl;lemma_4455;type_372843;ANLEGEN;entscheidungen.csv
WZB_88ra_22_1;ŏl;lemma_4455;type_372843;ANLEGEN;entscheidungen.csv
WZB_92vb_10_5;ŏl;lemma_4455;type_372843;ANLEGEN;entscheidungen.csv
WZB_92vb_13_4;ŏl;lemma_4455;type_372843;ANLEGEN;entscheidungen.csv
WZB_93rb_7_4;ŏl;lemma_4455;type_372843;ANLEGEN;entscheidungen.csv
WZB_97vb_7_0;ŏl;lemma_4455;type_372843;ANLEGEN;entscheidungen.csv
WZB_98ra_29_1;ŏl;lemma_4455;type_372843;ANLEGEN;entscheidungen.csv
WZB_99vb_16_6;ŏl;lemma_4455;type_372843;ANLEGEN;entscheidungen.csv
WZB_99vb_34_2;ŏl;lemma_4455;type_372843;ANLEGEN;entscheidungen.csv
WZB_100ra_2_1;ŏl;lemma_4455;type_372843;ANLEGEN;entscheidungen.csv
WZB_100rb_9_2;ŏl;lemma_4455;type_372843;ANLEGEN;entscheidungen.csv
WZB_102vb_3_2;ŏl;lemma_4455;type_372843;ANLEGEN;entscheidungen.csv
WZB_103vb_16_3;ŏl;lemma_4455;type_372843;ANLEGEN;entscheidungen.csv
WZB_108rb_3_5;ŏl;lemma_4455;type_372843;ANLEGEN;entscheidungen.csv
WZB_121ra_21_2;ŏl;lemma_4455;type_372843;ANLEGEN;entscheidungen.csv
WZB_121ra_34_1;ŏl;lemma_4455;type_372843;ANLEGEN;entscheidungen.csv
WZB_134ra_11_4;ŏl;lemma_4455;type_372843;ANLEGEN;entscheidungen.csv
WZB_134ra_16_3;ŏl;lemma_4455;type_372843;ANLEGEN;entscheidungen.csv
WZB_137vb_11_1;ŏl;lemma_4455;type_372843;ANLEGEN;entscheidungen.csv
WZB_138ra_12_2;ŏl;lemma_4455;type_372843;ANLEGEN;entscheidungen.csv
WZB_138ra_35_0;ŏl;lemma_4455;type_372843;ANLEGEN;entscheidungen.csv
WZB_165ra_18_2;ŏl;lemma_4455;type_372843;ANLEGEN;entscheidungen.csv
WZB_165vb_12_4;ŏl;lemma_4455;type_372843;ANLEGEN;entscheidungen.csv
WZB_188ra_36_2;ŏl;lemma_4455;type_372843;ANLEGEN;entscheidungen.csv
WZB_27va_21_6;ŏle;lemma_4455;type_372844;ANLEGEN;entscheidungen.csv
WZB_79va_7_3;ŏle;lemma_4455;type_372844;ANLEGEN;entscheidungen.csv
WZB_84vb_6_2;ŏle;lemma_4455;type_372844;ANLEGEN;entscheidungen.csv
WZB_98ra_21_7;ŏle;lemma_4455;type_372844;ANLEGEN;entscheidungen.csv
WZB_103va_17_5;ŏle;lemma_4455;type_372844;ANLEGEN;entscheidungen.csv
WZB_104va_6_2;ŏle;lemma_4455;type_372844;ANLEGEN;entscheidungen.csv
WZB_104va_9_0;ŏle;lemma_4455;type_372844;ANLEGEN;entscheidungen.csv
WZB_105rb_33_4;ŏle;lemma_4455;type_372844;ANLEGEN;entscheidungen.csv
WZB_105va_30_1;ŏle;lemma_4455;type_372844;ANLEGEN;entscheidungen.csv
WZB_106va_4_2;ŏle;lemma_4455;type_372844;ANLEGEN;entscheidungen.csv
WZB_107ra_18_1;ŏle;lemma_4455;type_372844;ANLEGEN;entscheidungen.csv
WZB_124rb_32_3;ŏle;lemma_4455;type_372844;ANLEGEN;entscheidungen.csv
WZB_136vb_23_5;ŏle;lemma_4455;type_372844;ANLEGEN;entscheidungen.csv
WZB_136vb_25_1;ŏle;lemma_4455;type_372844;ANLEGEN;entscheidungen.csv
WZB_138rb_19_2;ŏle;lemma_4455;type_372844;ANLEGEN;entscheidungen.csv
WZB_138va_3_3;ŏle;lemma_4455;type_372844;ANLEGEN;entscheidungen.csv
WZB_139ra_10_2;ŏle;lemma_4455;type_372844;ANLEGEN;entscheidungen.csv
WZB_139rb_10_3;ŏle;lemma_4455;type_372844;ANLEGEN;entscheidungen.csv
WZB_139va_20_1;ŏle;lemma_4455;type_372844;ANLEGEN;entscheidungen.csv
WZB_148rb_25_0;ŏle;lemma_4455;type_372844;ANLEGEN;entscheidungen.csv
WZB_164rb_3_0;ŏle;lemma_4455;type_372844;ANLEGEN;entscheidungen.csv
WZB_184ra_3_1;ŏle;lemma_4455;type_372844;ANLEGEN;entscheidungen.csv
WZB_206ra_5_2;ŏle;lemma_4455;type_372844;ANLEGEN;entscheidungen.csv
WZB_213ra_26_4;ŏle;lemma_4455;type_372844;ANLEGEN;entscheidungen.csv
WZB_26rb_5_5;ŏles;lemma_4455;type_372845;ANLEGEN;entscheidungen.csv
WZB_113rb_7_6;ŏls;lemma_4455;type_372846;ANLEGEN;entscheidungen.csv
WZB_84rb_10_1;ŏpfel;lemma_261;type_372847;ANLEGEN;entscheidungen.csv
WZB_127vb_25_1;ŏpfel;lemma_261;type_372847;ANLEGEN;entscheidungen.csv
WZB_146ra_29_4;ŏpfel;lemma_261;type_372847;ANLEGEN;entscheidungen.csv
WZB_154rb_7_0;ŏpfel;lemma_261;type_372847;ANLEGEN;entscheidungen.csv
WZB_127rb_4_1;ŏpfeln;lemma_261;type_372848;ANLEGEN;entscheidungen.csv
WZB_63va_18_6;ŏpfil;lemma_261;type_372849;ANLEGEN;entscheidungen.csv
WZB_97rb_26_1;ŏpfil;lemma_261;type_372849;ANLEGEN;entscheidungen.csv
WZB_97rb_32_0;ŏpfil;lemma_261;type_372849;ANLEGEN;entscheidungen.csv
WZB_119ra_37_2;ŏpfil;lemma_261;type_372849;ANLEGEN;entscheidungen.csv
WZB_119rb_1_7;ŏpfil;lemma_261;type_372849;ANLEGEN;entscheidungen.csv
WZB_119rb_9_2;ŏpfil;lemma_261;type_372849;ANLEGEN;entscheidungen.csv
WZB_130ra_5_0;ŏpfil;lemma_261;type_372849;ANLEGEN;entscheidungen.csv
WZB_197va_19_1;ŏpfil;lemma_261;type_372849;ANLEGEN;entscheidungen.csv
WZB_75rb_37_4;ŏre;lemma_4447;type_372850;ANLEGEN;entscheidungen.csv
WZB_192va_9_5;ŏre;lemma_4447;type_372850;ANLEGEN;entscheidungen.csv
WZB_62vb_26_3;ŏren;lemma_4447;type_372851;ANLEGEN;entscheidungen.csv
WZB_21va_7_4;ŏrringe;lemma_4448;type_372852;ANLEGEN;entscheidungen.csv
WZB_21va_35_3;ŏrringe;lemma_4448;type_372852;ANLEGEN;entscheidungen.csv
WZB_22rb_16_3;ŏrringe;lemma_4448;type_372852;ANLEGEN;entscheidungen.csv
WZB_35rb_29_3;ŏrringe;lemma_4448;type_372852;ANLEGEN;entscheidungen.csv
WZB_88va_3_2;ŏrringe;lemma_4448;type_372852;ANLEGEN;entscheidungen.csv
WZB_93ra_6_5;ŏrringe;lemma_4448;type_372852;ANLEGEN;entscheidungen.csv
WZB_12va_2_5;ŏsten;lemma_4449;type_372853;ANLEGEN;entscheidungen.csv
WZB_27rb_21_1;ŏsten;lemma_4449;type_372853;ANLEGEN;entscheidungen.csv
WZB_27vb_3_4;ŏsten;lemma_4449;type_372853;ANLEGEN;entscheidungen.csv
WZB_225vb_20_2;ŏsten;lemma_4449;type_372853;ANLEGEN;entscheidungen.csv
WZB_227ra_7_4;ŏsten;lemma_4449;type_372853;ANLEGEN;entscheidungen.csv
WZB_228va_31_0;ŏsten;lemma_4449;type_372853;ANLEGEN;entscheidungen.csv
WZB_229va_7_4;ŏsten;lemma_4449;type_372853;ANLEGEN;entscheidungen.csv
WZB_230vb_28_2;ŏsten;lemma_4449;type_372853;ANLEGEN;entscheidungen.csv
WZB_231ra_3_0;ŏsten;lemma_4449;type_372853;ANLEGEN;entscheidungen.csv
WZB_231ra_4_2;ŏsten;lemma_4449;type_372853;ANLEGEN;entscheidungen.csv
WZB_231va_29_2;ŏsten;lemma_4449;type_372853;ANLEGEN;entscheidungen.csv
